SKU,date,time_idx,step,pred_qty
9101dx,2025-11-26,670,0,0.23
9101dx,2025-11-27,671,1,0.47
9101dx,2025-11-28,672,2,0.59
9101dx,2025-11-29,673,3,0.66
9101dx,2025-11-30,674,4,0.23
9101dx,2025-12-01,675,5,0.11
9101dx,2025-12-02,676,6,0.82
9101dx,2025-12-03,677,7,0.47
9101dx,2025-12-04,678,8,0.33
9101dx,2025-12-05,679,9,0.12
9101dx,2025-12-06,680,10,0.02
9101dx,2025-12-07,681,11,0.0
9101dx,2025-12-08,682,12,0.0
9101dx,2025-12-09,683,13,0.05
9101dx,2025-12-10,684,14,0.0
9101dx,2025-12-11,685,15,0.01
9101dx,2025-12-12,686,16,0.0
9101dx,2025-12-13,687,17,0.01
9101dx,2025-12-14,688,18,0.0
9101dx,2025-12-15,689,19,0.01
9101dx,2025-12-16,690,20,0.02
9101dx,2025-12-17,691,21,0.02
9101dx,2025-12-18,692,22,0.02
9101dx,2025-12-19,693,23,0.0
9101dx,2025-12-20,694,24,0.01
9101dx,2025-12-21,695,25,0.0
9101dx,2025-12-22,696,26,0.0
9101dx,2025-12-23,697,27,0.18
9101dx,2025-12-24,698,28,0.02
9101dx,2025-12-25,699,29,0.0
9101dx,2025-12-26,700,30,0.0
9101dx,2025-12-27,701,31,0.0
9101dx,2025-12-28,702,32,0.0
9101dx,2025-12-29,703,33,0.0
9101dx,2025-12-30,704,34,0.24
9101dx,2025-12-31,705,35,0.04
9101dx,2026-01-01,706,36,0.0
9101dx,2026-01-02,707,37,0.01
9101dx,2026-01-03,708,38,0.04
9101dx,2026-01-04,709,39,0.01
9101dx,2026-01-05,710,40,0.0
9101dx,2026-01-06,711,41,0.16
9101dx,2026-01-07,712,42,0.02
9101dx,2026-01-08,713,43,0.01
9101dx,2026-01-09,714,44,0.0
9101dx,2026-01-10,715,45,0.0
9101dx,2026-01-11,716,46,0.0
9101dx,2026-01-12,717,47,0.0
9101dx,2026-01-13,718,48,0.19
9101dx,2026-01-14,719,49,0.03
9101dx,2026-01-15,720,50,0.0
9101dx,2026-01-16,721,51,0.01
9101dx,2026-01-17,722,52,0.0
9101dx,2026-01-18,723,53,0.0
9101dx,2026-01-19,724,54,0.01
9101dx,2026-01-20,725,55,0.12
9101dx,2026-01-21,726,56,0.03
9101dx,2026-01-22,727,57,0.03
9101dx,2026-01-23,728,58,0.01
9101dx,2026-01-24,729,59,0.02
9101dx,2026-01-25,730,60,0.0
9101dx,2026-01-26,731,61,0.0
9101dx,2026-01-27,732,62,0.14
9101dx,2026-01-28,733,63,0.0
9101dx,2026-01-29,734,64,0.03
9101dx,2026-01-30,735,65,0.02
9101dx,2026-01-31,736,66,0.01
9101dx,2026-02-01,737,67,0.0
9101dx,2026-02-02,738,68,0.0
9101dx,2026-02-03,739,69,0.04
9101dx,2026-02-04,740,70,0.01
9101dx,2026-02-05,741,71,0.01
9101dx,2026-02-06,742,72,0.01
9101dx,2026-02-07,743,73,0.03
9101dx,2026-02-08,744,74,0.0
9101dx,2026-02-09,745,75,0.0
9101dx,2026-02-10,746,76,0.12
9101dx,2026-02-11,747,77,0.0
9101dx,2026-02-12,748,78,0.02
9101dx,2026-02-13,749,79,0.02
9101dx,2026-02-14,750,80,0.09
9101dx,2026-02-15,751,81,0.0
9101dx,2026-02-16,752,82,0.0
9101dx,2026-02-17,753,83,0.15
9101dx,2026-02-18,754,84,0.04
9101dx,2026-02-19,755,85,0.15
9101dx,2026-02-20,756,86,0.1
9101dx,2026-02-21,757,87,0.09
9101dx,2026-02-22,758,88,0.01
9101dx,2026-02-23,759,89,0.01
9101dx,2026-02-24,760,90,0.41
9101dx,2026-02-25,761,91,0.16
9101dx,2026-02-26,762,92,0.21
9101dx,2026-02-27,763,93,0.17
9101dx,2026-02-28,764,94,0.19
9101dx,2026-03-01,765,95,0.03
9101dx,2026-03-02,766,96,0.02
9101dx,2026-03-03,767,97,0.85
9101dx,2026-03-04,768,98,0.23
9101dx,2026-03-05,769,99,0.15
9101fz,2025-11-26,670,0,0.0
9101fz,2025-11-27,671,1,0.02
9101fz,2025-11-28,672,2,0.03
9101fz,2025-11-29,673,3,0.01
9101fz,2025-11-30,674,4,0.02
9101fz,2025-12-01,675,5,0.01
9101fz,2025-12-02,676,6,0.54
9101fz,2025-12-03,677,7,0.05
9101fz,2025-12-04,678,8,0.01
9101fz,2025-12-05,679,9,0.04
9101fz,2025-12-06,680,10,0.01
9101fz,2025-12-07,681,11,0.0
9101fz,2025-12-08,682,12,0.0
9101fz,2025-12-09,683,13,0.06
9101fz,2025-12-10,684,14,0.0
9101fz,2025-12-11,685,15,0.0
9101fz,2025-12-12,686,16,0.04
9101fz,2025-12-13,687,17,0.0
9101fz,2025-12-14,688,18,0.01
9101fz,2025-12-15,689,19,0.01
9101fz,2025-12-16,690,20,0.06
9101fz,2025-12-17,691,21,0.02
9101fz,2025-12-18,692,22,0.0
9101fz,2025-12-19,693,23,0.0
9101fz,2025-12-20,694,24,0.0
9101fz,2025-12-21,695,25,0.0
9101fz,2025-12-22,696,26,0.0
9101fz,2025-12-23,697,27,0.02
9101fz,2025-12-24,698,28,0.01
9101fz,2025-12-25,699,29,0.0
9101fz,2025-12-26,700,30,0.0
9101fz,2025-12-27,701,31,0.0
9101fz,2025-12-28,702,32,0.0
9101fz,2025-12-29,703,33,0.0
9101fz,2025-12-30,704,34,0.05
9101fz,2025-12-31,705,35,0.0
9101fz,2026-01-01,706,36,0.0
9101fz,2026-01-02,707,37,0.01
9101fz,2026-01-03,708,38,0.0
9101fz,2026-01-04,709,39,0.0
9101fz,2026-01-05,710,40,0.01
9101fz,2026-01-06,711,41,0.21
9101fz,2026-01-07,712,42,0.03
9101fz,2026-01-08,713,43,0.0
9101fz,2026-01-09,714,44,0.01
9101fz,2026-01-10,715,45,0.02
9101fz,2026-01-11,716,46,0.0
9101fz,2026-01-12,717,47,0.0
9101fz,2026-01-13,718,48,0.19
9101fz,2026-01-14,719,49,0.02
9101fz,2026-01-15,720,50,0.01
9101fz,2026-01-16,721,51,0.02
9101fz,2026-01-17,722,52,0.01
9101fz,2026-01-18,723,53,0.01
9101fz,2026-01-19,724,54,0.0
9101fz,2026-01-20,725,55,0.22
9101fz,2026-01-21,726,56,0.01
9101fz,2026-01-22,727,57,0.05
9101fz,2026-01-23,728,58,0.05
9101fz,2026-01-24,729,59,0.02
9101fz,2026-01-25,730,60,0.0
9101fz,2026-01-26,731,61,0.01
9101fz,2026-01-27,732,62,0.34
9101fz,2026-01-28,733,63,0.02
9101fz,2026-01-29,734,64,0.07
9101fz,2026-01-30,735,65,0.03
9101fz,2026-01-31,736,66,0.01
9101fz,2026-02-01,737,67,0.01
9101fz,2026-02-02,738,68,0.0
9101fz,2026-02-03,739,69,0.04
9101fz,2026-02-04,740,70,0.02
9101fz,2026-02-05,741,71,0.01
9101fz,2026-02-06,742,72,0.02
9101fz,2026-02-07,743,73,0.0
9101fz,2026-02-08,744,74,0.0
9101fz,2026-02-09,745,75,0.0
9101fz,2026-02-10,746,76,0.01
9101fz,2026-02-11,747,77,0.0
9101fz,2026-02-12,748,78,0.01
9101fz,2026-02-13,749,79,0.0
9101fz,2026-02-14,750,80,0.0
9101fz,2026-02-15,751,81,0.0
9101fz,2026-02-16,752,82,0.0
9101fz,2026-02-17,753,83,0.08
9101fz,2026-02-18,754,84,0.0
9101fz,2026-02-19,755,85,0.01
9101fz,2026-02-20,756,86,0.01
9101fz,2026-02-21,757,87,0.0
9101fz,2026-02-22,758,88,0.0
9101fz,2026-02-23,759,89,0.0
9101fz,2026-02-24,760,90,0.08
9101fz,2026-02-25,761,91,0.02
9101fz,2026-02-26,762,92,0.03
9101fz,2026-02-27,763,93,0.0
9101fz,2026-02-28,764,94,0.01
9101fz,2026-03-01,765,95,0.0
9101fz,2026-03-02,766,96,0.0
9101fz,2026-03-03,767,97,0.21
9101fz,2026-03-04,768,98,0.0
9101fz,2026-03-05,769,99,0.02
9101sf,2025-11-26,670,0,0.02
9101sf,2025-11-27,671,1,0.02
9101sf,2025-11-28,672,2,0.0
9101sf,2025-11-29,673,3,0.16
9101sf,2025-11-30,674,4,0.02
9101sf,2025-12-01,675,5,0.01
9101sf,2025-12-02,676,6,0.35
9101sf,2025-12-03,677,7,0.12
9101sf,2025-12-04,678,8,0.08
9101sf,2025-12-05,679,9,0.12
9101sf,2025-12-06,680,10,0.1
9101sf,2025-12-07,681,11,0.03
9101sf,2025-12-08,682,12,0.0
9101sf,2025-12-09,683,13,0.13
9101sf,2025-12-10,684,14,0.05
9101sf,2025-12-11,685,15,0.0
9101sf,2025-12-12,686,16,0.01
9101sf,2025-12-13,687,17,0.0
9101sf,2025-12-14,688,18,0.0
9101sf,2025-12-15,689,19,0.01
9101sf,2025-12-16,690,20,0.01
9101sf,2025-12-17,691,21,0.01
9101sf,2025-12-18,692,22,0.01
9101sf,2025-12-19,693,23,0.0
9101sf,2025-12-20,694,24,0.01
9101sf,2025-12-21,695,25,0.0
9101sf,2025-12-22,696,26,0.0
9101sf,2025-12-23,697,27,0.02
9101sf,2025-12-24,698,28,0.0
9101sf,2025-12-25,699,29,0.0
9101sf,2025-12-26,700,30,0.0
9101sf,2025-12-27,701,31,0.0
9101sf,2025-12-28,702,32,0.0
9101sf,2025-12-29,703,33,0.0
9101sf,2025-12-30,704,34,0.0
9101sf,2025-12-31,705,35,0.0
9101sf,2026-01-01,706,36,0.0
9101sf,2026-01-02,707,37,0.0
9101sf,2026-01-03,708,38,0.0
9101sf,2026-01-04,709,39,0.01
9101sf,2026-01-05,710,40,0.01
9101sf,2026-01-06,711,41,0.0
9101sf,2026-01-07,712,42,0.02
9101sf,2026-01-08,713,43,0.0
9101sf,2026-01-09,714,44,0.0
9101sf,2026-01-10,715,45,0.0
9101sf,2026-01-11,716,46,0.0
9101sf,2026-01-12,717,47,0.0
9101sf,2026-01-13,718,48,0.02
9101sf,2026-01-14,719,49,0.0
9101sf,2026-01-15,720,50,0.03
9101sf,2026-01-16,721,51,0.0
9101sf,2026-01-17,722,52,0.0
9101sf,2026-01-18,723,53,0.0
9101sf,2026-01-19,724,54,0.0
9101sf,2026-01-20,725,55,0.07
9101sf,2026-01-21,726,56,0.02
9101sf,2026-01-22,727,57,0.03
9101sf,2026-01-23,728,58,0.01
9101sf,2026-01-24,729,59,0.0
9101sf,2026-01-25,730,60,0.0
9101sf,2026-01-26,731,61,0.0
9101sf,2026-01-27,732,62,0.03
9101sf,2026-01-28,733,63,0.01
9101sf,2026-01-29,734,64,0.06
9101sf,2026-01-30,735,65,0.03
9101sf,2026-01-31,736,66,0.06
9101sf,2026-02-01,737,67,0.0
9101sf,2026-02-02,738,68,0.0
9101sf,2026-02-03,739,69,0.04
9101sf,2026-02-04,740,70,0.01
9101sf,2026-02-05,741,71,0.0
9101sf,2026-02-06,742,72,0.0
9101sf,2026-02-07,743,73,0.0
9101sf,2026-02-08,744,74,0.0
9101sf,2026-02-09,745,75,0.0
9101sf,2026-02-10,746,76,0.05
9101sf,2026-02-11,747,77,0.0
9101sf,2026-02-12,748,78,0.0
9101sf,2026-02-13,749,79,0.01
9101sf,2026-02-14,750,80,0.0
9101sf,2026-02-15,751,81,0.0
9101sf,2026-02-16,752,82,0.0
9101sf,2026-02-17,753,83,0.04
9101sf,2026-02-18,754,84,0.03
9101sf,2026-02-19,755,85,0.07
9101sf,2026-02-20,756,86,0.32
9101sf,2026-02-21,757,87,0.29
9101sf,2026-02-22,758,88,0.03
9101sf,2026-02-23,759,89,0.06
9101sf,2026-02-24,760,90,0.59
9101sf,2026-02-25,761,91,0.17
9101sf,2026-02-26,762,92,0.21
9101sf,2026-02-27,763,93,0.19
9101sf,2026-02-28,764,94,0.07
9101sf,2026-03-01,765,95,0.04
9101sf,2026-03-02,766,96,0.01
9101sf,2026-03-03,767,97,0.33
9101sf,2026-03-04,768,98,0.07
9101sf,2026-03-05,769,99,0.1
9101ub,2025-11-26,670,0,0.13
9101ub,2025-11-27,671,1,0.16
9101ub,2025-11-28,672,2,0.14
9101ub,2025-11-29,673,3,0.33
9101ub,2025-11-30,674,4,0.11
9101ub,2025-12-01,675,5,0.13
9101ub,2025-12-02,676,6,0.61
9101ub,2025-12-03,677,7,0.26
9101ub,2025-12-04,678,8,0.12
9101ub,2025-12-05,679,9,0.12
9101ub,2025-12-06,680,10,0.07
9101ub,2025-12-07,681,11,0.01
9101ub,2025-12-08,682,12,0.0
9101ub,2025-12-09,683,13,0.18
9101ub,2025-12-10,684,14,0.01
9101ub,2025-12-11,685,15,0.01
9101ub,2025-12-12,686,16,0.05
9101ub,2025-12-13,687,17,0.01
9101ub,2025-12-14,688,18,0.0
9101ub,2025-12-15,689,19,0.01
9101ub,2025-12-16,690,20,0.17
9101ub,2025-12-17,691,21,0.05
9101ub,2025-12-18,692,22,0.04
9101ub,2025-12-19,693,23,0.01
9101ub,2025-12-20,694,24,0.02
9101ub,2025-12-21,695,25,0.01
9101ub,2025-12-22,696,26,0.01
9101ub,2025-12-23,697,27,0.44
9101ub,2025-12-24,698,28,0.06
9101ub,2025-12-25,699,29,0.03
9101ub,2025-12-26,700,30,0.03
9101ub,2025-12-27,701,31,0.02
9101ub,2025-12-28,702,32,0.0
9101ub,2025-12-29,703,33,0.0
9101ub,2025-12-30,704,34,0.32
9101ub,2025-12-31,705,35,0.06
9101ub,2026-01-01,706,36,0.03
9101ub,2026-01-02,707,37,0.05
9101ub,2026-01-03,708,38,0.0
9101ub,2026-01-04,709,39,0.0
9101ub,2026-01-05,710,40,0.0
9101ub,2026-01-06,711,41,0.17
9101ub,2026-01-07,712,42,0.05
9101ub,2026-01-08,713,43,0.04
9101ub,2026-01-09,714,44,0.06
9101ub,2026-01-10,715,45,0.02
9101ub,2026-01-11,716,46,0.0
9101ub,2026-01-12,717,47,0.0
9101ub,2026-01-13,718,48,0.28
9101ub,2026-01-14,719,49,0.06
9101ub,2026-01-15,720,50,0.03
9101ub,2026-01-16,721,51,0.05
9101ub,2026-01-17,722,52,0.02
9101ub,2026-01-18,723,53,0.02
9101ub,2026-01-19,724,54,0.01
9101ub,2026-01-20,725,55,0.36
9101ub,2026-01-21,726,56,0.02
9101ub,2026-01-22,727,57,0.04
9101ub,2026-01-23,728,58,0.02
9101ub,2026-01-24,729,59,0.02
9101ub,2026-01-25,730,60,0.01
9101ub,2026-01-26,731,61,0.0
9101ub,2026-01-27,732,62,0.36
9101ub,2026-01-28,733,63,0.09
9101ub,2026-01-29,734,64,0.08
9101ub,2026-01-30,735,65,0.1
9101ub,2026-01-31,736,66,0.02
9101ub,2026-02-01,737,67,0.01
9101ub,2026-02-02,738,68,0.0
9101ub,2026-02-03,739,69,0.26
9101ub,2026-02-04,740,70,0.04
9101ub,2026-02-05,741,71,0.1
9101ub,2026-02-06,742,72,0.18
9101ub,2026-02-07,743,73,0.21
9101ub,2026-02-08,744,74,0.02
9101ub,2026-02-09,745,75,0.0
9101ub,2026-02-10,746,76,0.5
9101ub,2026-02-11,747,77,0.06
9101ub,2026-02-12,748,78,0.06
9101ub,2026-02-13,749,79,0.13
9101ub,2026-02-14,750,80,0.11
9101ub,2026-02-15,751,81,0.02
9101ub,2026-02-16,752,82,0.0
9101ub,2026-02-17,753,83,0.35
9101ub,2026-02-18,754,84,0.05
9101ub,2026-02-19,755,85,0.07
9101ub,2026-02-20,756,86,0.13
9101ub,2026-02-21,757,87,0.24
9101ub,2026-02-22,758,88,0.01
9101ub,2026-02-23,759,89,0.0
9101ub,2026-02-24,760,90,0.43
9101ub,2026-02-25,761,91,0.12
9101ub,2026-02-26,762,92,0.21
9101ub,2026-02-27,763,93,0.19
9101ub,2026-02-28,764,94,0.22
9101ub,2026-03-01,765,95,0.02
9101ub,2026-03-02,766,96,0.01
9101ub,2026-03-03,767,97,0.74
9101ub,2026-03-04,768,98,0.17
9101ub,2026-03-05,769,99,0.17
9102dx,2025-11-26,670,0,0.03
9102dx,2025-11-27,671,1,0.06
9102dx,2025-11-28,672,2,0.1
9102dx,2025-11-29,673,3,0.21
9102dx,2025-11-30,674,4,0.06
9102dx,2025-12-01,675,5,0.04
9102dx,2025-12-02,676,6,1.04
9102dx,2025-12-03,677,7,0.47
9102dx,2025-12-04,678,8,0.48
9102dx,2025-12-05,679,9,0.49
9102dx,2025-12-06,680,10,0.34
9102dx,2025-12-07,681,11,0.0
9102dx,2025-12-08,682,12,0.0
9102dx,2025-12-09,683,13,0.15
9102dx,2025-12-10,684,14,0.03
9102dx,2025-12-11,685,15,0.0
9102dx,2025-12-12,686,16,0.03
9102dx,2025-12-13,687,17,0.02
9102dx,2025-12-14,688,18,0.0
9102dx,2025-12-15,689,19,0.0
9102dx,2025-12-16,690,20,0.15
9102dx,2025-12-17,691,21,0.0
9102dx,2025-12-18,692,22,0.0
9102dx,2025-12-19,693,23,0.0
9102dx,2025-12-20,694,24,0.0
9102dx,2025-12-21,695,25,0.01
9102dx,2025-12-22,696,26,0.0
9102dx,2025-12-23,697,27,0.04
9102dx,2025-12-24,698,28,0.0
9102dx,2025-12-25,699,29,0.0
9102dx,2025-12-26,700,30,0.0
9102dx,2025-12-27,701,31,0.0
9102dx,2025-12-28,702,32,0.0
9102dx,2025-12-29,703,33,0.0
9102dx,2025-12-30,704,34,0.05
9102dx,2025-12-31,705,35,0.0
9102dx,2026-01-01,706,36,0.0
9102dx,2026-01-02,707,37,0.0
9102dx,2026-01-03,708,38,0.0
9102dx,2026-01-04,709,39,0.0
9102dx,2026-01-05,710,40,0.0
9102dx,2026-01-06,711,41,0.05
9102dx,2026-01-07,712,42,0.0
9102dx,2026-01-08,713,43,0.0
9102dx,2026-01-09,714,44,0.0
9102dx,2026-01-10,715,45,0.0
9102dx,2026-01-11,716,46,0.0
9102dx,2026-01-12,717,47,0.0
9102dx,2026-01-13,718,48,0.02
9102dx,2026-01-14,719,49,0.0
9102dx,2026-01-15,720,50,0.0
9102dx,2026-01-16,721,51,0.01
9102dx,2026-01-17,722,52,0.0
9102dx,2026-01-18,723,53,0.0
9102dx,2026-01-19,724,54,0.0
9102dx,2026-01-20,725,55,0.0
9102dx,2026-01-21,726,56,0.0
9102dx,2026-01-22,727,57,0.0
9102dx,2026-01-23,728,58,0.0
9102dx,2026-01-24,729,59,0.0
9102dx,2026-01-25,730,60,0.0
9102dx,2026-01-26,731,61,0.0
9102dx,2026-01-27,732,62,0.0
9102dx,2026-01-28,733,63,0.0
9102dx,2026-01-29,734,64,0.02
9102dx,2026-01-30,735,65,0.0
9102dx,2026-01-31,736,66,0.0
9102dx,2026-02-01,737,67,0.0
9102dx,2026-02-02,738,68,0.0
9102dx,2026-02-03,739,69,0.0
9102dx,2026-02-04,740,70,0.01
9102dx,2026-02-05,741,71,0.0
9102dx,2026-02-06,742,72,0.0
9102dx,2026-02-07,743,73,0.0
9102dx,2026-02-08,744,74,0.0
9102dx,2026-02-09,745,75,0.0
9102dx,2026-02-10,746,76,0.0
9102dx,2026-02-11,747,77,0.0
9102dx,2026-02-12,748,78,0.0
9102dx,2026-02-13,749,79,0.0
9102dx,2026-02-14,750,80,0.0
9102dx,2026-02-15,751,81,0.0
9102dx,2026-02-16,752,82,0.0
9102dx,2026-02-17,753,83,0.0
9102dx,2026-02-18,754,84,0.0
9102dx,2026-02-19,755,85,0.0
9102dx,2026-02-20,756,86,0.01
9102dx,2026-02-21,757,87,0.01
9102dx,2026-02-22,758,88,0.0
9102dx,2026-02-23,759,89,0.01
9102dx,2026-02-24,760,90,0.02
9102dx,2026-02-25,761,91,0.0
9102dx,2026-02-26,762,92,0.0
9102dx,2026-02-27,763,93,0.03
9102dx,2026-02-28,764,94,0.06
9102dx,2026-03-01,765,95,0.0
9102dx,2026-03-02,766,96,0.0
9102dx,2026-03-03,767,97,0.11
9102dx,2026-03-04,768,98,0.03
9102dx,2026-03-05,769,99,0.04
9102fz,2025-11-26,670,0,0.02
9102fz,2025-11-27,671,1,0.0
9102fz,2025-11-28,672,2,0.01
9102fz,2025-11-29,673,3,0.0
9102fz,2025-11-30,674,4,0.0
9102fz,2025-12-01,675,5,0.0
9102fz,2025-12-02,676,6,0.38
9102fz,2025-12-03,677,7,0.02
9102fz,2025-12-04,678,8,0.1
9102fz,2025-12-05,679,9,0.08
9102fz,2025-12-06,680,10,0.03
9102fz,2025-12-07,681,11,0.01
9102fz,2025-12-08,682,12,0.0
9102fz,2025-12-09,683,13,0.2
9102fz,2025-12-10,684,14,0.01
9102fz,2025-12-11,685,15,0.09
9102fz,2025-12-12,686,16,0.07
9102fz,2025-12-13,687,17,0.02
9102fz,2025-12-14,688,18,0.0
9102fz,2025-12-15,689,19,0.0
9102fz,2025-12-16,690,20,0.49
9102fz,2025-12-17,691,21,0.06
9102fz,2025-12-18,692,22,0.04
9102fz,2025-12-19,693,23,0.01
9102fz,2025-12-20,694,24,0.02
9102fz,2025-12-21,695,25,0.0
9102fz,2025-12-22,696,26,0.01
9102fz,2025-12-23,697,27,0.34
9102fz,2025-12-24,698,28,0.08
9102fz,2025-12-25,699,29,0.07
9102fz,2025-12-26,700,30,0.01
9102fz,2025-12-27,701,31,0.02
9102fz,2025-12-28,702,32,0.0
9102fz,2025-12-29,703,33,0.0
9102fz,2025-12-30,704,34,0.38
9102fz,2025-12-31,705,35,0.02
9102fz,2026-01-01,706,36,0.09
9102fz,2026-01-02,707,37,0.01
9102fz,2026-01-03,708,38,0.02
9102fz,2026-01-04,709,39,0.0
9102fz,2026-01-05,710,40,0.0
9102fz,2026-01-06,711,41,0.39
9102fz,2026-01-07,712,42,0.1
9102fz,2026-01-08,713,43,0.1
9102fz,2026-01-09,714,44,0.06
9102fz,2026-01-10,715,45,0.01
9102fz,2026-01-11,716,46,0.02
9102fz,2026-01-12,717,47,0.0
9102fz,2026-01-13,718,48,0.26
9102fz,2026-01-14,719,49,0.08
9102fz,2026-01-15,720,50,0.08
9102fz,2026-01-16,721,51,0.04
9102fz,2026-01-17,722,52,0.03
9102fz,2026-01-18,723,53,0.0
9102fz,2026-01-19,724,54,0.0
9102fz,2026-01-20,725,55,0.32
9102fz,2026-01-21,726,56,0.02
9102fz,2026-01-22,727,57,0.11
9102fz,2026-01-23,728,58,0.03
9102fz,2026-01-24,729,59,0.04
9102fz,2026-01-25,730,60,0.01
9102fz,2026-01-26,731,61,0.0
9102fz,2026-01-27,732,62,0.24
9102fz,2026-01-28,733,63,0.17
9102fz,2026-01-29,734,64,0.02
9102fz,2026-01-30,735,65,0.03
9102fz,2026-01-31,736,66,0.14
9102fz,2026-02-01,737,67,0.0
9102fz,2026-02-02,738,68,0.01
9102fz,2026-02-03,739,69,0.45
9102fz,2026-02-04,740,70,0.19
9102fz,2026-02-05,741,71,0.1
9102fz,2026-02-06,742,72,0.05
9102fz,2026-02-07,743,73,0.04
9102fz,2026-02-08,744,74,0.01
9102fz,2026-02-09,745,75,0.0
9102fz,2026-02-10,746,76,0.3
9102fz,2026-02-11,747,77,0.03
9102fz,2026-02-12,748,78,0.15
9102fz,2026-02-13,749,79,0.05
9102fz,2026-02-14,750,80,0.09
9102fz,2026-02-15,751,81,0.0
9102fz,2026-02-16,752,82,0.01
9102fz,2026-02-17,753,83,0.41
9102fz,2026-02-18,754,84,0.1
9102fz,2026-02-19,755,85,0.09
9102fz,2026-02-20,756,86,0.09
9102fz,2026-02-21,757,87,0.06
9102fz,2026-02-22,758,88,0.02
9102fz,2026-02-23,759,89,0.0
9102fz,2026-02-24,760,90,0.53
9102fz,2026-02-25,761,91,0.1
9102fz,2026-02-26,762,92,0.15
9102fz,2026-02-27,763,93,0.14
9102fz,2026-02-28,764,94,0.23
9102fz,2026-03-01,765,95,0.0
9102fz,2026-03-02,766,96,0.0
9102fz,2026-03-03,767,97,0.65
9102fz,2026-03-04,768,98,0.28
9102fz,2026-03-05,769,99,0.28
9102sf,2025-11-26,670,0,0.0
9102sf,2025-11-27,671,1,0.0
9102sf,2025-11-28,672,2,0.0
9102sf,2025-11-29,673,3,0.0
9102sf,2025-11-30,674,4,0.0
9102sf,2025-12-01,675,5,0.0
9102sf,2025-12-02,676,6,0.06
9102sf,2025-12-03,677,7,0.01
9102sf,2025-12-04,678,8,0.01
9102sf,2025-12-05,679,9,0.0
9102sf,2025-12-06,680,10,0.0
9102sf,2025-12-07,681,11,0.0
9102sf,2025-12-08,682,12,0.0
9102sf,2025-12-09,683,13,0.03
9102sf,2025-12-10,684,14,0.0
9102sf,2025-12-11,685,15,0.01
9102sf,2025-12-12,686,16,0.0
9102sf,2025-12-13,687,17,0.0
9102sf,2025-12-14,688,18,0.0
9102sf,2025-12-15,689,19,0.0
9102sf,2025-12-16,690,20,0.0
9102sf,2025-12-17,691,21,0.0
9102sf,2025-12-18,692,22,0.0
9102sf,2025-12-19,693,23,0.0
9102sf,2025-12-20,694,24,0.0
9102sf,2025-12-21,695,25,0.0
9102sf,2025-12-22,696,26,0.0
9102sf,2025-12-23,697,27,0.02
9102sf,2025-12-24,698,28,0.0
9102sf,2025-12-25,699,29,0.0
9102sf,2025-12-26,700,30,0.0
9102sf,2025-12-27,701,31,0.0
9102sf,2025-12-28,702,32,0.0
9102sf,2025-12-29,703,33,0.0
9102sf,2025-12-30,704,34,0.02
9102sf,2025-12-31,705,35,0.0
9102sf,2026-01-01,706,36,0.01
9102sf,2026-01-02,707,37,0.01
9102sf,2026-01-03,708,38,0.0
9102sf,2026-01-04,709,39,0.0
9102sf,2026-01-05,710,40,0.0
9102sf,2026-01-06,711,41,0.09
9102sf,2026-01-07,712,42,0.0
9102sf,2026-01-08,713,43,0.02
9102sf,2026-01-09,714,44,0.01
9102sf,2026-01-10,715,45,0.02
9102sf,2026-01-11,716,46,0.0
9102sf,2026-01-12,717,47,0.01
9102sf,2026-01-13,718,48,0.16
9102sf,2026-01-14,719,49,0.01
9102sf,2026-01-15,720,50,0.01
9102sf,2026-01-16,721,51,0.0
9102sf,2026-01-17,722,52,0.02
9102sf,2026-01-18,723,53,0.0
9102sf,2026-01-19,724,54,0.0
9102sf,2026-01-20,725,55,0.1
9102sf,2026-01-21,726,56,0.04
9102sf,2026-01-22,727,57,0.02
9102sf,2026-01-23,728,58,0.0
9102sf,2026-01-24,729,59,0.01
9102sf,2026-01-25,730,60,0.0
9102sf,2026-01-26,731,61,0.0
9102sf,2026-01-27,732,62,0.17
9102sf,2026-01-28,733,63,0.03
9102sf,2026-01-29,734,64,0.02
9102sf,2026-01-30,735,65,0.01
9102sf,2026-01-31,736,66,0.0
9102sf,2026-02-01,737,67,0.01
9102sf,2026-02-02,738,68,0.0
9102sf,2026-02-03,739,69,0.06
9102sf,2026-02-04,740,70,0.0
9102sf,2026-02-05,741,71,0.0
9102sf,2026-02-06,742,72,0.03
9102sf,2026-02-07,743,73,0.0
9102sf,2026-02-08,744,74,0.01
9102sf,2026-02-09,745,75,0.0
9102sf,2026-02-10,746,76,0.01
9102sf,2026-02-11,747,77,0.0
9102sf,2026-02-12,748,78,0.01
9102sf,2026-02-13,749,79,0.05
9102sf,2026-02-14,750,80,0.05
9102sf,2026-02-15,751,81,0.0
9102sf,2026-02-16,752,82,0.0
9102sf,2026-02-17,753,83,0.11
9102sf,2026-02-18,754,84,0.02
9102sf,2026-02-19,755,85,0.03
9102sf,2026-02-20,756,86,0.07
9102sf,2026-02-21,757,87,0.1
9102sf,2026-02-22,758,88,0.0
9102sf,2026-02-23,759,89,0.0
9102sf,2026-02-24,760,90,0.3
9102sf,2026-02-25,761,91,0.09
9102sf,2026-02-26,762,92,0.07
9102sf,2026-02-27,763,93,0.07
9102sf,2026-02-28,764,94,0.03
9102sf,2026-03-01,765,95,0.01
9102sf,2026-03-02,766,96,0.0
9102sf,2026-03-03,767,97,0.09
9102sf,2026-03-04,768,98,0.01
9102sf,2026-03-05,769,99,0.05
9102ub,2025-11-26,670,0,0.13
9102ub,2025-11-27,671,1,0.17
9102ub,2025-11-28,672,2,0.2
9102ub,2025-11-29,673,3,0.35
9102ub,2025-11-30,674,4,0.06
9102ub,2025-12-01,675,5,0.02
9102ub,2025-12-02,676,6,0.52
9102ub,2025-12-03,677,7,0.57
9102ub,2025-12-04,678,8,0.53
9102ub,2025-12-05,679,9,0.65
9102ub,2025-12-06,680,10,0.53
9102ub,2025-12-07,681,11,0.04
9102ub,2025-12-08,682,12,0.01
9102ub,2025-12-09,683,13,0.26
9102ub,2025-12-10,684,14,0.12
9102ub,2025-12-11,685,15,0.07
9102ub,2025-12-12,686,16,0.09
9102ub,2025-12-13,687,17,0.04
9102ub,2025-12-14,688,18,0.0
9102ub,2025-12-15,689,19,0.0
9102ub,2025-12-16,690,20,0.09
9102ub,2025-12-17,691,21,0.02
9102ub,2025-12-18,692,22,0.08
9102ub,2025-12-19,693,23,0.06
9102ub,2025-12-20,694,24,0.05
9102ub,2025-12-21,695,25,0.0
9102ub,2025-12-22,696,26,0.0
9102ub,2025-12-23,697,27,0.47
9102ub,2025-12-24,698,28,0.11
9102ub,2025-12-25,699,29,0.12
9102ub,2025-12-26,700,30,0.09
9102ub,2025-12-27,701,31,0.09
9102ub,2025-12-28,702,32,0.0
9102ub,2025-12-29,703,33,0.01
9102ub,2025-12-30,704,34,1.14
9102ub,2025-12-31,705,35,0.23
9102ub,2026-01-01,706,36,0.16
9102ub,2026-01-02,707,37,0.17
9102ub,2026-01-03,708,38,0.13
9102ub,2026-01-04,709,39,0.01
9102ub,2026-01-05,710,40,0.0
9102ub,2026-01-06,711,41,0.99
9102ub,2026-01-07,712,42,0.24
9102ub,2026-01-08,713,43,0.14
9102ub,2026-01-09,714,44,0.13
9102ub,2026-01-10,715,45,0.09
9102ub,2026-01-11,716,46,0.01
9102ub,2026-01-12,717,47,0.01
9102ub,2026-01-13,718,48,0.87
9102ub,2026-01-14,719,49,0.29
9102ub,2026-01-15,720,50,0.11
9102ub,2026-01-16,721,51,0.13
9102ub,2026-01-17,722,52,0.07
9102ub,2026-01-18,723,53,0.0
9102ub,2026-01-19,724,54,0.0
9102ub,2026-01-20,725,55,0.59
9102ub,2026-01-21,726,56,0.13
9102ub,2026-01-22,727,57,0.09
9102ub,2026-01-23,728,58,0.03
9102ub,2026-01-24,729,59,0.04
9102ub,2026-01-25,730,60,0.01
9102ub,2026-01-26,731,61,0.0
9102ub,2026-01-27,732,62,0.47
9102ub,2026-01-28,733,63,0.15
9102ub,2026-01-29,734,64,0.09
9102ub,2026-01-30,735,65,0.08
9102ub,2026-01-31,736,66,0.04
9102ub,2026-02-01,737,67,0.01
9102ub,2026-02-02,738,68,0.0
9102ub,2026-02-03,739,69,0.54
9102ub,2026-02-04,740,70,0.14
9102ub,2026-02-05,741,71,0.13
9102ub,2026-02-06,742,72,0.07
9102ub,2026-02-07,743,73,0.04
9102ub,2026-02-08,744,74,0.01
9102ub,2026-02-09,745,75,0.0
9102ub,2026-02-10,746,76,0.83
9102ub,2026-02-11,747,77,0.26
9102ub,2026-02-12,748,78,0.2
9102ub,2026-02-13,749,79,0.05
9102ub,2026-02-14,750,80,0.08
9102ub,2026-02-15,751,81,0.01
9102ub,2026-02-16,752,82,0.0
9102ub,2026-02-17,753,83,1.32
9102ub,2026-02-18,754,84,0.31
9102ub,2026-02-19,755,85,0.17
9102ub,2026-02-20,756,86,0.2
9102ub,2026-02-21,757,87,0.2
9102ub,2026-02-22,758,88,0.0
9102ub,2026-02-23,759,89,0.0
9102ub,2026-02-24,760,90,1.56
9102ub,2026-02-25,761,91,0.39
9102ub,2026-02-26,762,92,0.27
9102ub,2026-02-27,763,93,0.28
9102ub,2026-02-28,764,94,0.17
9102ub,2026-03-01,765,95,0.0
9102ub,2026-03-02,766,96,0.0
9102ub,2026-03-03,767,97,1.37
9102ub,2026-03-04,768,98,0.55
9102ub,2026-03-05,769,99,0.27
9103dx,2025-11-26,670,0,0.17
9103dx,2025-11-27,671,1,0.1
9103dx,2025-11-28,672,2,0.1
9103dx,2025-11-29,673,3,0.09
9103dx,2025-11-30,674,4,0.01
9103dx,2025-12-01,675,5,0.0
9103dx,2025-12-02,676,6,0.37
9103dx,2025-12-03,677,7,0.42
9103dx,2025-12-04,678,8,0.57
9103dx,2025-12-05,679,9,0.4
9103dx,2025-12-06,680,10,0.35
9103dx,2025-12-07,681,11,0.02
9103dx,2025-12-08,682,12,0.01
9103dx,2025-12-09,683,13,0.27
9103dx,2025-12-10,684,14,0.1
9103dx,2025-12-11,685,15,0.2
9103dx,2025-12-12,686,16,0.11
9103dx,2025-12-13,687,17,0.08
9103dx,2025-12-14,688,18,0.01
9103dx,2025-12-15,689,19,0.0
9103dx,2025-12-16,690,20,0.27
9103dx,2025-12-17,691,21,0.17
9103dx,2025-12-18,692,22,0.13
9103dx,2025-12-19,693,23,0.1
9103dx,2025-12-20,694,24,0.07
9103dx,2025-12-21,695,25,0.0
9103dx,2025-12-22,696,26,0.0
9103dx,2025-12-23,697,27,0.18
9103dx,2025-12-24,698,28,0.13
9103dx,2025-12-25,699,29,0.07
9103dx,2025-12-26,700,30,0.16
9103dx,2025-12-27,701,31,0.08
9103dx,2025-12-28,702,32,0.02
9103dx,2025-12-29,703,33,0.01
9103dx,2025-12-30,704,34,0.3
9103dx,2025-12-31,705,35,0.24
9103dx,2026-01-01,706,36,0.13
9103dx,2026-01-02,707,37,0.15
9103dx,2026-01-03,708,38,0.16
9103dx,2026-01-04,709,39,0.01
9103dx,2026-01-05,710,40,0.03
9103dx,2026-01-06,711,41,0.58
9103dx,2026-01-07,712,42,0.41
9103dx,2026-01-08,713,43,0.34
9103dx,2026-01-09,714,44,0.19
9103dx,2026-01-10,715,45,0.13
9103dx,2026-01-11,716,46,0.03
9103dx,2026-01-12,717,47,0.0
9103dx,2026-01-13,718,48,0.37
9103dx,2026-01-14,719,49,0.36
9103dx,2026-01-15,720,50,0.22
9103dx,2026-01-16,721,51,0.08
9103dx,2026-01-17,722,52,0.03
9103dx,2026-01-18,723,53,0.01
9103dx,2026-01-19,724,54,0.0
9103dx,2026-01-20,725,55,0.27
9103dx,2026-01-21,726,56,0.28
9103dx,2026-01-22,727,57,0.17
9103dx,2026-01-23,728,58,0.06
9103dx,2026-01-24,729,59,0.03
9103dx,2026-01-25,730,60,0.0
9103dx,2026-01-26,731,61,0.0
9103dx,2026-01-27,732,62,0.65
9103dx,2026-01-28,733,63,0.36
9103dx,2026-01-29,734,64,0.32
9103dx,2026-01-30,735,65,0.18
9103dx,2026-01-31,736,66,0.11
9103dx,2026-02-01,737,67,0.01
9103dx,2026-02-02,738,68,0.01
9103dx,2026-02-03,739,69,0.96
9103dx,2026-02-04,740,70,0.4
9103dx,2026-02-05,741,71,0.31
9103dx,2026-02-06,742,72,0.28
9103dx,2026-02-07,743,73,0.12
9103dx,2026-02-08,744,74,0.04
9103dx,2026-02-09,745,75,0.0
9103dx,2026-02-10,746,76,1.32
9103dx,2026-02-11,747,77,0.7
9103dx,2026-02-12,748,78,0.5
9103dx,2026-02-13,749,79,0.28
9103dx,2026-02-14,750,80,0.28
9103dx,2026-02-15,751,81,0.05
9103dx,2026-02-16,752,82,0.0
9103dx,2026-02-17,753,83,1.11
9103dx,2026-02-18,754,84,0.61
9103dx,2026-02-19,755,85,0.68
9103dx,2026-02-20,756,86,0.39
9103dx,2026-02-21,757,87,0.22
9103dx,2026-02-22,758,88,0.08
9103dx,2026-02-23,759,89,0.01
9103dx,2026-02-24,760,90,1.41
9103dx,2026-02-25,761,91,0.72
9103dx,2026-02-26,762,92,0.69
9103dx,2026-02-27,763,93,0.41
9103dx,2026-02-28,764,94,0.16
9103dx,2026-03-01,765,95,0.03
9103dx,2026-03-02,766,96,0.03
9103dx,2026-03-03,767,97,0.97
9103dx,2026-03-04,768,98,0.38
9103dx,2026-03-05,769,99,0.46
9103fz,2025-11-26,670,0,0.07
9103fz,2025-11-27,671,1,0.05
9103fz,2025-11-28,672,2,0.08
9103fz,2025-11-29,673,3,0.04
9103fz,2025-11-30,674,4,0.0
9103fz,2025-12-01,675,5,0.0
9103fz,2025-12-02,676,6,0.1
9103fz,2025-12-03,677,7,0.08
9103fz,2025-12-04,678,8,0.15
9103fz,2025-12-05,679,9,0.09
9103fz,2025-12-06,680,10,0.04
9103fz,2025-12-07,681,11,0.01
9103fz,2025-12-08,682,12,0.0
9103fz,2025-12-09,683,13,0.02
9103fz,2025-12-10,684,14,0.01
9103fz,2025-12-11,685,15,0.02
9103fz,2025-12-12,686,16,0.01
9103fz,2025-12-13,687,17,0.01
9103fz,2025-12-14,688,18,0.0
9103fz,2025-12-15,689,19,0.0
9103fz,2025-12-16,690,20,0.02
9103fz,2025-12-17,691,21,0.0
9103fz,2025-12-18,692,22,0.0
9103fz,2025-12-19,693,23,0.0
9103fz,2025-12-20,694,24,0.0
9103fz,2025-12-21,695,25,0.0
9103fz,2025-12-22,696,26,0.0
9103fz,2025-12-23,697,27,0.01
9103fz,2025-12-24,698,28,0.0
9103fz,2025-12-25,699,29,0.0
9103fz,2025-12-26,700,30,0.0
9103fz,2025-12-27,701,31,0.0
9103fz,2025-12-28,702,32,0.0
9103fz,2025-12-29,703,33,0.0
9103fz,2025-12-30,704,34,0.01
9103fz,2025-12-31,705,35,0.0
9103fz,2026-01-01,706,36,0.0
9103fz,2026-01-02,707,37,0.0
9103fz,2026-01-03,708,38,0.0
9103fz,2026-01-04,709,39,0.0
9103fz,2026-01-05,710,40,0.0
9103fz,2026-01-06,711,41,0.01
9103fz,2026-01-07,712,42,0.02
9103fz,2026-01-08,713,43,0.0
9103fz,2026-01-09,714,44,0.01
9103fz,2026-01-10,715,45,0.0
9103fz,2026-01-11,716,46,0.0
9103fz,2026-01-12,717,47,0.0
9103fz,2026-01-13,718,48,0.06
9103fz,2026-01-14,719,49,0.02
9103fz,2026-01-15,720,50,0.0
9103fz,2026-01-16,721,51,0.0
9103fz,2026-01-17,722,52,0.0
9103fz,2026-01-18,723,53,0.0
9103fz,2026-01-19,724,54,0.0
9103fz,2026-01-20,725,55,0.04
9103fz,2026-01-21,726,56,0.0
9103fz,2026-01-22,727,57,0.01
9103fz,2026-01-23,728,58,0.0
9103fz,2026-01-24,729,59,0.0
9103fz,2026-01-25,730,60,0.0
9103fz,2026-01-26,731,61,0.0
9103fz,2026-01-27,732,62,0.02
9103fz,2026-01-28,733,63,0.01
9103fz,2026-01-29,734,64,0.0
9103fz,2026-01-30,735,65,0.0
9103fz,2026-01-31,736,66,0.01
9103fz,2026-02-01,737,67,0.0
9103fz,2026-02-02,738,68,0.0
9103fz,2026-02-03,739,69,0.0
9103fz,2026-02-04,740,70,0.0
9103fz,2026-02-05,741,71,0.0
9103fz,2026-02-06,742,72,0.0
9103fz,2026-02-07,743,73,0.0
9103fz,2026-02-08,744,74,0.0
9103fz,2026-02-09,745,75,0.0
9103fz,2026-02-10,746,76,0.02
9103fz,2026-02-11,747,77,0.0
9103fz,2026-02-12,748,78,0.0
9103fz,2026-02-13,749,79,0.03
9103fz,2026-02-14,750,80,0.01
9103fz,2026-02-15,751,81,0.01
9103fz,2026-02-16,752,82,0.0
9103fz,2026-02-17,753,83,0.13
9103fz,2026-02-18,754,84,0.07
9103fz,2026-02-19,755,85,0.01
9103fz,2026-02-20,756,86,0.04
9103fz,2026-02-21,757,87,0.02
9103fz,2026-02-22,758,88,0.0
9103fz,2026-02-23,759,89,0.0
9103fz,2026-02-24,760,90,0.11
9103fz,2026-02-25,761,91,0.03
9103fz,2026-02-26,762,92,0.03
9103fz,2026-02-27,763,93,0.03
9103fz,2026-02-28,764,94,0.05
9103fz,2026-03-01,765,95,0.0
9103fz,2026-03-02,766,96,0.0
9103fz,2026-03-03,767,97,0.01
9103fz,2026-03-04,768,98,0.0
9103fz,2026-03-05,769,99,0.03
9103sf,2025-11-26,670,0,0.01
9103sf,2025-11-27,671,1,0.0
9103sf,2025-11-28,672,2,0.0
9103sf,2025-11-29,673,3,0.02
9103sf,2025-11-30,674,4,0.0
9103sf,2025-12-01,675,5,0.01
9103sf,2025-12-02,676,6,0.0
9103sf,2025-12-03,677,7,0.04
9103sf,2025-12-04,678,8,0.03
9103sf,2025-12-05,679,9,0.02
9103sf,2025-12-06,680,10,0.0
9103sf,2025-12-07,681,11,0.0
9103sf,2025-12-08,682,12,0.0
9103sf,2025-12-09,683,13,0.01
9103sf,2025-12-10,684,14,0.0
9103sf,2025-12-11,685,15,0.0
9103sf,2025-12-12,686,16,0.0
9103sf,2025-12-13,687,17,0.0
9103sf,2025-12-14,688,18,0.0
9103sf,2025-12-15,689,19,0.0
9103sf,2025-12-16,690,20,0.0
9103sf,2025-12-17,691,21,0.0
9103sf,2025-12-18,692,22,0.0
9103sf,2025-12-19,693,23,0.0
9103sf,2025-12-20,694,24,0.0
9103sf,2025-12-21,695,25,0.0
9103sf,2025-12-22,696,26,0.0
9103sf,2025-12-23,697,27,0.0
9103sf,2025-12-24,698,28,0.0
9103sf,2025-12-25,699,29,0.0
9103sf,2025-12-26,700,30,0.03
9103sf,2025-12-27,701,31,0.0
9103sf,2025-12-28,702,32,0.0
9103sf,2025-12-29,703,33,0.0
9103sf,2025-12-30,704,34,0.0
9103sf,2025-12-31,705,35,0.0
9103sf,2026-01-01,706,36,0.0
9103sf,2026-01-02,707,37,0.0
9103sf,2026-01-03,708,38,0.0
9103sf,2026-01-04,709,39,0.0
9103sf,2026-01-05,710,40,0.0
9103sf,2026-01-06,711,41,0.04
9103sf,2026-01-07,712,42,0.01
9103sf,2026-01-08,713,43,0.02
9103sf,2026-01-09,714,44,0.03
9103sf,2026-01-10,715,45,0.02
9103sf,2026-01-11,716,46,0.0
9103sf,2026-01-12,717,47,0.01
9103sf,2026-01-13,718,48,0.02
9103sf,2026-01-14,719,49,0.02
9103sf,2026-01-15,720,50,0.04
9103sf,2026-01-16,721,51,0.0
9103sf,2026-01-17,722,52,0.03
9103sf,2026-01-18,723,53,0.0
9103sf,2026-01-19,724,54,0.0
9103sf,2026-01-20,725,55,0.02
9103sf,2026-01-21,726,56,0.01
9103sf,2026-01-22,727,57,0.01
9103sf,2026-01-23,728,58,0.02
9103sf,2026-01-24,729,59,0.0
9103sf,2026-01-25,730,60,0.0
9103sf,2026-01-26,731,61,0.0
9103sf,2026-01-27,732,62,0.01
9103sf,2026-01-28,733,63,0.01
9103sf,2026-01-29,734,64,0.03
9103sf,2026-01-30,735,65,0.01
9103sf,2026-01-31,736,66,0.02
9103sf,2026-02-01,737,67,0.0
9103sf,2026-02-02,738,68,0.0
9103sf,2026-02-03,739,69,0.01
9103sf,2026-02-04,740,70,0.0
9103sf,2026-02-05,741,71,0.0
9103sf,2026-02-06,742,72,0.0
9103sf,2026-02-07,743,73,0.0
9103sf,2026-02-08,744,74,0.0
9103sf,2026-02-09,745,75,0.0
9103sf,2026-02-10,746,76,0.0
9103sf,2026-02-11,747,77,0.0
9103sf,2026-02-12,748,78,0.01
9103sf,2026-02-13,749,79,0.01
9103sf,2026-02-14,750,80,0.0
9103sf,2026-02-15,751,81,0.01
9103sf,2026-02-16,752,82,0.01
9103sf,2026-02-17,753,83,0.0
9103sf,2026-02-18,754,84,0.0
9103sf,2026-02-19,755,85,0.0
9103sf,2026-02-20,756,86,0.0
9103sf,2026-02-21,757,87,0.01
9103sf,2026-02-22,758,88,0.0
9103sf,2026-02-23,759,89,0.0
9103sf,2026-02-24,760,90,0.0
9103sf,2026-02-25,761,91,0.0
9103sf,2026-02-26,762,92,0.0
9103sf,2026-02-27,763,93,0.0
9103sf,2026-02-28,764,94,0.01
9103sf,2026-03-01,765,95,0.0
9103sf,2026-03-02,766,96,0.0
9103sf,2026-03-03,767,97,0.0
9103sf,2026-03-04,768,98,0.0
9103sf,2026-03-05,769,99,0.01
9103ub,2025-11-26,670,0,0.04
9103ub,2025-11-27,671,1,0.02
9103ub,2025-11-28,672,2,0.01
9103ub,2025-11-29,673,3,0.02
9103ub,2025-11-30,674,4,0.0
9103ub,2025-12-01,675,5,0.0
9103ub,2025-12-02,676,6,0.36
9103ub,2025-12-03,677,7,0.1
9103ub,2025-12-04,678,8,0.07
9103ub,2025-12-05,679,9,0.07
9103ub,2025-12-06,680,10,0.05
9103ub,2025-12-07,681,11,0.0
9103ub,2025-12-08,682,12,0.0
9103ub,2025-12-09,683,13,0.45
9103ub,2025-12-10,684,14,0.11
9103ub,2025-12-11,685,15,0.07
9103ub,2025-12-12,686,16,0.07
9103ub,2025-12-13,687,17,0.05
9103ub,2025-12-14,688,18,0.0
9103ub,2025-12-15,689,19,0.0
9103ub,2025-12-16,690,20,0.33
9103ub,2025-12-17,691,21,0.21
9103ub,2025-12-18,692,22,0.24
9103ub,2025-12-19,693,23,0.12
9103ub,2025-12-20,694,24,0.09
9103ub,2025-12-21,695,25,0.0
9103ub,2025-12-22,696,26,0.0
9103ub,2025-12-23,697,27,0.52
9103ub,2025-12-24,698,28,0.35
9103ub,2025-12-25,699,29,0.3
9103ub,2025-12-26,700,30,0.17
9103ub,2025-12-27,701,31,0.12
9103ub,2025-12-28,702,32,0.02
9103ub,2025-12-29,703,33,0.0
9103ub,2025-12-30,704,34,0.72
9103ub,2025-12-31,705,35,0.32
9103ub,2026-01-01,706,36,0.27
9103ub,2026-01-02,707,37,0.22
9103ub,2026-01-03,708,38,0.1
9103ub,2026-01-04,709,39,0.01
9103ub,2026-01-05,710,40,0.0
9103ub,2026-01-06,711,41,0.55
9103ub,2026-01-07,712,42,0.43
9103ub,2026-01-08,713,43,0.26
9103ub,2026-01-09,714,44,0.22
9103ub,2026-01-10,715,45,0.05
9103ub,2026-01-11,716,46,0.01
9103ub,2026-01-12,717,47,0.0
9103ub,2026-01-13,718,48,0.38
9103ub,2026-01-14,719,49,0.36
9103ub,2026-01-15,720,50,0.18
9103ub,2026-01-16,721,51,0.14
9103ub,2026-01-17,722,52,0.06
9103ub,2026-01-18,723,53,0.0
9103ub,2026-01-19,724,54,0.01
9103ub,2026-01-20,725,55,0.45
9103ub,2026-01-21,726,56,0.33
9103ub,2026-01-22,727,57,0.11
9103ub,2026-01-23,728,58,0.12
9103ub,2026-01-24,729,59,0.08
9103ub,2026-01-25,730,60,0.01
9103ub,2026-01-26,731,61,0.0
9103ub,2026-01-27,732,62,0.62
9103ub,2026-01-28,733,63,0.19
9103ub,2026-01-29,734,64,0.19
9103ub,2026-01-30,735,65,0.12
9103ub,2026-01-31,736,66,0.08
9103ub,2026-02-01,737,67,0.0
9103ub,2026-02-02,738,68,0.0
9103ub,2026-02-03,739,69,0.75
9103ub,2026-02-04,740,70,0.44
9103ub,2026-02-05,741,71,0.31
9103ub,2026-02-06,742,72,0.23
9103ub,2026-02-07,743,73,0.21
9103ub,2026-02-08,744,74,0.02
9103ub,2026-02-09,745,75,0.01
9103ub,2026-02-10,746,76,0.33
9103ub,2026-02-11,747,77,0.18
9103ub,2026-02-12,748,78,0.24
9103ub,2026-02-13,749,79,0.19
9103ub,2026-02-14,750,80,0.19
9103ub,2026-02-15,751,81,0.01
9103ub,2026-02-16,752,82,0.0
9103ub,2026-02-17,753,83,0.43
9103ub,2026-02-18,754,84,0.2
9103ub,2026-02-19,755,85,0.19
9103ub,2026-02-20,756,86,0.26
9103ub,2026-02-21,757,87,0.24
9103ub,2026-02-22,758,88,0.03
9103ub,2026-02-23,759,89,0.0
9103ub,2026-02-24,760,90,0.58
9103ub,2026-02-25,761,91,0.36
9103ub,2026-02-26,762,92,0.34
9103ub,2026-02-27,763,93,0.4
9103ub,2026-02-28,764,94,0.2
9103ub,2026-03-01,765,95,0.01
9103ub,2026-03-02,766,96,0.0
9103ub,2026-03-03,767,97,0.45
9103ub,2026-03-04,768,98,0.21
9103ub,2026-03-05,769,99,0.09
9104dx,2025-11-26,670,0,0.0
9104dx,2025-11-27,671,1,0.01
9104dx,2025-11-28,672,2,0.0
9104dx,2025-11-29,673,3,0.0
9104dx,2025-11-30,674,4,0.0
9104dx,2025-12-01,675,5,0.01
9104dx,2025-12-02,676,6,0.14
9104dx,2025-12-03,677,7,0.21
9104dx,2025-12-04,678,8,0.2
9104dx,2025-12-05,679,9,0.45
9104dx,2025-12-06,680,10,0.38
9104dx,2025-12-07,681,11,0.08
9104dx,2025-12-08,682,12,0.05
9104dx,2025-12-09,683,13,0.9
9104dx,2025-12-10,684,14,0.26
9104dx,2025-12-11,685,15,0.61
9104dx,2025-12-12,686,16,0.18
9104dx,2025-12-13,687,17,0.17
9104dx,2025-12-14,688,18,0.0
9104dx,2025-12-15,689,19,0.03
9104dx,2025-12-16,690,20,0.13
9104dx,2025-12-17,691,21,0.01
9104dx,2025-12-18,692,22,0.07
9104dx,2025-12-19,693,23,0.04
9104dx,2025-12-20,694,24,0.06
9104dx,2025-12-21,695,25,0.0
9104dx,2025-12-22,696,26,0.0
9104dx,2025-12-23,697,27,0.13
9104dx,2025-12-24,698,28,0.03
9104dx,2025-12-25,699,29,0.03
9104dx,2025-12-26,700,30,0.01
9104dx,2025-12-27,701,31,0.0
9104dx,2025-12-28,702,32,0.06
9104dx,2025-12-29,703,33,0.0
9104dx,2025-12-30,704,34,0.08
9104dx,2025-12-31,705,35,0.03
9104dx,2026-01-01,706,36,0.06
9104dx,2026-01-02,707,37,0.04
9104dx,2026-01-03,708,38,0.02
9104dx,2026-01-04,709,39,0.03
9104dx,2026-01-05,710,40,0.0
9104dx,2026-01-06,711,41,0.08
9104dx,2026-01-07,712,42,0.01
9104dx,2026-01-08,713,43,0.0
9104dx,2026-01-09,714,44,0.04
9104dx,2026-01-10,715,45,0.01
9104dx,2026-01-11,716,46,0.01
9104dx,2026-01-12,717,47,0.02
9104dx,2026-01-13,718,48,0.11
9104dx,2026-01-14,719,49,0.04
9104dx,2026-01-15,720,50,0.05
9104dx,2026-01-16,721,51,0.07
9104dx,2026-01-17,722,52,0.02
9104dx,2026-01-18,723,53,0.01
9104dx,2026-01-19,724,54,0.01
9104dx,2026-01-20,725,55,0.1
9104dx,2026-01-21,726,56,0.01
9104dx,2026-01-22,727,57,0.03
9104dx,2026-01-23,728,58,0.04
9104dx,2026-01-24,729,59,0.05
9104dx,2026-01-25,730,60,0.0
9104dx,2026-01-26,731,61,0.03
9104dx,2026-01-27,732,62,0.04
9104dx,2026-01-28,733,63,0.04
9104dx,2026-01-29,734,64,0.06
9104dx,2026-01-30,735,65,0.06
9104dx,2026-01-31,736,66,0.04
9104dx,2026-02-01,737,67,0.03
9104dx,2026-02-02,738,68,0.0
9104dx,2026-02-03,739,69,0.0
9104dx,2026-02-04,740,70,0.02
9104dx,2026-02-05,741,71,0.0
9104dx,2026-02-06,742,72,0.01
9104dx,2026-02-07,743,73,0.0
9104dx,2026-02-08,744,74,0.01
9104dx,2026-02-09,745,75,0.01
9104dx,2026-02-10,746,76,0.02
9104dx,2026-02-11,747,77,0.0
9104dx,2026-02-12,748,78,0.01
9104dx,2026-02-13,749,79,0.02
9104dx,2026-02-14,750,80,0.03
9104dx,2026-02-15,751,81,0.0
9104dx,2026-02-16,752,82,0.01
9104dx,2026-02-17,753,83,0.05
9104dx,2026-02-18,754,84,0.05
9104dx,2026-02-19,755,85,0.07
9104dx,2026-02-20,756,86,0.06
9104dx,2026-02-21,757,87,0.04
9104dx,2026-02-22,758,88,0.03
9104dx,2026-02-23,759,89,0.0
9104dx,2026-02-24,760,90,0.01
9104dx,2026-02-25,761,91,0.06
9104dx,2026-02-26,762,92,0.06
9104dx,2026-02-27,763,93,0.04
9104dx,2026-02-28,764,94,0.02
9104dx,2026-03-01,765,95,0.01
9104dx,2026-03-02,766,96,0.0
9104dx,2026-03-03,767,97,0.01
9104dx,2026-03-04,768,98,0.05
9104dx,2026-03-05,769,99,0.03
9104fz,2025-11-26,670,0,0.0
9104fz,2025-11-27,671,1,0.0
9104fz,2025-11-28,672,2,0.0
9104fz,2025-11-29,673,3,0.0
9104fz,2025-11-30,674,4,0.0
9104fz,2025-12-01,675,5,0.0
9104fz,2025-12-02,676,6,0.02
9104fz,2025-12-03,677,7,0.0
9104fz,2025-12-04,678,8,0.0
9104fz,2025-12-05,679,9,0.01
9104fz,2025-12-06,680,10,0.0
9104fz,2025-12-07,681,11,0.0
9104fz,2025-12-08,682,12,0.0
9104fz,2025-12-09,683,13,0.01
9104fz,2025-12-10,684,14,0.0
9104fz,2025-12-11,685,15,0.01
9104fz,2025-12-12,686,16,0.0
9104fz,2025-12-13,687,17,0.0
9104fz,2025-12-14,688,18,0.0
9104fz,2025-12-15,689,19,0.0
9104fz,2025-12-16,690,20,0.0
9104fz,2025-12-17,691,21,0.0
9104fz,2025-12-18,692,22,0.0
9104fz,2025-12-19,693,23,0.0
9104fz,2025-12-20,694,24,0.0
9104fz,2025-12-21,695,25,0.0
9104fz,2025-12-22,696,26,0.0
9104fz,2025-12-23,697,27,0.0
9104fz,2025-12-24,698,28,0.0
9104fz,2025-12-25,699,29,0.0
9104fz,2025-12-26,700,30,0.0
9104fz,2025-12-27,701,31,0.0
9104fz,2025-12-28,702,32,0.0
9104fz,2025-12-29,703,33,0.0
9104fz,2025-12-30,704,34,0.0
9104fz,2025-12-31,705,35,0.0
9104fz,2026-01-01,706,36,0.0
9104fz,2026-01-02,707,37,0.0
9104fz,2026-01-03,708,38,0.0
9104fz,2026-01-04,709,39,0.0
9104fz,2026-01-05,710,40,0.0
9104fz,2026-01-06,711,41,0.0
9104fz,2026-01-07,712,42,0.0
9104fz,2026-01-08,713,43,0.0
9104fz,2026-01-09,714,44,0.0
9104fz,2026-01-10,715,45,0.0
9104fz,2026-01-11,716,46,0.0
9104fz,2026-01-12,717,47,0.0
9104fz,2026-01-13,718,48,0.02
9104fz,2026-01-14,719,49,0.0
9104fz,2026-01-15,720,50,0.0
9104fz,2026-01-16,721,51,0.0
9104fz,2026-01-17,722,52,0.01
9104fz,2026-01-18,723,53,0.0
9104fz,2026-01-19,724,54,0.0
9104fz,2026-01-20,725,55,0.0
9104fz,2026-01-21,726,56,0.01
9104fz,2026-01-22,727,57,0.0
9104fz,2026-01-23,728,58,0.0
9104fz,2026-01-24,729,59,0.0
9104fz,2026-01-25,730,60,0.0
9104fz,2026-01-26,731,61,0.0
9104fz,2026-01-27,732,62,0.01
9104fz,2026-01-28,733,63,0.0
9104fz,2026-01-29,734,64,0.0
9104fz,2026-01-30,735,65,0.0
9104fz,2026-01-31,736,66,0.0
9104fz,2026-02-01,737,67,0.0
9104fz,2026-02-02,738,68,0.0
9104fz,2026-02-03,739,69,0.0
9104fz,2026-02-04,740,70,0.0
9104fz,2026-02-05,741,71,0.0
9104fz,2026-02-06,742,72,0.0
9104fz,2026-02-07,743,73,0.0
9104fz,2026-02-08,744,74,0.0
9104fz,2026-02-09,745,75,0.0
9104fz,2026-02-10,746,76,0.01
9104fz,2026-02-11,747,77,0.0
9104fz,2026-02-12,748,78,0.0
9104fz,2026-02-13,749,79,0.0
9104fz,2026-02-14,750,80,0.0
9104fz,2026-02-15,751,81,0.0
9104fz,2026-02-16,752,82,0.0
9104fz,2026-02-17,753,83,0.0
9104fz,2026-02-18,754,84,0.0
9104fz,2026-02-19,755,85,0.0
9104fz,2026-02-20,756,86,0.0
9104fz,2026-02-21,757,87,0.01
9104fz,2026-02-22,758,88,0.0
9104fz,2026-02-23,759,89,0.0
9104fz,2026-02-24,760,90,0.01
9104fz,2026-02-25,761,91,0.0
9104fz,2026-02-26,762,92,0.0
9104fz,2026-02-27,763,93,0.0
9104fz,2026-02-28,764,94,0.0
9104fz,2026-03-01,765,95,0.0
9104fz,2026-03-02,766,96,0.0
9104fz,2026-03-03,767,97,0.0
9104fz,2026-03-04,768,98,0.0
9104fz,2026-03-05,769,99,0.0
9104sf,2025-11-26,670,0,0.02
9104sf,2025-11-27,671,1,0.08
9104sf,2025-11-28,672,2,0.08
9104sf,2025-11-29,673,3,0.02
9104sf,2025-11-30,674,4,0.05
9104sf,2025-12-01,675,5,0.04
9104sf,2025-12-02,676,6,0.17
9104sf,2025-12-03,677,7,0.17
9104sf,2025-12-04,678,8,0.1
9104sf,2025-12-05,679,9,0.07
9104sf,2025-12-06,680,10,0.02
9104sf,2025-12-07,681,11,0.01
9104sf,2025-12-08,682,12,0.0
9104sf,2025-12-09,683,13,0.0
9104sf,2025-12-10,684,14,0.01
9104sf,2025-12-11,685,15,0.0
9104sf,2025-12-12,686,16,0.0
9104sf,2025-12-13,687,17,0.0
9104sf,2025-12-14,688,18,0.0
9104sf,2025-12-15,689,19,0.0
9104sf,2025-12-16,690,20,0.0
9104sf,2025-12-17,691,21,0.0
9104sf,2025-12-18,692,22,0.0
9104sf,2025-12-19,693,23,0.0
9104sf,2025-12-20,694,24,0.0
9104sf,2025-12-21,695,25,0.0
9104sf,2025-12-22,696,26,0.01
9104sf,2025-12-23,697,27,0.0
9104sf,2025-12-24,698,28,0.0
9104sf,2025-12-25,699,29,0.0
9104sf,2025-12-26,700,30,0.0
9104sf,2025-12-27,701,31,0.0
9104sf,2025-12-28,702,32,0.0
9104sf,2025-12-29,703,33,0.0
9104sf,2025-12-30,704,34,0.01
9104sf,2025-12-31,705,35,0.0
9104sf,2026-01-01,706,36,0.0
9104sf,2026-01-02,707,37,0.01
9104sf,2026-01-03,708,38,0.0
9104sf,2026-01-04,709,39,0.01
9104sf,2026-01-05,710,40,0.0
9104sf,2026-01-06,711,41,0.01
9104sf,2026-01-07,712,42,0.0
9104sf,2026-01-08,713,43,0.02
9104sf,2026-01-09,714,44,0.0
9104sf,2026-01-10,715,45,0.0
9104sf,2026-01-11,716,46,0.0
9104sf,2026-01-12,717,47,0.0
9104sf,2026-01-13,718,48,0.02
9104sf,2026-01-14,719,49,0.01
9104sf,2026-01-15,720,50,0.01
9104sf,2026-01-16,721,51,0.01
9104sf,2026-01-17,722,52,0.0
9104sf,2026-01-18,723,53,0.0
9104sf,2026-01-19,724,54,0.01
9104sf,2026-01-20,725,55,0.06
9104sf,2026-01-21,726,56,0.04
9104sf,2026-01-22,727,57,0.06
9104sf,2026-01-23,728,58,0.01
9104sf,2026-01-24,729,59,0.04
9104sf,2026-01-25,730,60,0.03
9104sf,2026-01-26,731,61,0.04
9104sf,2026-01-27,732,62,0.06
9104sf,2026-01-28,733,63,0.04
9104sf,2026-01-29,734,64,0.1
9104sf,2026-01-30,735,65,0.04
9104sf,2026-01-31,736,66,0.02
9104sf,2026-02-01,737,67,0.04
9104sf,2026-02-02,738,68,0.0
9104sf,2026-02-03,739,69,0.03
9104sf,2026-02-04,740,70,0.0
9104sf,2026-02-05,741,71,0.0
9104sf,2026-02-06,742,72,0.0
9104sf,2026-02-07,743,73,0.0
9104sf,2026-02-08,744,74,0.0
9104sf,2026-02-09,745,75,0.0
9104sf,2026-02-10,746,76,0.02
9104sf,2026-02-11,747,77,0.01
9104sf,2026-02-12,748,78,0.01
9104sf,2026-02-13,749,79,0.0
9104sf,2026-02-14,750,80,0.0
9104sf,2026-02-15,751,81,0.0
9104sf,2026-02-16,752,82,0.01
9104sf,2026-02-17,753,83,0.01
9104sf,2026-02-18,754,84,0.02
9104sf,2026-02-19,755,85,0.02
9104sf,2026-02-20,756,86,0.02
9104sf,2026-02-21,757,87,0.01
9104sf,2026-02-22,758,88,0.0
9104sf,2026-02-23,759,89,0.0
9104sf,2026-02-24,760,90,0.01
9104sf,2026-02-25,761,91,0.0
9104sf,2026-02-26,762,92,0.0
9104sf,2026-02-27,763,93,0.0
9104sf,2026-02-28,764,94,0.0
9104sf,2026-03-01,765,95,0.01
9104sf,2026-03-02,766,96,0.0
9104sf,2026-03-03,767,97,0.0
9104sf,2026-03-04,768,98,0.03
9104sf,2026-03-05,769,99,0.07
9104ub,2025-11-26,670,0,0.01
9104ub,2025-11-27,671,1,0.17
9104ub,2025-11-28,672,2,0.14
9104ub,2025-11-29,673,3,0.16
9104ub,2025-11-30,674,4,0.03
9104ub,2025-12-01,675,5,0.0
9104ub,2025-12-02,676,6,0.59
9104ub,2025-12-03,677,7,0.15
9104ub,2025-12-04,678,8,0.23
9104ub,2025-12-05,679,9,0.08
9104ub,2025-12-06,680,10,0.05
9104ub,2025-12-07,681,11,0.0
9104ub,2025-12-08,682,12,0.01
9104ub,2025-12-09,683,13,0.2
9104ub,2025-12-10,684,14,0.01
9104ub,2025-12-11,685,15,0.07
9104ub,2025-12-12,686,16,0.01
9104ub,2025-12-13,687,17,0.0
9104ub,2025-12-14,688,18,0.0
9104ub,2025-12-15,689,19,0.0
9104ub,2025-12-16,690,20,0.15
9104ub,2025-12-17,691,21,0.03
9104ub,2025-12-18,692,22,0.04
9104ub,2025-12-19,693,23,0.02
9104ub,2025-12-20,694,24,0.01
9104ub,2025-12-21,695,25,0.0
9104ub,2025-12-22,696,26,0.0
9104ub,2025-12-23,697,27,0.03
9104ub,2025-12-24,698,28,0.01
9104ub,2025-12-25,699,29,0.04
9104ub,2025-12-26,700,30,0.01
9104ub,2025-12-27,701,31,0.03
9104ub,2025-12-28,702,32,0.02
9104ub,2025-12-29,703,33,0.0
9104ub,2025-12-30,704,34,0.04
9104ub,2025-12-31,705,35,0.02
9104ub,2026-01-01,706,36,0.02
9104ub,2026-01-02,707,37,0.03
9104ub,2026-01-03,708,38,0.01
9104ub,2026-01-04,709,39,0.01
9104ub,2026-01-05,710,40,0.0
9104ub,2026-01-06,711,41,0.09
9104ub,2026-01-07,712,42,0.02
9104ub,2026-01-08,713,43,0.03
9104ub,2026-01-09,714,44,0.01
9104ub,2026-01-10,715,45,0.0
9104ub,2026-01-11,716,46,0.0
9104ub,2026-01-12,717,47,0.01
9104ub,2026-01-13,718,48,0.06
9104ub,2026-01-14,719,49,0.0
9104ub,2026-01-15,720,50,0.01
9104ub,2026-01-16,721,51,0.02
9104ub,2026-01-17,722,52,0.01
9104ub,2026-01-18,723,53,0.0
9104ub,2026-01-19,724,54,0.02
9104ub,2026-01-20,725,55,0.02
9104ub,2026-01-21,726,56,0.02
9104ub,2026-01-22,727,57,0.01
9104ub,2026-01-23,728,58,0.02
9104ub,2026-01-24,729,59,0.02
9104ub,2026-01-25,730,60,0.01
9104ub,2026-01-26,731,61,0.0
9104ub,2026-01-27,732,62,0.02
9104ub,2026-01-28,733,63,0.01
9104ub,2026-01-29,734,64,0.0
9104ub,2026-01-30,735,65,0.01
9104ub,2026-01-31,736,66,0.02
9104ub,2026-02-01,737,67,0.0
9104ub,2026-02-02,738,68,0.0
9104ub,2026-02-03,739,69,0.01
9104ub,2026-02-04,740,70,0.01
9104ub,2026-02-05,741,71,0.01
9104ub,2026-02-06,742,72,0.02
9104ub,2026-02-07,743,73,0.07
9104ub,2026-02-08,744,74,0.0
9104ub,2026-02-09,745,75,0.0
9104ub,2026-02-10,746,76,0.19
9104ub,2026-02-11,747,77,0.04
9104ub,2026-02-12,748,78,0.18
9104ub,2026-02-13,749,79,0.18
9104ub,2026-02-14,750,80,0.26
9104ub,2026-02-15,751,81,0.01
9104ub,2026-02-16,752,82,0.0
9104ub,2026-02-17,753,83,0.27
9104ub,2026-02-18,754,84,0.09
9104ub,2026-02-19,755,85,0.09
9104ub,2026-02-20,756,86,0.11
9104ub,2026-02-21,757,87,0.2
9104ub,2026-02-22,758,88,0.03
9104ub,2026-02-23,759,89,0.01
9104ub,2026-02-24,760,90,0.36
9104ub,2026-02-25,761,91,0.08
9104ub,2026-02-26,762,92,0.11
9104ub,2026-02-27,763,93,0.11
9104ub,2026-02-28,764,94,0.25
9104ub,2026-03-01,765,95,0.01
9104ub,2026-03-02,766,96,0.0
9104ub,2026-03-03,767,97,0.22
9104ub,2026-03-04,768,98,0.07
9104ub,2026-03-05,769,99,0.19
9105dx,2025-11-26,670,0,0.01
9105dx,2025-11-27,671,1,0.02
9105dx,2025-11-28,672,2,0.02
9105dx,2025-11-29,673,3,0.0
9105dx,2025-11-30,674,4,0.0
9105dx,2025-12-01,675,5,0.0
9105dx,2025-12-02,676,6,0.01
9105dx,2025-12-03,677,7,0.01
9105dx,2025-12-04,678,8,0.02
9105dx,2025-12-05,679,9,0.04
9105dx,2025-12-06,680,10,0.0
9105dx,2025-12-07,681,11,0.01
9105dx,2025-12-08,682,12,0.0
9105dx,2025-12-09,683,13,0.02
9105dx,2025-12-10,684,14,0.0
9105dx,2025-12-11,685,15,0.02
9105dx,2025-12-12,686,16,0.01
9105dx,2025-12-13,687,17,0.03
9105dx,2025-12-14,688,18,0.0
9105dx,2025-12-15,689,19,0.01
9105dx,2025-12-16,690,20,0.03
9105dx,2025-12-17,691,21,0.02
9105dx,2025-12-18,692,22,0.02
9105dx,2025-12-19,693,23,0.02
9105dx,2025-12-20,694,24,0.0
9105dx,2025-12-21,695,25,0.0
9105dx,2025-12-22,696,26,0.0
9105dx,2025-12-23,697,27,0.03
9105dx,2025-12-24,698,28,0.01
9105dx,2025-12-25,699,29,0.02
9105dx,2025-12-26,700,30,0.0
9105dx,2025-12-27,701,31,0.0
9105dx,2025-12-28,702,32,0.0
9105dx,2025-12-29,703,33,0.01
9105dx,2025-12-30,704,34,0.0
9105dx,2025-12-31,705,35,0.01
9105dx,2026-01-01,706,36,0.0
9105dx,2026-01-02,707,37,0.0
9105dx,2026-01-03,708,38,0.0
9105dx,2026-01-04,709,39,0.0
9105dx,2026-01-05,710,40,0.0
9105dx,2026-01-06,711,41,0.0
9105dx,2026-01-07,712,42,0.01
9105dx,2026-01-08,713,43,0.0
9105dx,2026-01-09,714,44,0.0
9105dx,2026-01-10,715,45,0.0
9105dx,2026-01-11,716,46,0.0
9105dx,2026-01-12,717,47,0.0
9105dx,2026-01-13,718,48,0.02
9105dx,2026-01-14,719,49,0.01
9105dx,2026-01-15,720,50,0.0
9105dx,2026-01-16,721,51,0.0
9105dx,2026-01-17,722,52,0.01
9105dx,2026-01-18,723,53,0.01
9105dx,2026-01-19,724,54,0.01
9105dx,2026-01-20,725,55,0.02
9105dx,2026-01-21,726,56,0.0
9105dx,2026-01-22,727,57,0.07
9105dx,2026-01-23,728,58,0.02
9105dx,2026-01-24,729,59,0.02
9105dx,2026-01-25,730,60,0.03
9105dx,2026-01-26,731,61,0.02
9105dx,2026-01-27,732,62,0.09
9105dx,2026-01-28,733,63,0.05
9105dx,2026-01-29,734,64,0.1
9105dx,2026-01-30,735,65,0.03
9105dx,2026-01-31,736,66,0.05
9105dx,2026-02-01,737,67,0.01
9105dx,2026-02-02,738,68,0.0
9105dx,2026-02-03,739,69,0.11
9105dx,2026-02-04,740,70,0.02
9105dx,2026-02-05,741,71,0.0
9105dx,2026-02-06,742,72,0.05
9105dx,2026-02-07,743,73,0.02
9105dx,2026-02-08,744,74,0.01
9105dx,2026-02-09,745,75,0.03
9105dx,2026-02-10,746,76,0.03
9105dx,2026-02-11,747,77,0.0
9105dx,2026-02-12,748,78,0.01
9105dx,2026-02-13,749,79,0.01
9105dx,2026-02-14,750,80,0.01
9105dx,2026-02-15,751,81,0.0
9105dx,2026-02-16,752,82,0.0
9105dx,2026-02-17,753,83,0.03
9105dx,2026-02-18,754,84,0.01
9105dx,2026-02-19,755,85,0.04
9105dx,2026-02-20,756,86,0.03
9105dx,2026-02-21,757,87,0.02
9105dx,2026-02-22,758,88,0.0
9105dx,2026-02-23,759,89,0.0
9105dx,2026-02-24,760,90,0.02
9105dx,2026-02-25,761,91,0.03
9105dx,2026-02-26,762,92,0.03
9105dx,2026-02-27,763,93,0.07
9105dx,2026-02-28,764,94,0.01
9105dx,2026-03-01,765,95,0.01
9105dx,2026-03-02,766,96,0.0
9105dx,2026-03-03,767,97,0.02
9105dx,2026-03-04,768,98,0.0
9105dx,2026-03-05,769,99,0.02
9105fz,2025-11-26,670,0,0.0
9105fz,2025-11-27,671,1,0.0
9105fz,2025-11-28,672,2,0.0
9105fz,2025-11-29,673,3,0.0
9105fz,2025-11-30,674,4,0.0
9105fz,2025-12-01,675,5,0.0
9105fz,2025-12-02,676,6,0.0
9105fz,2025-12-03,677,7,0.0
9105fz,2025-12-04,678,8,0.0
9105fz,2025-12-05,679,9,0.0
9105fz,2025-12-06,680,10,0.0
9105fz,2025-12-07,681,11,0.0
9105fz,2025-12-08,682,12,0.0
9105fz,2025-12-09,683,13,0.0
9105fz,2025-12-10,684,14,0.01
9105fz,2025-12-11,685,15,0.0
9105fz,2025-12-12,686,16,0.0
9105fz,2025-12-13,687,17,0.0
9105fz,2025-12-14,688,18,0.0
9105fz,2025-12-15,689,19,0.0
9105fz,2025-12-16,690,20,0.0
9105fz,2025-12-17,691,21,0.0
9105fz,2025-12-18,692,22,0.0
9105fz,2025-12-19,693,23,0.0
9105fz,2025-12-20,694,24,0.0
9105fz,2025-12-21,695,25,0.0
9105fz,2025-12-22,696,26,0.0
9105fz,2025-12-23,697,27,0.0
9105fz,2025-12-24,698,28,0.0
9105fz,2025-12-25,699,29,0.01
9105fz,2025-12-26,700,30,0.0
9105fz,2025-12-27,701,31,0.0
9105fz,2025-12-28,702,32,0.0
9105fz,2025-12-29,703,33,0.0
9105fz,2025-12-30,704,34,0.0
9105fz,2025-12-31,705,35,0.0
9105fz,2026-01-01,706,36,0.0
9105fz,2026-01-02,707,37,0.01
9105fz,2026-01-03,708,38,0.0
9105fz,2026-01-04,709,39,0.0
9105fz,2026-01-05,710,40,0.0
9105fz,2026-01-06,711,41,0.01
9105fz,2026-01-07,712,42,0.0
9105fz,2026-01-08,713,43,0.0
9105fz,2026-01-09,714,44,0.0
9105fz,2026-01-10,715,45,0.0
9105fz,2026-01-11,716,46,0.0
9105fz,2026-01-12,717,47,0.0
9105fz,2026-01-13,718,48,0.01
9105fz,2026-01-14,719,49,0.01
9105fz,2026-01-15,720,50,0.0
9105fz,2026-01-16,721,51,0.0
9105fz,2026-01-17,722,52,0.0
9105fz,2026-01-18,723,53,0.0
9105fz,2026-01-19,724,54,0.0
9105fz,2026-01-20,725,55,0.0
9105fz,2026-01-21,726,56,0.0
9105fz,2026-01-22,727,57,0.0
9105fz,2026-01-23,728,58,0.0
9105fz,2026-01-24,729,59,0.0
9105fz,2026-01-25,730,60,0.0
9105fz,2026-01-26,731,61,0.0
9105fz,2026-01-27,732,62,0.01
9105fz,2026-01-28,733,63,0.0
9105fz,2026-01-29,734,64,0.0
9105fz,2026-01-30,735,65,0.0
9105fz,2026-01-31,736,66,0.0
9105fz,2026-02-01,737,67,0.0
9105fz,2026-02-02,738,68,0.0
9105fz,2026-02-03,739,69,0.02
9105fz,2026-02-04,740,70,0.0
9105fz,2026-02-05,741,71,0.0
9105fz,2026-02-06,742,72,0.0
9105fz,2026-02-07,743,73,0.02
9105fz,2026-02-08,744,74,0.0
9105fz,2026-02-09,745,75,0.0
9105fz,2026-02-10,746,76,0.0
9105fz,2026-02-11,747,77,0.0
9105fz,2026-02-12,748,78,0.0
9105fz,2026-02-13,749,79,0.0
9105fz,2026-02-14,750,80,0.0
9105fz,2026-02-15,751,81,0.0
9105fz,2026-02-16,752,82,0.0
9105fz,2026-02-17,753,83,0.0
9105fz,2026-02-18,754,84,0.0
9105fz,2026-02-19,755,85,0.0
9105fz,2026-02-20,756,86,0.0
9105fz,2026-02-21,757,87,0.0
9105fz,2026-02-22,758,88,0.0
9105fz,2026-02-23,759,89,0.0
9105fz,2026-02-24,760,90,0.0
9105fz,2026-02-25,761,91,0.0
9105fz,2026-02-26,762,92,0.01
9105fz,2026-02-27,763,93,0.0
9105fz,2026-02-28,764,94,0.0
9105fz,2026-03-01,765,95,0.0
9105fz,2026-03-02,766,96,0.0
9105fz,2026-03-03,767,97,0.01
9105fz,2026-03-04,768,98,0.0
9105fz,2026-03-05,769,99,0.0
9105sf,2025-11-26,670,0,0.0
9105sf,2025-11-27,671,1,0.0
9105sf,2025-11-28,672,2,0.01
9105sf,2025-11-29,673,3,0.0
9105sf,2025-11-30,674,4,0.0
9105sf,2025-12-01,675,5,0.0
9105sf,2025-12-02,676,6,0.04
9105sf,2025-12-03,677,7,0.03
9105sf,2025-12-04,678,8,0.03
9105sf,2025-12-05,679,9,0.02
9105sf,2025-12-06,680,10,0.01
9105sf,2025-12-07,681,11,0.0
9105sf,2025-12-08,682,12,0.01
9105sf,2025-12-09,683,13,0.03
9105sf,2025-12-10,684,14,0.0
9105sf,2025-12-11,685,15,0.0
9105sf,2025-12-12,686,16,0.0
9105sf,2025-12-13,687,17,0.0
9105sf,2025-12-14,688,18,0.0
9105sf,2025-12-15,689,19,0.0
9105sf,2025-12-16,690,20,0.0
9105sf,2025-12-17,691,21,0.0
9105sf,2025-12-18,692,22,0.0
9105sf,2025-12-19,693,23,0.0
9105sf,2025-12-20,694,24,0.0
9105sf,2025-12-21,695,25,0.0
9105sf,2025-12-22,696,26,0.0
9105sf,2025-12-23,697,27,0.0
9105sf,2025-12-24,698,28,0.0
9105sf,2025-12-25,699,29,0.0
9105sf,2025-12-26,700,30,0.0
9105sf,2025-12-27,701,31,0.0
9105sf,2025-12-28,702,32,0.0
9105sf,2025-12-29,703,33,0.0
9105sf,2025-12-30,704,34,0.0
9105sf,2025-12-31,705,35,0.0
9105sf,2026-01-01,706,36,0.0
9105sf,2026-01-02,707,37,0.0
9105sf,2026-01-03,708,38,0.0
9105sf,2026-01-04,709,39,0.0
9105sf,2026-01-05,710,40,0.0
9105sf,2026-01-06,711,41,0.0
9105sf,2026-01-07,712,42,0.0
9105sf,2026-01-08,713,43,0.0
9105sf,2026-01-09,714,44,0.0
9105sf,2026-01-10,715,45,0.0
9105sf,2026-01-11,716,46,0.0
9105sf,2026-01-12,717,47,0.0
9105sf,2026-01-13,718,48,0.0
9105sf,2026-01-14,719,49,0.0
9105sf,2026-01-15,720,50,0.0
9105sf,2026-01-16,721,51,0.0
9105sf,2026-01-17,722,52,0.0
9105sf,2026-01-18,723,53,0.0
9105sf,2026-01-19,724,54,0.0
9105sf,2026-01-20,725,55,0.0
9105sf,2026-01-21,726,56,0.0
9105sf,2026-01-22,727,57,0.0
9105sf,2026-01-23,728,58,0.0
9105sf,2026-01-24,729,59,0.0
9105sf,2026-01-25,730,60,0.0
9105sf,2026-01-26,731,61,0.0
9105sf,2026-01-27,732,62,0.0
9105sf,2026-01-28,733,63,0.0
9105sf,2026-01-29,734,64,0.0
9105sf,2026-01-30,735,65,0.0
9105sf,2026-01-31,736,66,0.0
9105sf,2026-02-01,737,67,0.0
9105sf,2026-02-02,738,68,0.0
9105sf,2026-02-03,739,69,0.0
9105sf,2026-02-04,740,70,0.0
9105sf,2026-02-05,741,71,0.0
9105sf,2026-02-06,742,72,0.0
9105sf,2026-02-07,743,73,0.0
9105sf,2026-02-08,744,74,0.0
9105sf,2026-02-09,745,75,0.0
9105sf,2026-02-10,746,76,0.0
9105sf,2026-02-11,747,77,0.0
9105sf,2026-02-12,748,78,0.0
9105sf,2026-02-13,749,79,0.0
9105sf,2026-02-14,750,80,0.0
9105sf,2026-02-15,751,81,0.0
9105sf,2026-02-16,752,82,0.0
9105sf,2026-02-17,753,83,0.0
9105sf,2026-02-18,754,84,0.0
9105sf,2026-02-19,755,85,0.0
9105sf,2026-02-20,756,86,0.01
9105sf,2026-02-21,757,87,0.0
9105sf,2026-02-22,758,88,0.0
9105sf,2026-02-23,759,89,0.0
9105sf,2026-02-24,760,90,0.0
9105sf,2026-02-25,761,91,0.0
9105sf,2026-02-26,762,92,0.0
9105sf,2026-02-27,763,93,0.0
9105sf,2026-02-28,764,94,0.0
9105sf,2026-03-01,765,95,0.0
9105sf,2026-03-02,766,96,0.0
9105sf,2026-03-03,767,97,0.0
9105sf,2026-03-04,768,98,0.0
9105sf,2026-03-05,769,99,0.0
9105ub,2025-11-26,670,0,0.01
9105ub,2025-11-27,671,1,0.0
9105ub,2025-11-28,672,2,0.01
9105ub,2025-11-29,673,3,0.0
9105ub,2025-11-30,674,4,0.01
9105ub,2025-12-01,675,5,0.0
9105ub,2025-12-02,676,6,0.07
9105ub,2025-12-03,677,7,0.05
9105ub,2025-12-04,678,8,0.02
9105ub,2025-12-05,679,9,0.1
9105ub,2025-12-06,680,10,0.02
9105ub,2025-12-07,681,11,0.01
9105ub,2025-12-08,682,12,0.0
9105ub,2025-12-09,683,13,0.02
9105ub,2025-12-10,684,14,0.0
9105ub,2025-12-11,685,15,0.0
9105ub,2025-12-12,686,16,0.0
9105ub,2025-12-13,687,17,0.0
9105ub,2025-12-14,688,18,0.0
9105ub,2025-12-15,689,19,0.0
9105ub,2025-12-16,690,20,0.0
9105ub,2025-12-17,691,21,0.0
9105ub,2025-12-18,692,22,0.0
9105ub,2025-12-19,693,23,0.0
9105ub,2025-12-20,694,24,0.0
9105ub,2025-12-21,695,25,0.0
9105ub,2025-12-22,696,26,0.0
9105ub,2025-12-23,697,27,0.0
9105ub,2025-12-24,698,28,0.0
9105ub,2025-12-25,699,29,0.0
9105ub,2025-12-26,700,30,0.0
9105ub,2025-12-27,701,31,0.0
9105ub,2025-12-28,702,32,0.0
9105ub,2025-12-29,703,33,0.0
9105ub,2025-12-30,704,34,0.0
9105ub,2025-12-31,705,35,0.0
9105ub,2026-01-01,706,36,0.01
9105ub,2026-01-02,707,37,0.01
9105ub,2026-01-03,708,38,0.0
9105ub,2026-01-04,709,39,0.0
9105ub,2026-01-05,710,40,0.0
9105ub,2026-01-06,711,41,0.01
9105ub,2026-01-07,712,42,0.0
9105ub,2026-01-08,713,43,0.0
9105ub,2026-01-09,714,44,0.01
9105ub,2026-01-10,715,45,0.0
9105ub,2026-01-11,716,46,0.0
9105ub,2026-01-12,717,47,0.0
9105ub,2026-01-13,718,48,0.01
9105ub,2026-01-14,719,49,0.0
9105ub,2026-01-15,720,50,0.01
9105ub,2026-01-16,721,51,0.0
9105ub,2026-01-17,722,52,0.01
9105ub,2026-01-18,723,53,0.0
9105ub,2026-01-19,724,54,0.0
9105ub,2026-01-20,725,55,0.01
9105ub,2026-01-21,726,56,0.0
9105ub,2026-01-22,727,57,0.01
9105ub,2026-01-23,728,58,0.0
9105ub,2026-01-24,729,59,0.01
9105ub,2026-01-25,730,60,0.01
9105ub,2026-01-26,731,61,0.01
9105ub,2026-01-27,732,62,0.18
9105ub,2026-01-28,733,63,0.06
9105ub,2026-01-29,734,64,0.03
9105ub,2026-01-30,735,65,0.04
9105ub,2026-01-31,736,66,0.01
9105ub,2026-02-01,737,67,0.01
9105ub,2026-02-02,738,68,0.0
9105ub,2026-02-03,739,69,0.04
9105ub,2026-02-04,740,70,0.01
9105ub,2026-02-05,741,71,0.03
9105ub,2026-02-06,742,72,0.01
9105ub,2026-02-07,743,73,0.01
9105ub,2026-02-08,744,74,0.01
9105ub,2026-02-09,745,75,0.0
9105ub,2026-02-10,746,76,0.04
9105ub,2026-02-11,747,77,0.01
9105ub,2026-02-12,748,78,0.01
9105ub,2026-02-13,749,79,0.04
9105ub,2026-02-14,750,80,0.03
9105ub,2026-02-15,751,81,0.01
9105ub,2026-02-16,752,82,0.0
9105ub,2026-02-17,753,83,0.08
9105ub,2026-02-18,754,84,0.01
9105ub,2026-02-19,755,85,0.01
9105ub,2026-02-20,756,86,0.05
9105ub,2026-02-21,757,87,0.03
9105ub,2026-02-22,758,88,0.01
9105ub,2026-02-23,759,89,0.01
9105ub,2026-02-24,760,90,0.09
9105ub,2026-02-25,761,91,0.02
9105ub,2026-02-26,762,92,0.01
9105ub,2026-02-27,763,93,0.02
9105ub,2026-02-28,764,94,0.0
9105ub,2026-03-01,765,95,0.01
9105ub,2026-03-02,766,96,0.0
9105ub,2026-03-03,767,97,0.03
9105ub,2026-03-04,768,98,0.01
9105ub,2026-03-05,769,99,0.02
9106dx,2025-11-26,670,0,0.0
9106dx,2025-11-27,671,1,0.0
9106dx,2025-11-28,672,2,0.04
9106dx,2025-11-29,673,3,0.02
9106dx,2025-11-30,674,4,0.01
9106dx,2025-12-01,675,5,0.0
9106dx,2025-12-02,676,6,0.11
9106dx,2025-12-03,677,7,0.04
9106dx,2025-12-04,678,8,0.02
9106dx,2025-12-05,679,9,0.02
9106dx,2025-12-06,680,10,0.03
9106dx,2025-12-07,681,11,0.0
9106dx,2025-12-08,682,12,0.0
9106dx,2025-12-09,683,13,0.02
9106dx,2025-12-10,684,14,0.0
9106dx,2025-12-11,685,15,0.0
9106dx,2025-12-12,686,16,0.0
9106dx,2025-12-13,687,17,0.0
9106dx,2025-12-14,688,18,0.0
9106dx,2025-12-15,689,19,0.01
9106dx,2025-12-16,690,20,0.0
9106dx,2025-12-17,691,21,0.0
9106dx,2025-12-18,692,22,0.01
9106dx,2025-12-19,693,23,0.01
9106dx,2025-12-20,694,24,0.0
9106dx,2025-12-21,695,25,0.0
9106dx,2025-12-22,696,26,0.0
9106dx,2025-12-23,697,27,0.0
9106dx,2025-12-24,698,28,0.0
9106dx,2025-12-25,699,29,0.0
9106dx,2025-12-26,700,30,0.0
9106dx,2025-12-27,701,31,0.0
9106dx,2025-12-28,702,32,0.0
9106dx,2025-12-29,703,33,0.0
9106dx,2025-12-30,704,34,0.01
9106dx,2025-12-31,705,35,0.0
9106dx,2026-01-01,706,36,0.0
9106dx,2026-01-02,707,37,0.0
9106dx,2026-01-03,708,38,0.0
9106dx,2026-01-04,709,39,0.0
9106dx,2026-01-05,710,40,0.0
9106dx,2026-01-06,711,41,0.02
9106dx,2026-01-07,712,42,0.0
9106dx,2026-01-08,713,43,0.0
9106dx,2026-01-09,714,44,0.01
9106dx,2026-01-10,715,45,0.01
9106dx,2026-01-11,716,46,0.0
9106dx,2026-01-12,717,47,0.01
9106dx,2026-01-13,718,48,0.1
9106dx,2026-01-14,719,49,0.12
9106dx,2026-01-15,720,50,0.05
9106dx,2026-01-16,721,51,0.01
9106dx,2026-01-17,722,52,0.02
9106dx,2026-01-18,723,53,0.0
9106dx,2026-01-19,724,54,0.01
9106dx,2026-01-20,725,55,0.14
9106dx,2026-01-21,726,56,0.02
9106dx,2026-01-22,727,57,0.02
9106dx,2026-01-23,728,58,0.0
9106dx,2026-01-24,729,59,0.02
9106dx,2026-01-25,730,60,0.0
9106dx,2026-01-26,731,61,0.0
9106dx,2026-01-27,732,62,0.09
9106dx,2026-01-28,733,63,0.02
9106dx,2026-01-29,734,64,0.01
9106dx,2026-01-30,735,65,0.03
9106dx,2026-01-31,736,66,0.04
9106dx,2026-02-01,737,67,0.0
9106dx,2026-02-02,738,68,0.0
9106dx,2026-02-03,739,69,0.02
9106dx,2026-02-04,740,70,0.01
9106dx,2026-02-05,741,71,0.0
9106dx,2026-02-06,742,72,0.0
9106dx,2026-02-07,743,73,0.0
9106dx,2026-02-08,744,74,0.0
9106dx,2026-02-09,745,75,0.0
9106dx,2026-02-10,746,76,0.0
9106dx,2026-02-11,747,77,0.0
9106dx,2026-02-12,748,78,0.0
9106dx,2026-02-13,749,79,0.0
9106dx,2026-02-14,750,80,0.0
9106dx,2026-02-15,751,81,0.0
9106dx,2026-02-16,752,82,0.0
9106dx,2026-02-17,753,83,0.0
9106dx,2026-02-18,754,84,0.0
9106dx,2026-02-19,755,85,0.01
9106dx,2026-02-20,756,86,0.0
9106dx,2026-02-21,757,87,0.0
9106dx,2026-02-22,758,88,0.0
9106dx,2026-02-23,759,89,0.0
9106dx,2026-02-24,760,90,0.0
9106dx,2026-02-25,761,91,0.0
9106dx,2026-02-26,762,92,0.01
9106dx,2026-02-27,763,93,0.0
9106dx,2026-02-28,764,94,0.01
9106dx,2026-03-01,765,95,0.0
9106dx,2026-03-02,766,96,0.0
9106dx,2026-03-03,767,97,0.0
9106dx,2026-03-04,768,98,0.0
9106dx,2026-03-05,769,99,0.0
9106sf,2025-11-26,670,0,0.0
9106sf,2025-11-27,671,1,0.0
9106sf,2025-11-28,672,2,0.0
9106sf,2025-11-29,673,3,0.0
9106sf,2025-11-30,674,4,0.0
9106sf,2025-12-01,675,5,0.0
9106sf,2025-12-02,676,6,0.0
9106sf,2025-12-03,677,7,0.0
9106sf,2025-12-04,678,8,0.0
9106sf,2025-12-05,679,9,0.0
9106sf,2025-12-06,680,10,0.0
9106sf,2025-12-07,681,11,0.0
9106sf,2025-12-08,682,12,0.0
9106sf,2025-12-09,683,13,0.0
9106sf,2025-12-10,684,14,0.0
9106sf,2025-12-11,685,15,0.0
9106sf,2025-12-12,686,16,0.0
9106sf,2025-12-13,687,17,0.0
9106sf,2025-12-14,688,18,0.0
9106sf,2025-12-15,689,19,0.0
9106sf,2025-12-16,690,20,0.0
9106sf,2025-12-17,691,21,0.0
9106sf,2025-12-18,692,22,0.0
9106sf,2025-12-19,693,23,0.0
9106sf,2025-12-20,694,24,0.0
9106sf,2025-12-21,695,25,0.0
9106sf,2025-12-22,696,26,0.0
9106sf,2025-12-23,697,27,0.0
9106sf,2025-12-24,698,28,0.0
9106sf,2025-12-25,699,29,0.0
9106sf,2025-12-26,700,30,0.01
9106sf,2025-12-27,701,31,0.0
9106sf,2025-12-28,702,32,0.0
9106sf,2025-12-29,703,33,0.0
9106sf,2025-12-30,704,34,0.0
9106sf,2025-12-31,705,35,0.0
9106sf,2026-01-01,706,36,0.0
9106sf,2026-01-02,707,37,0.0
9106sf,2026-01-03,708,38,0.0
9106sf,2026-01-04,709,39,0.0
9106sf,2026-01-05,710,40,0.0
9106sf,2026-01-06,711,41,0.0
9106sf,2026-01-07,712,42,0.0
9106sf,2026-01-08,713,43,0.0
9106sf,2026-01-09,714,44,0.01
9106sf,2026-01-10,715,45,0.0
9106sf,2026-01-11,716,46,0.0
9106sf,2026-01-12,717,47,0.0
9106sf,2026-01-13,718,48,0.0
9106sf,2026-01-14,719,49,0.0
9106sf,2026-01-15,720,50,0.0
9106sf,2026-01-16,721,51,0.0
9106sf,2026-01-17,722,52,0.0
9106sf,2026-01-18,723,53,0.0
9106sf,2026-01-19,724,54,0.0
9106sf,2026-01-20,725,55,0.0
9106sf,2026-01-21,726,56,0.0
9106sf,2026-01-22,727,57,0.0
9106sf,2026-01-23,728,58,0.0
9106sf,2026-01-24,729,59,0.0
9106sf,2026-01-25,730,60,0.0
9106sf,2026-01-26,731,61,0.0
9106sf,2026-01-27,732,62,0.0
9106sf,2026-01-28,733,63,0.0
9106sf,2026-01-29,734,64,0.0
9106sf,2026-01-30,735,65,0.0
9106sf,2026-01-31,736,66,0.0
9106sf,2026-02-01,737,67,0.0
9106sf,2026-02-02,738,68,0.0
9106sf,2026-02-03,739,69,0.0
9106sf,2026-02-04,740,70,0.0
9106sf,2026-02-05,741,71,0.0
9106sf,2026-02-06,742,72,0.0
9106sf,2026-02-07,743,73,0.0
9106sf,2026-02-08,744,74,0.0
9106sf,2026-02-09,745,75,0.0
9106sf,2026-02-10,746,76,0.0
9106sf,2026-02-11,747,77,0.0
9106sf,2026-02-12,748,78,0.0
9106sf,2026-02-13,749,79,0.0
9106sf,2026-02-14,750,80,0.0
9106sf,2026-02-15,751,81,0.0
9106sf,2026-02-16,752,82,0.0
9106sf,2026-02-17,753,83,0.0
9106sf,2026-02-18,754,84,0.0
9106sf,2026-02-19,755,85,0.0
9106sf,2026-02-20,756,86,0.0
9106sf,2026-02-21,757,87,0.0
9106sf,2026-02-22,758,88,0.0
9106sf,2026-02-23,759,89,0.0
9106sf,2026-02-24,760,90,0.0
9106sf,2026-02-25,761,91,0.0
9106sf,2026-02-26,762,92,0.0
9106sf,2026-02-27,763,93,0.0
9106sf,2026-02-28,764,94,0.0
9106sf,2026-03-01,765,95,0.0
9106sf,2026-03-02,766,96,0.0
9106sf,2026-03-03,767,97,0.0
9106sf,2026-03-04,768,98,0.0
9106sf,2026-03-05,769,99,0.0
9106ub,2025-11-26,670,0,0.0
9106ub,2025-11-27,671,1,0.0
9106ub,2025-11-28,672,2,0.0
9106ub,2025-11-29,673,3,0.0
9106ub,2025-11-30,674,4,0.0
9106ub,2025-12-01,675,5,0.0
9106ub,2025-12-02,676,6,0.0
9106ub,2025-12-03,677,7,0.0
9106ub,2025-12-04,678,8,0.0
9106ub,2025-12-05,679,9,0.0
9106ub,2025-12-06,680,10,0.0
9106ub,2025-12-07,681,11,0.0
9106ub,2025-12-08,682,12,0.0
9106ub,2025-12-09,683,13,0.0
9106ub,2025-12-10,684,14,0.0
9106ub,2025-12-11,685,15,0.0
9106ub,2025-12-12,686,16,0.0
9106ub,2025-12-13,687,17,0.0
9106ub,2025-12-14,688,18,0.0
9106ub,2025-12-15,689,19,0.0
9106ub,2025-12-16,690,20,0.0
9106ub,2025-12-17,691,21,0.0
9106ub,2025-12-18,692,22,0.0
9106ub,2025-12-19,693,23,0.0
9106ub,2025-12-20,694,24,0.0
9106ub,2025-12-21,695,25,0.0
9106ub,2025-12-22,696,26,0.0
9106ub,2025-12-23,697,27,0.0
9106ub,2025-12-24,698,28,0.0
9106ub,2025-12-25,699,29,0.0
9106ub,2025-12-26,700,30,0.0
9106ub,2025-12-27,701,31,0.0
9106ub,2025-12-28,702,32,0.0
9106ub,2025-12-29,703,33,0.0
9106ub,2025-12-30,704,34,0.0
9106ub,2025-12-31,705,35,0.0
9106ub,2026-01-01,706,36,0.0
9106ub,2026-01-02,707,37,0.0
9106ub,2026-01-03,708,38,0.0
9106ub,2026-01-04,709,39,0.0
9106ub,2026-01-05,710,40,0.0
9106ub,2026-01-06,711,41,0.0
9106ub,2026-01-07,712,42,0.0
9106ub,2026-01-08,713,43,0.0
9106ub,2026-01-09,714,44,0.0
9106ub,2026-01-10,715,45,0.0
9106ub,2026-01-11,716,46,0.0
9106ub,2026-01-12,717,47,0.0
9106ub,2026-01-13,718,48,0.0
9106ub,2026-01-14,719,49,0.0
9106ub,2026-01-15,720,50,0.0
9106ub,2026-01-16,721,51,0.0
9106ub,2026-01-17,722,52,0.0
9106ub,2026-01-18,723,53,0.0
9106ub,2026-01-19,724,54,0.0
9106ub,2026-01-20,725,55,0.0
9106ub,2026-01-21,726,56,0.0
9106ub,2026-01-22,727,57,0.0
9106ub,2026-01-23,728,58,0.0
9106ub,2026-01-24,729,59,0.0
9106ub,2026-01-25,730,60,0.0
9106ub,2026-01-26,731,61,0.0
9106ub,2026-01-27,732,62,0.0
9106ub,2026-01-28,733,63,0.0
9106ub,2026-01-29,734,64,0.01
9106ub,2026-01-30,735,65,0.0
9106ub,2026-01-31,736,66,0.0
9106ub,2026-02-01,737,67,0.0
9106ub,2026-02-02,738,68,0.0
9106ub,2026-02-03,739,69,0.0
9106ub,2026-02-04,740,70,0.0
9106ub,2026-02-05,741,71,0.0
9106ub,2026-02-06,742,72,0.0
9106ub,2026-02-07,743,73,0.0
9106ub,2026-02-08,744,74,0.0
9106ub,2026-02-09,745,75,0.0
9106ub,2026-02-10,746,76,0.0
9106ub,2026-02-11,747,77,0.0
9106ub,2026-02-12,748,78,0.0
9106ub,2026-02-13,749,79,0.0
9106ub,2026-02-14,750,80,0.0
9106ub,2026-02-15,751,81,0.01
9106ub,2026-02-16,752,82,0.0
9106ub,2026-02-17,753,83,0.0
9106ub,2026-02-18,754,84,0.0
9106ub,2026-02-19,755,85,0.0
9106ub,2026-02-20,756,86,0.0
9106ub,2026-02-21,757,87,0.0
9106ub,2026-02-22,758,88,0.0
9106ub,2026-02-23,759,89,0.0
9106ub,2026-02-24,760,90,0.0
9106ub,2026-02-25,761,91,0.0
9106ub,2026-02-26,762,92,0.0
9106ub,2026-02-27,763,93,0.0
9106ub,2026-02-28,764,94,0.0
9106ub,2026-03-01,765,95,0.0
9106ub,2026-03-02,766,96,0.0
9106ub,2026-03-03,767,97,0.0
9106ub,2026-03-04,768,98,0.01
9106ub,2026-03-05,769,99,0.0
9107dx,2025-11-26,670,0,0.0
9107dx,2025-11-27,671,1,0.01
9107dx,2025-11-28,672,2,0.02
9107dx,2025-11-29,673,3,0.03
9107dx,2025-11-30,674,4,0.03
9107dx,2025-12-01,675,5,0.0
9107dx,2025-12-02,676,6,0.16
9107dx,2025-12-03,677,7,0.13
9107dx,2025-12-04,678,8,0.07
9107dx,2025-12-05,679,9,0.02
9107dx,2025-12-06,680,10,0.02
9107dx,2025-12-07,681,11,0.0
9107dx,2025-12-08,682,12,0.0
9107dx,2025-12-09,683,13,0.05
9107dx,2025-12-10,684,14,0.0
9107dx,2025-12-11,685,15,0.0
9107dx,2025-12-12,686,16,0.01
9107dx,2025-12-13,687,17,0.01
9107dx,2025-12-14,688,18,0.0
9107dx,2025-12-15,689,19,0.0
9107dx,2025-12-16,690,20,0.02
9107dx,2025-12-17,691,21,0.0
9107dx,2025-12-18,692,22,0.01
9107dx,2025-12-19,693,23,0.0
9107dx,2025-12-20,694,24,0.0
9107dx,2025-12-21,695,25,0.0
9107dx,2025-12-22,696,26,0.0
9107dx,2025-12-23,697,27,0.01
9107dx,2025-12-24,698,28,0.01
9107dx,2025-12-25,699,29,0.0
9107dx,2025-12-26,700,30,0.01
9107dx,2025-12-27,701,31,0.0
9107dx,2025-12-28,702,32,0.01
9107dx,2025-12-29,703,33,0.0
9107dx,2025-12-30,704,34,0.01
9107dx,2025-12-31,705,35,0.0
9107dx,2026-01-01,706,36,0.01
9107dx,2026-01-02,707,37,0.01
9107dx,2026-01-03,708,38,0.0
9107dx,2026-01-04,709,39,0.0
9107dx,2026-01-05,710,40,0.0
9107dx,2026-01-06,711,41,0.03
9107dx,2026-01-07,712,42,0.02
9107dx,2026-01-08,713,43,0.02
9107dx,2026-01-09,714,44,0.01
9107dx,2026-01-10,715,45,0.0
9107dx,2026-01-11,716,46,0.01
9107dx,2026-01-12,717,47,0.01
9107dx,2026-01-13,718,48,0.03
9107dx,2026-01-14,719,49,0.01
9107dx,2026-01-15,720,50,0.01
9107dx,2026-01-16,721,51,0.0
9107dx,2026-01-17,722,52,0.01
9107dx,2026-01-18,723,53,0.0
9107dx,2026-01-19,724,54,0.0
9107dx,2026-01-20,725,55,0.04
9107dx,2026-01-21,726,56,0.04
9107dx,2026-01-22,727,57,0.0
9107dx,2026-01-23,728,58,0.02
9107dx,2026-01-24,729,59,0.02
9107dx,2026-01-25,730,60,0.0
9107dx,2026-01-26,731,61,0.0
9107dx,2026-01-27,732,62,0.14
9107dx,2026-01-28,733,63,0.0
9107dx,2026-01-29,734,64,0.01
9107dx,2026-01-30,735,65,0.0
9107dx,2026-01-31,736,66,0.0
9107dx,2026-02-01,737,67,0.0
9107dx,2026-02-02,738,68,0.01
9107dx,2026-02-03,739,69,0.01
9107dx,2026-02-04,740,70,0.0
9107dx,2026-02-05,741,71,0.01
9107dx,2026-02-06,742,72,0.01
9107dx,2026-02-07,743,73,0.02
9107dx,2026-02-08,744,74,0.0
9107dx,2026-02-09,745,75,0.0
9107dx,2026-02-10,746,76,0.05
9107dx,2026-02-11,747,77,0.01
9107dx,2026-02-12,748,78,0.04
9107dx,2026-02-13,749,79,0.04
9107dx,2026-02-14,750,80,0.02
9107dx,2026-02-15,751,81,0.0
9107dx,2026-02-16,752,82,0.01
9107dx,2026-02-17,753,83,0.22
9107dx,2026-02-18,754,84,0.09
9107dx,2026-02-19,755,85,0.17
9107dx,2026-02-20,756,86,0.22
9107dx,2026-02-21,757,87,0.16
9107dx,2026-02-22,758,88,0.0
9107dx,2026-02-23,759,89,0.0
9107dx,2026-02-24,760,90,0.8
9107dx,2026-02-25,761,91,0.39
9107dx,2026-02-26,762,92,0.32
9107dx,2026-02-27,763,93,0.21
9107dx,2026-02-28,764,94,0.16
9107dx,2026-03-01,765,95,0.0
9107dx,2026-03-02,766,96,0.0
9107dx,2026-03-03,767,97,0.47
9107dx,2026-03-04,768,98,0.29
9107dx,2026-03-05,769,99,0.3
9107fz,2025-11-26,670,0,0.0
9107fz,2025-11-27,671,1,0.0
9107fz,2025-11-28,672,2,0.0
9107fz,2025-11-29,673,3,0.0
9107fz,2025-11-30,674,4,0.0
9107fz,2025-12-01,675,5,0.0
9107fz,2025-12-02,676,6,0.0
9107fz,2025-12-03,677,7,0.0
9107fz,2025-12-04,678,8,0.0
9107fz,2025-12-05,679,9,0.0
9107fz,2025-12-06,680,10,0.0
9107fz,2025-12-07,681,11,0.0
9107fz,2025-12-08,682,12,0.0
9107fz,2025-12-09,683,13,0.01
9107fz,2025-12-10,684,14,0.0
9107fz,2025-12-11,685,15,0.0
9107fz,2025-12-12,686,16,0.0
9107fz,2025-12-13,687,17,0.0
9107fz,2025-12-14,688,18,0.0
9107fz,2025-12-15,689,19,0.0
9107fz,2025-12-16,690,20,0.01
9107fz,2025-12-17,691,21,0.0
9107fz,2025-12-18,692,22,0.0
9107fz,2025-12-19,693,23,0.0
9107fz,2025-12-20,694,24,0.0
9107fz,2025-12-21,695,25,0.0
9107fz,2025-12-22,696,26,0.0
9107fz,2025-12-23,697,27,0.01
9107fz,2025-12-24,698,28,0.01
9107fz,2025-12-25,699,29,0.0
9107fz,2025-12-26,700,30,0.0
9107fz,2025-12-27,701,31,0.0
9107fz,2025-12-28,702,32,0.0
9107fz,2025-12-29,703,33,0.0
9107fz,2025-12-30,704,34,0.02
9107fz,2025-12-31,705,35,0.0
9107fz,2026-01-01,706,36,0.01
9107fz,2026-01-02,707,37,0.0
9107fz,2026-01-03,708,38,0.0
9107fz,2026-01-04,709,39,0.01
9107fz,2026-01-05,710,40,0.0
9107fz,2026-01-06,711,41,0.0
9107fz,2026-01-07,712,42,0.0
9107fz,2026-01-08,713,43,0.0
9107fz,2026-01-09,714,44,0.0
9107fz,2026-01-10,715,45,0.01
9107fz,2026-01-11,716,46,0.0
9107fz,2026-01-12,717,47,0.0
9107fz,2026-01-13,718,48,0.0
9107fz,2026-01-14,719,49,0.0
9107fz,2026-01-15,720,50,0.0
9107fz,2026-01-16,721,51,0.0
9107fz,2026-01-17,722,52,0.0
9107fz,2026-01-18,723,53,0.0
9107fz,2026-01-19,724,54,0.0
9107fz,2026-01-20,725,55,0.02
9107fz,2026-01-21,726,56,0.0
9107fz,2026-01-22,727,57,0.0
9107fz,2026-01-23,728,58,0.0
9107fz,2026-01-24,729,59,0.0
9107fz,2026-01-25,730,60,0.0
9107fz,2026-01-26,731,61,0.0
9107fz,2026-01-27,732,62,0.0
9107fz,2026-01-28,733,63,0.01
9107fz,2026-01-29,734,64,0.01
9107fz,2026-01-30,735,65,0.01
9107fz,2026-01-31,736,66,0.0
9107fz,2026-02-01,737,67,0.0
9107fz,2026-02-02,738,68,0.0
9107fz,2026-02-03,739,69,0.0
9107fz,2026-02-04,740,70,0.0
9107fz,2026-02-05,741,71,0.0
9107fz,2026-02-06,742,72,0.0
9107fz,2026-02-07,743,73,0.0
9107fz,2026-02-08,744,74,0.0
9107fz,2026-02-09,745,75,0.0
9107fz,2026-02-10,746,76,0.02
9107fz,2026-02-11,747,77,0.0
9107fz,2026-02-12,748,78,0.0
9107fz,2026-02-13,749,79,0.0
9107fz,2026-02-14,750,80,0.0
9107fz,2026-02-15,751,81,0.01
9107fz,2026-02-16,752,82,0.0
9107fz,2026-02-17,753,83,0.0
9107fz,2026-02-18,754,84,0.02
9107fz,2026-02-19,755,85,0.01
9107fz,2026-02-20,756,86,0.0
9107fz,2026-02-21,757,87,0.02
9107fz,2026-02-22,758,88,0.01
9107fz,2026-02-23,759,89,0.01
9107fz,2026-02-24,760,90,0.03
9107fz,2026-02-25,761,91,0.01
9107fz,2026-02-26,762,92,0.0
9107fz,2026-02-27,763,93,0.02
9107fz,2026-02-28,764,94,0.01
9107fz,2026-03-01,765,95,0.0
9107fz,2026-03-02,766,96,0.0
9107fz,2026-03-03,767,97,0.0
9107fz,2026-03-04,768,98,0.0
9107fz,2026-03-05,769,99,0.01
9107sf,2025-11-26,670,0,0.0
9107sf,2025-11-27,671,1,0.0
9107sf,2025-11-28,672,2,0.0
9107sf,2025-11-29,673,3,0.0
9107sf,2025-11-30,674,4,0.0
9107sf,2025-12-01,675,5,0.0
9107sf,2025-12-02,676,6,0.02
9107sf,2025-12-03,677,7,0.02
9107sf,2025-12-04,678,8,0.0
9107sf,2025-12-05,679,9,0.0
9107sf,2025-12-06,680,10,0.0
9107sf,2025-12-07,681,11,0.0
9107sf,2025-12-08,682,12,0.0
9107sf,2025-12-09,683,13,0.03
9107sf,2025-12-10,684,14,0.03
9107sf,2025-12-11,685,15,0.03
9107sf,2025-12-12,686,16,0.02
9107sf,2025-12-13,687,17,0.0
9107sf,2025-12-14,688,18,0.0
9107sf,2025-12-15,689,19,0.0
9107sf,2025-12-16,690,20,0.0
9107sf,2025-12-17,691,21,0.0
9107sf,2025-12-18,692,22,0.0
9107sf,2025-12-19,693,23,0.0
9107sf,2025-12-20,694,24,0.0
9107sf,2025-12-21,695,25,0.0
9107sf,2025-12-22,696,26,0.0
9107sf,2025-12-23,697,27,0.0
9107sf,2025-12-24,698,28,0.0
9107sf,2025-12-25,699,29,0.0
9107sf,2025-12-26,700,30,0.0
9107sf,2025-12-27,701,31,0.0
9107sf,2025-12-28,702,32,0.01
9107sf,2025-12-29,703,33,0.0
9107sf,2025-12-30,704,34,0.0
9107sf,2025-12-31,705,35,0.0
9107sf,2026-01-01,706,36,0.0
9107sf,2026-01-02,707,37,0.0
9107sf,2026-01-03,708,38,0.0
9107sf,2026-01-04,709,39,0.0
9107sf,2026-01-05,710,40,0.0
9107sf,2026-01-06,711,41,0.0
9107sf,2026-01-07,712,42,0.0
9107sf,2026-01-08,713,43,0.0
9107sf,2026-01-09,714,44,0.0
9107sf,2026-01-10,715,45,0.0
9107sf,2026-01-11,716,46,0.0
9107sf,2026-01-12,717,47,0.0
9107sf,2026-01-13,718,48,0.0
9107sf,2026-01-14,719,49,0.0
9107sf,2026-01-15,720,50,0.0
9107sf,2026-01-16,721,51,0.0
9107sf,2026-01-17,722,52,0.0
9107sf,2026-01-18,723,53,0.0
9107sf,2026-01-19,724,54,0.0
9107sf,2026-01-20,725,55,0.0
9107sf,2026-01-21,726,56,0.0
9107sf,2026-01-22,727,57,0.01
9107sf,2026-01-23,728,58,0.01
9107sf,2026-01-24,729,59,0.0
9107sf,2026-01-25,730,60,0.0
9107sf,2026-01-26,731,61,0.0
9107sf,2026-01-27,732,62,0.0
9107sf,2026-01-28,733,63,0.0
9107sf,2026-01-29,734,64,0.0
9107sf,2026-01-30,735,65,0.0
9107sf,2026-01-31,736,66,0.0
9107sf,2026-02-01,737,67,0.0
9107sf,2026-02-02,738,68,0.0
9107sf,2026-02-03,739,69,0.0
9107sf,2026-02-04,740,70,0.0
9107sf,2026-02-05,741,71,0.0
9107sf,2026-02-06,742,72,0.0
9107sf,2026-02-07,743,73,0.0
9107sf,2026-02-08,744,74,0.0
9107sf,2026-02-09,745,75,0.0
9107sf,2026-02-10,746,76,0.0
9107sf,2026-02-11,747,77,0.01
9107sf,2026-02-12,748,78,0.0
9107sf,2026-02-13,749,79,0.0
9107sf,2026-02-14,750,80,0.01
9107sf,2026-02-15,751,81,0.0
9107sf,2026-02-16,752,82,0.02
9107sf,2026-02-17,753,83,0.01
9107sf,2026-02-18,754,84,0.0
9107sf,2026-02-19,755,85,0.0
9107sf,2026-02-20,756,86,0.0
9107sf,2026-02-21,757,87,0.0
9107sf,2026-02-22,758,88,0.0
9107sf,2026-02-23,759,89,0.0
9107sf,2026-02-24,760,90,0.0
9107sf,2026-02-25,761,91,0.0
9107sf,2026-02-26,762,92,0.0
9107sf,2026-02-27,763,93,0.01
9107sf,2026-02-28,764,94,0.0
9107sf,2026-03-01,765,95,0.0
9107sf,2026-03-02,766,96,0.0
9107sf,2026-03-03,767,97,0.0
9107sf,2026-03-04,768,98,0.0
9107sf,2026-03-05,769,99,0.01
9107ub,2025-11-26,670,0,0.0
9107ub,2025-11-27,671,1,0.0
9107ub,2025-11-28,672,2,0.0
9107ub,2025-11-29,673,3,0.0
9107ub,2025-11-30,674,4,0.0
9107ub,2025-12-01,675,5,0.0
9107ub,2025-12-02,676,6,0.0
9107ub,2025-12-03,677,7,0.0
9107ub,2025-12-04,678,8,0.0
9107ub,2025-12-05,679,9,0.0
9107ub,2025-12-06,680,10,0.0
9107ub,2025-12-07,681,11,0.0
9107ub,2025-12-08,682,12,0.0
9107ub,2025-12-09,683,13,0.0
9107ub,2025-12-10,684,14,0.0
9107ub,2025-12-11,685,15,0.0
9107ub,2025-12-12,686,16,0.0
9107ub,2025-12-13,687,17,0.0
9107ub,2025-12-14,688,18,0.0
9107ub,2025-12-15,689,19,0.0
9107ub,2025-12-16,690,20,0.0
9107ub,2025-12-17,691,21,0.0
9107ub,2025-12-18,692,22,0.0
9107ub,2025-12-19,693,23,0.0
9107ub,2025-12-20,694,24,0.0
9107ub,2025-12-21,695,25,0.0
9107ub,2025-12-22,696,26,0.0
9107ub,2025-12-23,697,27,0.0
9107ub,2025-12-24,698,28,0.01
9107ub,2025-12-25,699,29,0.0
9107ub,2025-12-26,700,30,0.0
9107ub,2025-12-27,701,31,0.0
9107ub,2025-12-28,702,32,0.0
9107ub,2025-12-29,703,33,0.0
9107ub,2025-12-30,704,34,0.0
9107ub,2025-12-31,705,35,0.0
9107ub,2026-01-01,706,36,0.0
9107ub,2026-01-02,707,37,0.0
9107ub,2026-01-03,708,38,0.0
9107ub,2026-01-04,709,39,0.0
9107ub,2026-01-05,710,40,0.0
9107ub,2026-01-06,711,41,0.01
9107ub,2026-01-07,712,42,0.0
9107ub,2026-01-08,713,43,0.0
9107ub,2026-01-09,714,44,0.0
9107ub,2026-01-10,715,45,0.0
9107ub,2026-01-11,716,46,0.0
9107ub,2026-01-12,717,47,0.0
9107ub,2026-01-13,718,48,0.0
9107ub,2026-01-14,719,49,0.0
9107ub,2026-01-15,720,50,0.0
9107ub,2026-01-16,721,51,0.0
9107ub,2026-01-17,722,52,0.0
9107ub,2026-01-18,723,53,0.0
9107ub,2026-01-19,724,54,0.0
9107ub,2026-01-20,725,55,0.0
9107ub,2026-01-21,726,56,0.0
9107ub,2026-01-22,727,57,0.0
9107ub,2026-01-23,728,58,0.0
9107ub,2026-01-24,729,59,0.0
9107ub,2026-01-25,730,60,0.01
9107ub,2026-01-26,731,61,0.0
9107ub,2026-01-27,732,62,0.0
9107ub,2026-01-28,733,63,0.0
9107ub,2026-01-29,734,64,0.0
9107ub,2026-01-30,735,65,0.0
9107ub,2026-01-31,736,66,0.0
9107ub,2026-02-01,737,67,0.0
9107ub,2026-02-02,738,68,0.0
9107ub,2026-02-03,739,69,0.01
9107ub,2026-02-04,740,70,0.0
9107ub,2026-02-05,741,71,0.0
9107ub,2026-02-06,742,72,0.0
9107ub,2026-02-07,743,73,0.0
9107ub,2026-02-08,744,74,0.0
9107ub,2026-02-09,745,75,0.0
9107ub,2026-02-10,746,76,0.0
9107ub,2026-02-11,747,77,0.0
9107ub,2026-02-12,748,78,0.0
9107ub,2026-02-13,749,79,0.0
9107ub,2026-02-14,750,80,0.0
9107ub,2026-02-15,751,81,0.0
9107ub,2026-02-16,752,82,0.0
9107ub,2026-02-17,753,83,0.0
9107ub,2026-02-18,754,84,0.0
9107ub,2026-02-19,755,85,0.01
9107ub,2026-02-20,756,86,0.0
9107ub,2026-02-21,757,87,0.0
9107ub,2026-02-22,758,88,0.0
9107ub,2026-02-23,759,89,0.0
9107ub,2026-02-24,760,90,0.0
9107ub,2026-02-25,761,91,0.0
9107ub,2026-02-26,762,92,0.0
9107ub,2026-02-27,763,93,0.0
9107ub,2026-02-28,764,94,0.0
9107ub,2026-03-01,765,95,0.0
9107ub,2026-03-02,766,96,0.0
9107ub,2026-03-03,767,97,0.0
9107ub,2026-03-04,768,98,0.0
9107ub,2026-03-05,769,99,0.0
9108dx,2025-11-26,670,0,0.0
9108dx,2025-11-27,671,1,0.0
9108dx,2025-11-28,672,2,0.01
9108dx,2025-11-29,673,3,0.0
9108dx,2025-11-30,674,4,0.01
9108dx,2025-12-01,675,5,0.01
9108dx,2025-12-02,676,6,0.05
9108dx,2025-12-03,677,7,0.08
9108dx,2025-12-04,678,8,0.07
9108dx,2025-12-05,679,9,0.03
9108dx,2025-12-06,680,10,0.02
9108dx,2025-12-07,681,11,0.01
9108dx,2025-12-08,682,12,0.0
9108dx,2025-12-09,683,13,0.0
9108dx,2025-12-10,684,14,0.0
9108dx,2025-12-11,685,15,0.0
9108dx,2025-12-12,686,16,0.0
9108dx,2025-12-13,687,17,0.0
9108dx,2025-12-14,688,18,0.0
9108dx,2025-12-15,689,19,0.0
9108dx,2025-12-16,690,20,0.01
9108dx,2025-12-17,691,21,0.0
9108dx,2025-12-18,692,22,0.0
9108dx,2025-12-19,693,23,0.0
9108dx,2025-12-20,694,24,0.0
9108dx,2025-12-21,695,25,0.0
9108dx,2025-12-22,696,26,0.0
9108dx,2025-12-23,697,27,0.0
9108dx,2025-12-24,698,28,0.0
9108dx,2025-12-25,699,29,0.0
9108dx,2025-12-26,700,30,0.0
9108dx,2025-12-27,701,31,0.0
9108dx,2025-12-28,702,32,0.0
9108dx,2025-12-29,703,33,0.0
9108dx,2025-12-30,704,34,0.0
9108dx,2025-12-31,705,35,0.01
9108dx,2026-01-01,706,36,0.0
9108dx,2026-01-02,707,37,0.0
9108dx,2026-01-03,708,38,0.01
9108dx,2026-01-04,709,39,0.0
9108dx,2026-01-05,710,40,0.0
9108dx,2026-01-06,711,41,0.0
9108dx,2026-01-07,712,42,0.0
9108dx,2026-01-08,713,43,0.01
9108dx,2026-01-09,714,44,0.0
9108dx,2026-01-10,715,45,0.0
9108dx,2026-01-11,716,46,0.0
9108dx,2026-01-12,717,47,0.0
9108dx,2026-01-13,718,48,0.0
9108dx,2026-01-14,719,49,0.0
9108dx,2026-01-15,720,50,0.0
9108dx,2026-01-16,721,51,0.0
9108dx,2026-01-17,722,52,0.0
9108dx,2026-01-18,723,53,0.0
9108dx,2026-01-19,724,54,0.0
9108dx,2026-01-20,725,55,0.01
9108dx,2026-01-21,726,56,0.0
9108dx,2026-01-22,727,57,0.0
9108dx,2026-01-23,728,58,0.0
9108dx,2026-01-24,729,59,0.0
9108dx,2026-01-25,730,60,0.0
9108dx,2026-01-26,731,61,0.01
9108dx,2026-01-27,732,62,0.0
9108dx,2026-01-28,733,63,0.0
9108dx,2026-01-29,734,64,0.0
9108dx,2026-01-30,735,65,0.01
9108dx,2026-01-31,736,66,0.0
9108dx,2026-02-01,737,67,0.0
9108dx,2026-02-02,738,68,0.0
9108dx,2026-02-03,739,69,0.0
9108dx,2026-02-04,740,70,0.0
9108dx,2026-02-05,741,71,0.0
9108dx,2026-02-06,742,72,0.0
9108dx,2026-02-07,743,73,0.0
9108dx,2026-02-08,744,74,0.0
9108dx,2026-02-09,745,75,0.01
9108dx,2026-02-10,746,76,0.0
9108dx,2026-02-11,747,77,0.0
9108dx,2026-02-12,748,78,0.01
9108dx,2026-02-13,749,79,0.0
9108dx,2026-02-14,750,80,0.0
9108dx,2026-02-15,751,81,0.0
9108dx,2026-02-16,752,82,0.0
9108dx,2026-02-17,753,83,0.0
9108dx,2026-02-18,754,84,0.01
9108dx,2026-02-19,755,85,0.0
9108dx,2026-02-20,756,86,0.01
9108dx,2026-02-21,757,87,0.0
9108dx,2026-02-22,758,88,0.0
9108dx,2026-02-23,759,89,0.0
9108dx,2026-02-24,760,90,0.01
9108dx,2026-02-25,761,91,0.0
9108dx,2026-02-26,762,92,0.01
9108dx,2026-02-27,763,93,0.0
9108dx,2026-02-28,764,94,0.0
9108dx,2026-03-01,765,95,0.0
9108dx,2026-03-02,766,96,0.0
9108dx,2026-03-03,767,97,0.03
9108dx,2026-03-04,768,98,0.02
9108dx,2026-03-05,769,99,0.04
9108fz,2025-11-26,670,0,0.0
9108fz,2025-11-27,671,1,0.0
9108fz,2025-11-28,672,2,0.0
9108fz,2025-11-29,673,3,0.0
9108fz,2025-11-30,674,4,0.0
9108fz,2025-12-01,675,5,0.0
9108fz,2025-12-02,676,6,0.01
9108fz,2025-12-03,677,7,0.0
9108fz,2025-12-04,678,8,0.0
9108fz,2025-12-05,679,9,0.0
9108fz,2025-12-06,680,10,0.0
9108fz,2025-12-07,681,11,0.0
9108fz,2025-12-08,682,12,0.0
9108fz,2025-12-09,683,13,0.0
9108fz,2025-12-10,684,14,0.0
9108fz,2025-12-11,685,15,0.0
9108fz,2025-12-12,686,16,0.0
9108fz,2025-12-13,687,17,0.0
9108fz,2025-12-14,688,18,0.0
9108fz,2025-12-15,689,19,0.01
9108fz,2025-12-16,690,20,0.01
9108fz,2025-12-17,691,21,0.0
9108fz,2025-12-18,692,22,0.0
9108fz,2025-12-19,693,23,0.0
9108fz,2025-12-20,694,24,0.0
9108fz,2025-12-21,695,25,0.0
9108fz,2025-12-22,696,26,0.0
9108fz,2025-12-23,697,27,0.0
9108fz,2025-12-24,698,28,0.0
9108fz,2025-12-25,699,29,0.0
9108fz,2025-12-26,700,30,0.0
9108fz,2025-12-27,701,31,0.0
9108fz,2025-12-28,702,32,0.0
9108fz,2025-12-29,703,33,0.0
9108fz,2025-12-30,704,34,0.0
9108fz,2025-12-31,705,35,0.0
9108fz,2026-01-01,706,36,0.0
9108fz,2026-01-02,707,37,0.0
9108fz,2026-01-03,708,38,0.0
9108fz,2026-01-04,709,39,0.0
9108fz,2026-01-05,710,40,0.0
9108fz,2026-01-06,711,41,0.0
9108fz,2026-01-07,712,42,0.0
9108fz,2026-01-08,713,43,0.0
9108fz,2026-01-09,714,44,0.0
9108fz,2026-01-10,715,45,0.0
9108fz,2026-01-11,716,46,0.0
9108fz,2026-01-12,717,47,0.0
9108fz,2026-01-13,718,48,0.01
9108fz,2026-01-14,719,49,0.0
9108fz,2026-01-15,720,50,0.0
9108fz,2026-01-16,721,51,0.0
9108fz,2026-01-17,722,52,0.0
9108fz,2026-01-18,723,53,0.0
9108fz,2026-01-19,724,54,0.0
9108fz,2026-01-20,725,55,0.0
9108fz,2026-01-21,726,56,0.0
9108fz,2026-01-22,727,57,0.0
9108fz,2026-01-23,728,58,0.0
9108fz,2026-01-24,729,59,0.0
9108fz,2026-01-25,730,60,0.0
9108fz,2026-01-26,731,61,0.0
9108fz,2026-01-27,732,62,0.0
9108fz,2026-01-28,733,63,0.0
9108fz,2026-01-29,734,64,0.0
9108fz,2026-01-30,735,65,0.0
9108fz,2026-01-31,736,66,0.0
9108fz,2026-02-01,737,67,0.0
9108fz,2026-02-02,738,68,0.0
9108fz,2026-02-03,739,69,0.0
9108fz,2026-02-04,740,70,0.0
9108fz,2026-02-05,741,71,0.0
9108fz,2026-02-06,742,72,0.0
9108fz,2026-02-07,743,73,0.0
9108fz,2026-02-08,744,74,0.02
9108fz,2026-02-09,745,75,0.0
9108fz,2026-02-10,746,76,0.0
9108fz,2026-02-11,747,77,0.0
9108fz,2026-02-12,748,78,0.0
9108fz,2026-02-13,749,79,0.0
9108fz,2026-02-14,750,80,0.0
9108fz,2026-02-15,751,81,0.0
9108fz,2026-02-16,752,82,0.0
9108fz,2026-02-17,753,83,0.0
9108fz,2026-02-18,754,84,0.0
9108fz,2026-02-19,755,85,0.01
9108fz,2026-02-20,756,86,0.0
9108fz,2026-02-21,757,87,0.0
9108fz,2026-02-22,758,88,0.0
9108fz,2026-02-23,759,89,0.0
9108fz,2026-02-24,760,90,0.0
9108fz,2026-02-25,761,91,0.0
9108fz,2026-02-26,762,92,0.0
9108fz,2026-02-27,763,93,0.0
9108fz,2026-02-28,764,94,0.0
9108fz,2026-03-01,765,95,0.0
9108fz,2026-03-02,766,96,0.0
9108fz,2026-03-03,767,97,0.0
9108fz,2026-03-04,768,98,0.0
9108fz,2026-03-05,769,99,0.0
9108sf,2025-11-26,670,0,0.0
9108sf,2025-11-27,671,1,0.0
9108sf,2025-11-28,672,2,0.0
9108sf,2025-11-29,673,3,0.0
9108sf,2025-11-30,674,4,0.0
9108sf,2025-12-01,675,5,0.0
9108sf,2025-12-02,676,6,0.0
9108sf,2025-12-03,677,7,0.0
9108sf,2025-12-04,678,8,0.0
9108sf,2025-12-05,679,9,0.0
9108sf,2025-12-06,680,10,0.0
9108sf,2025-12-07,681,11,0.01
9108sf,2025-12-08,682,12,0.0
9108sf,2025-12-09,683,13,0.0
9108sf,2025-12-10,684,14,0.0
9108sf,2025-12-11,685,15,0.0
9108sf,2025-12-12,686,16,0.0
9108sf,2025-12-13,687,17,0.0
9108sf,2025-12-14,688,18,0.0
9108sf,2025-12-15,689,19,0.0
9108sf,2025-12-16,690,20,0.0
9108sf,2025-12-17,691,21,0.0
9108sf,2025-12-18,692,22,0.0
9108sf,2025-12-19,693,23,0.0
9108sf,2025-12-20,694,24,0.0
9108sf,2025-12-21,695,25,0.0
9108sf,2025-12-22,696,26,0.01
9108sf,2025-12-23,697,27,0.0
9108sf,2025-12-24,698,28,0.0
9108sf,2025-12-25,699,29,0.0
9108sf,2025-12-26,700,30,0.01
9108sf,2025-12-27,701,31,0.0
9108sf,2025-12-28,702,32,0.0
9108sf,2025-12-29,703,33,0.0
9108sf,2025-12-30,704,34,0.0
9108sf,2025-12-31,705,35,0.0
9108sf,2026-01-01,706,36,0.0
9108sf,2026-01-02,707,37,0.0
9108sf,2026-01-03,708,38,0.0
9108sf,2026-01-04,709,39,0.0
9108sf,2026-01-05,710,40,0.0
9108sf,2026-01-06,711,41,0.0
9108sf,2026-01-07,712,42,0.0
9108sf,2026-01-08,713,43,0.0
9108sf,2026-01-09,714,44,0.0
9108sf,2026-01-10,715,45,0.0
9108sf,2026-01-11,716,46,0.0
9108sf,2026-01-12,717,47,0.0
9108sf,2026-01-13,718,48,0.0
9108sf,2026-01-14,719,49,0.0
9108sf,2026-01-15,720,50,0.0
9108sf,2026-01-16,721,51,0.0
9108sf,2026-01-17,722,52,0.0
9108sf,2026-01-18,723,53,0.0
9108sf,2026-01-19,724,54,0.0
9108sf,2026-01-20,725,55,0.0
9108sf,2026-01-21,726,56,0.0
9108sf,2026-01-22,727,57,0.0
9108sf,2026-01-23,728,58,0.0
9108sf,2026-01-24,729,59,0.0
9108sf,2026-01-25,730,60,0.0
9108sf,2026-01-26,731,61,0.0
9108sf,2026-01-27,732,62,0.0
9108sf,2026-01-28,733,63,0.0
9108sf,2026-01-29,734,64,0.0
9108sf,2026-01-30,735,65,0.0
9108sf,2026-01-31,736,66,0.0
9108sf,2026-02-01,737,67,0.0
9108sf,2026-02-02,738,68,0.0
9108sf,2026-02-03,739,69,0.0
9108sf,2026-02-04,740,70,0.0
9108sf,2026-02-05,741,71,0.0
9108sf,2026-02-06,742,72,0.0
9108sf,2026-02-07,743,73,0.0
9108sf,2026-02-08,744,74,0.0
9108sf,2026-02-09,745,75,0.0
9108sf,2026-02-10,746,76,0.0
9108sf,2026-02-11,747,77,0.0
9108sf,2026-02-12,748,78,0.0
9108sf,2026-02-13,749,79,0.0
9108sf,2026-02-14,750,80,0.0
9108sf,2026-02-15,751,81,0.0
9108sf,2026-02-16,752,82,0.0
9108sf,2026-02-17,753,83,0.0
9108sf,2026-02-18,754,84,0.0
9108sf,2026-02-19,755,85,0.01
9108sf,2026-02-20,756,86,0.0
9108sf,2026-02-21,757,87,0.0
9108sf,2026-02-22,758,88,0.01
9108sf,2026-02-23,759,89,0.0
9108sf,2026-02-24,760,90,0.0
9108sf,2026-02-25,761,91,0.0
9108sf,2026-02-26,762,92,0.0
9108sf,2026-02-27,763,93,0.0
9108sf,2026-02-28,764,94,0.0
9108sf,2026-03-01,765,95,0.0
9108sf,2026-03-02,766,96,0.0
9108sf,2026-03-03,767,97,0.0
9108sf,2026-03-04,768,98,0.0
9108sf,2026-03-05,769,99,0.0
9108ub,2025-11-26,670,0,0.0
9108ub,2025-11-27,671,1,0.0
9108ub,2025-11-28,672,2,0.0
9108ub,2025-11-29,673,3,0.0
9108ub,2025-11-30,674,4,0.0
9108ub,2025-12-01,675,5,0.0
9108ub,2025-12-02,676,6,0.0
9108ub,2025-12-03,677,7,0.0
9108ub,2025-12-04,678,8,0.0
9108ub,2025-12-05,679,9,0.01
9108ub,2025-12-06,680,10,0.0
9108ub,2025-12-07,681,11,0.0
9108ub,2025-12-08,682,12,0.0
9108ub,2025-12-09,683,13,0.0
9108ub,2025-12-10,684,14,0.0
9108ub,2025-12-11,685,15,0.0
9108ub,2025-12-12,686,16,0.0
9108ub,2025-12-13,687,17,0.0
9108ub,2025-12-14,688,18,0.0
9108ub,2025-12-15,689,19,0.0
9108ub,2025-12-16,690,20,0.0
9108ub,2025-12-17,691,21,0.0
9108ub,2025-12-18,692,22,0.0
9108ub,2025-12-19,693,23,0.0
9108ub,2025-12-20,694,24,0.0
9108ub,2025-12-21,695,25,0.0
9108ub,2025-12-22,696,26,0.0
9108ub,2025-12-23,697,27,0.0
9108ub,2025-12-24,698,28,0.0
9108ub,2025-12-25,699,29,0.0
9108ub,2025-12-26,700,30,0.0
9108ub,2025-12-27,701,31,0.0
9108ub,2025-12-28,702,32,0.0
9108ub,2025-12-29,703,33,0.0
9108ub,2025-12-30,704,34,0.0
9108ub,2025-12-31,705,35,0.0
9108ub,2026-01-01,706,36,0.0
9108ub,2026-01-02,707,37,0.0
9108ub,2026-01-03,708,38,0.0
9108ub,2026-01-04,709,39,0.0
9108ub,2026-01-05,710,40,0.0
9108ub,2026-01-06,711,41,0.0
9108ub,2026-01-07,712,42,0.0
9108ub,2026-01-08,713,43,0.0
9108ub,2026-01-09,714,44,0.0
9108ub,2026-01-10,715,45,0.0
9108ub,2026-01-11,716,46,0.0
9108ub,2026-01-12,717,47,0.0
9108ub,2026-01-13,718,48,0.0
9108ub,2026-01-14,719,49,0.0
9108ub,2026-01-15,720,50,0.0
9108ub,2026-01-16,721,51,0.0
9108ub,2026-01-17,722,52,0.0
9108ub,2026-01-18,723,53,0.0
9108ub,2026-01-19,724,54,0.0
9108ub,2026-01-20,725,55,0.01
9108ub,2026-01-21,726,56,0.0
9108ub,2026-01-22,727,57,0.0
9108ub,2026-01-23,728,58,0.0
9108ub,2026-01-24,729,59,0.0
9108ub,2026-01-25,730,60,0.0
9108ub,2026-01-26,731,61,0.0
9108ub,2026-01-27,732,62,0.0
9108ub,2026-01-28,733,63,0.0
9108ub,2026-01-29,734,64,0.0
9108ub,2026-01-30,735,65,0.0
9108ub,2026-01-31,736,66,0.0
9108ub,2026-02-01,737,67,0.0
9108ub,2026-02-02,738,68,0.0
9108ub,2026-02-03,739,69,0.0
9108ub,2026-02-04,740,70,0.0
9108ub,2026-02-05,741,71,0.01
9108ub,2026-02-06,742,72,0.0
9108ub,2026-02-07,743,73,0.0
9108ub,2026-02-08,744,74,0.0
9108ub,2026-02-09,745,75,0.0
9108ub,2026-02-10,746,76,0.01
9108ub,2026-02-11,747,77,0.01
9108ub,2026-02-12,748,78,0.0
9108ub,2026-02-13,749,79,0.0
9108ub,2026-02-14,750,80,0.01
9108ub,2026-02-15,751,81,0.0
9108ub,2026-02-16,752,82,0.0
9108ub,2026-02-17,753,83,0.01
9108ub,2026-02-18,754,84,0.01
9108ub,2026-02-19,755,85,0.02
9108ub,2026-02-20,756,86,0.01
9108ub,2026-02-21,757,87,0.0
9108ub,2026-02-22,758,88,0.0
9108ub,2026-02-23,759,89,0.0
9108ub,2026-02-24,760,90,0.0
9108ub,2026-02-25,761,91,0.0
9108ub,2026-02-26,762,92,0.0
9108ub,2026-02-27,763,93,0.01
9108ub,2026-02-28,764,94,0.01
9108ub,2026-03-01,765,95,0.01
9108ub,2026-03-02,766,96,0.0
9108ub,2026-03-03,767,97,0.01
9108ub,2026-03-04,768,98,0.0
9108ub,2026-03-05,769,99,0.0
9109dx,2025-11-26,670,0,0.0
9109dx,2025-11-27,671,1,0.02
9109dx,2025-11-28,672,2,0.01
9109dx,2025-11-29,673,3,0.04
9109dx,2025-11-30,674,4,0.0
9109dx,2025-12-01,675,5,0.01
9109dx,2025-12-02,676,6,0.34
9109dx,2025-12-03,677,7,0.19
9109dx,2025-12-04,678,8,0.26
9109dx,2025-12-05,679,9,0.15
9109dx,2025-12-06,680,10,0.07
9109dx,2025-12-07,681,11,0.0
9109dx,2025-12-08,682,12,0.01
9109dx,2025-12-09,683,13,0.01
9109dx,2025-12-10,684,14,0.0
9109dx,2025-12-11,685,15,0.0
9109dx,2025-12-12,686,16,0.0
9109dx,2025-12-13,687,17,0.0
9109dx,2025-12-14,688,18,0.0
9109dx,2025-12-15,689,19,0.0
9109dx,2025-12-16,690,20,0.0
9109dx,2025-12-17,691,21,0.0
9109dx,2025-12-18,692,22,0.01
9109dx,2025-12-19,693,23,0.0
9109dx,2025-12-20,694,24,0.0
9109dx,2025-12-21,695,25,0.0
9109dx,2025-12-22,696,26,0.0
9109dx,2025-12-23,697,27,0.0
9109dx,2025-12-24,698,28,0.0
9109dx,2025-12-25,699,29,0.0
9109dx,2025-12-26,700,30,0.0
9109dx,2025-12-27,701,31,0.0
9109dx,2025-12-28,702,32,0.0
9109dx,2025-12-29,703,33,0.0
9109dx,2025-12-30,704,34,0.0
9109dx,2025-12-31,705,35,0.0
9109dx,2026-01-01,706,36,0.0
9109dx,2026-01-02,707,37,0.0
9109dx,2026-01-03,708,38,0.0
9109dx,2026-01-04,709,39,0.0
9109dx,2026-01-05,710,40,0.0
9109dx,2026-01-06,711,41,0.01
9109dx,2026-01-07,712,42,0.0
9109dx,2026-01-08,713,43,0.0
9109dx,2026-01-09,714,44,0.0
9109dx,2026-01-10,715,45,0.0
9109dx,2026-01-11,716,46,0.0
9109dx,2026-01-12,717,47,0.0
9109dx,2026-01-13,718,48,0.0
9109dx,2026-01-14,719,49,0.01
9109dx,2026-01-15,720,50,0.0
9109dx,2026-01-16,721,51,0.0
9109dx,2026-01-17,722,52,0.0
9109dx,2026-01-18,723,53,0.0
9109dx,2026-01-19,724,54,0.0
9109dx,2026-01-20,725,55,0.0
9109dx,2026-01-21,726,56,0.0
9109dx,2026-01-22,727,57,0.0
9109dx,2026-01-23,728,58,0.0
9109dx,2026-01-24,729,59,0.0
9109dx,2026-01-25,730,60,0.0
9109dx,2026-01-26,731,61,0.0
9109dx,2026-01-27,732,62,0.01
9109dx,2026-01-28,733,63,0.0
9109dx,2026-01-29,734,64,0.0
9109dx,2026-01-30,735,65,0.0
9109dx,2026-01-31,736,66,0.0
9109dx,2026-02-01,737,67,0.01
9109dx,2026-02-02,738,68,0.0
9109dx,2026-02-03,739,69,0.0
9109dx,2026-02-04,740,70,0.0
9109dx,2026-02-05,741,71,0.0
9109dx,2026-02-06,742,72,0.0
9109dx,2026-02-07,743,73,0.0
9109dx,2026-02-08,744,74,0.0
9109dx,2026-02-09,745,75,0.0
9109dx,2026-02-10,746,76,0.0
9109dx,2026-02-11,747,77,0.0
9109dx,2026-02-12,748,78,0.0
9109dx,2026-02-13,749,79,0.0
9109dx,2026-02-14,750,80,0.0
9109dx,2026-02-15,751,81,0.0
9109dx,2026-02-16,752,82,0.0
9109dx,2026-02-17,753,83,0.0
9109dx,2026-02-18,754,84,0.0
9109dx,2026-02-19,755,85,0.0
9109dx,2026-02-20,756,86,0.0
9109dx,2026-02-21,757,87,0.0
9109dx,2026-02-22,758,88,0.0
9109dx,2026-02-23,759,89,0.0
9109dx,2026-02-24,760,90,0.0
9109dx,2026-02-25,761,91,0.0
9109dx,2026-02-26,762,92,0.0
9109dx,2026-02-27,763,93,0.0
9109dx,2026-02-28,764,94,0.0
9109dx,2026-03-01,765,95,0.0
9109dx,2026-03-02,766,96,0.0
9109dx,2026-03-03,767,97,0.0
9109dx,2026-03-04,768,98,0.0
9109dx,2026-03-05,769,99,0.0
9109fz,2025-11-26,670,0,0.0
9109fz,2025-11-27,671,1,0.02
9109fz,2025-11-28,672,2,0.0
9109fz,2025-11-29,673,3,0.01
9109fz,2025-11-30,674,4,0.0
9109fz,2025-12-01,675,5,0.0
9109fz,2025-12-02,676,6,0.06
9109fz,2025-12-03,677,7,0.05
9109fz,2025-12-04,678,8,0.03
9109fz,2025-12-05,679,9,0.02
9109fz,2025-12-06,680,10,0.01
9109fz,2025-12-07,681,11,0.0
9109fz,2025-12-08,682,12,0.0
9109fz,2025-12-09,683,13,0.01
9109fz,2025-12-10,684,14,0.0
9109fz,2025-12-11,685,15,0.01
9109fz,2025-12-12,686,16,0.0
9109fz,2025-12-13,687,17,0.0
9109fz,2025-12-14,688,18,0.0
9109fz,2025-12-15,689,19,0.0
9109fz,2025-12-16,690,20,0.01
9109fz,2025-12-17,691,21,0.0
9109fz,2025-12-18,692,22,0.0
9109fz,2025-12-19,693,23,0.0
9109fz,2025-12-20,694,24,0.0
9109fz,2025-12-21,695,25,0.0
9109fz,2025-12-22,696,26,0.0
9109fz,2025-12-23,697,27,0.01
9109fz,2025-12-24,698,28,0.0
9109fz,2025-12-25,699,29,0.0
9109fz,2025-12-26,700,30,0.0
9109fz,2025-12-27,701,31,0.0
9109fz,2025-12-28,702,32,0.0
9109fz,2025-12-29,703,33,0.0
9109fz,2025-12-30,704,34,0.0
9109fz,2025-12-31,705,35,0.0
9109fz,2026-01-01,706,36,0.0
9109fz,2026-01-02,707,37,0.0
9109fz,2026-01-03,708,38,0.0
9109fz,2026-01-04,709,39,0.0
9109fz,2026-01-05,710,40,0.0
9109fz,2026-01-06,711,41,0.0
9109fz,2026-01-07,712,42,0.0
9109fz,2026-01-08,713,43,0.0
9109fz,2026-01-09,714,44,0.0
9109fz,2026-01-10,715,45,0.0
9109fz,2026-01-11,716,46,0.0
9109fz,2026-01-12,717,47,0.0
9109fz,2026-01-13,718,48,0.0
9109fz,2026-01-14,719,49,0.0
9109fz,2026-01-15,720,50,0.0
9109fz,2026-01-16,721,51,0.0
9109fz,2026-01-17,722,52,0.0
9109fz,2026-01-18,723,53,0.0
9109fz,2026-01-19,724,54,0.0
9109fz,2026-01-20,725,55,0.0
9109fz,2026-01-21,726,56,0.0
9109fz,2026-01-22,727,57,0.0
9109fz,2026-01-23,728,58,0.01
9109fz,2026-01-24,729,59,0.0
9109fz,2026-01-25,730,60,0.0
9109fz,2026-01-26,731,61,0.0
9109fz,2026-01-27,732,62,0.0
9109fz,2026-01-28,733,63,0.0
9109fz,2026-01-29,734,64,0.0
9109fz,2026-01-30,735,65,0.01
9109fz,2026-01-31,736,66,0.0
9109fz,2026-02-01,737,67,0.0
9109fz,2026-02-02,738,68,0.01
9109fz,2026-02-03,739,69,0.01
9109fz,2026-02-04,740,70,0.0
9109fz,2026-02-05,741,71,0.0
9109fz,2026-02-06,742,72,0.0
9109fz,2026-02-07,743,73,0.0
9109fz,2026-02-08,744,74,0.0
9109fz,2026-02-09,745,75,0.0
9109fz,2026-02-10,746,76,0.01
9109fz,2026-02-11,747,77,0.0
9109fz,2026-02-12,748,78,0.0
9109fz,2026-02-13,749,79,0.0
9109fz,2026-02-14,750,80,0.0
9109fz,2026-02-15,751,81,0.0
9109fz,2026-02-16,752,82,0.0
9109fz,2026-02-17,753,83,0.0
9109fz,2026-02-18,754,84,0.0
9109fz,2026-02-19,755,85,0.0
9109fz,2026-02-20,756,86,0.0
9109fz,2026-02-21,757,87,0.0
9109fz,2026-02-22,758,88,0.0
9109fz,2026-02-23,759,89,0.0
9109fz,2026-02-24,760,90,0.0
9109fz,2026-02-25,761,91,0.0
9109fz,2026-02-26,762,92,0.0
9109fz,2026-02-27,763,93,0.0
9109fz,2026-02-28,764,94,0.0
9109fz,2026-03-01,765,95,0.0
9109fz,2026-03-02,766,96,0.0
9109fz,2026-03-03,767,97,0.01
9109fz,2026-03-04,768,98,0.0
9109fz,2026-03-05,769,99,0.0
9109ub,2025-11-26,670,0,0.03
9109ub,2025-11-27,671,1,0.0
9109ub,2025-11-28,672,2,0.05
9109ub,2025-11-29,673,3,0.04
9109ub,2025-11-30,674,4,0.01
9109ub,2025-12-01,675,5,0.0
9109ub,2025-12-02,676,6,0.05
9109ub,2025-12-03,677,7,0.02
9109ub,2025-12-04,678,8,0.01
9109ub,2025-12-05,679,9,0.01
9109ub,2025-12-06,680,10,0.0
9109ub,2025-12-07,681,11,0.0
9109ub,2025-12-08,682,12,0.0
9109ub,2025-12-09,683,13,0.05
9109ub,2025-12-10,684,14,0.01
9109ub,2025-12-11,685,15,0.01
9109ub,2025-12-12,686,16,0.01
9109ub,2025-12-13,687,17,0.02
9109ub,2025-12-14,688,18,0.0
9109ub,2025-12-15,689,19,0.01
9109ub,2025-12-16,690,20,0.05
9109ub,2025-12-17,691,21,0.01
9109ub,2025-12-18,692,22,0.01
9109ub,2025-12-19,693,23,0.02
9109ub,2025-12-20,694,24,0.03
9109ub,2025-12-21,695,25,0.0
9109ub,2025-12-22,696,26,0.01
9109ub,2025-12-23,697,27,0.04
9109ub,2025-12-24,698,28,0.03
9109ub,2025-12-25,699,29,0.01
9109ub,2025-12-26,700,30,0.01
9109ub,2025-12-27,701,31,0.02
9109ub,2025-12-28,702,32,0.0
9109ub,2025-12-29,703,33,0.0
9109ub,2025-12-30,704,34,0.01
9109ub,2025-12-31,705,35,0.0
9109ub,2026-01-01,706,36,0.02
9109ub,2026-01-02,707,37,0.0
9109ub,2026-01-03,708,38,0.01
9109ub,2026-01-04,709,39,0.0
9109ub,2026-01-05,710,40,0.0
9109ub,2026-01-06,711,41,0.01
9109ub,2026-01-07,712,42,0.0
9109ub,2026-01-08,713,43,0.0
9109ub,2026-01-09,714,44,0.01
9109ub,2026-01-10,715,45,0.0
9109ub,2026-01-11,716,46,0.0
9109ub,2026-01-12,717,47,0.0
9109ub,2026-01-13,718,48,0.09
9109ub,2026-01-14,719,49,0.01
9109ub,2026-01-15,720,50,0.0
9109ub,2026-01-16,721,51,0.0
9109ub,2026-01-17,722,52,0.0
9109ub,2026-01-18,723,53,0.0
9109ub,2026-01-19,724,54,0.01
9109ub,2026-01-20,725,55,0.02
9109ub,2026-01-21,726,56,0.0
9109ub,2026-01-22,727,57,0.01
9109ub,2026-01-23,728,58,0.0
9109ub,2026-01-24,729,59,0.01
9109ub,2026-01-25,730,60,0.0
9109ub,2026-01-26,731,61,0.01
9109ub,2026-01-27,732,62,0.05
9109ub,2026-01-28,733,63,0.0
9109ub,2026-01-29,734,64,0.01
9109ub,2026-01-30,735,65,0.0
9109ub,2026-01-31,736,66,0.0
9109ub,2026-02-01,737,67,0.0
9109ub,2026-02-02,738,68,0.0
9109ub,2026-02-03,739,69,0.0
9109ub,2026-02-04,740,70,0.0
9109ub,2026-02-05,741,71,0.01
9109ub,2026-02-06,742,72,0.0
9109ub,2026-02-07,743,73,0.0
9109ub,2026-02-08,744,74,0.0
9109ub,2026-02-09,745,75,0.0
9109ub,2026-02-10,746,76,0.01
9109ub,2026-02-11,747,77,0.0
9109ub,2026-02-12,748,78,0.01
9109ub,2026-02-13,749,79,0.0
9109ub,2026-02-14,750,80,0.01
9109ub,2026-02-15,751,81,0.0
9109ub,2026-02-16,752,82,0.0
9109ub,2026-02-17,753,83,0.01
9109ub,2026-02-18,754,84,0.0
9109ub,2026-02-19,755,85,0.0
9109ub,2026-02-20,756,86,0.0
9109ub,2026-02-21,757,87,0.0
9109ub,2026-02-22,758,88,0.0
9109ub,2026-02-23,759,89,0.0
9109ub,2026-02-24,760,90,0.0
9109ub,2026-02-25,761,91,0.02
9109ub,2026-02-26,762,92,0.02
9109ub,2026-02-27,763,93,0.02
9109ub,2026-02-28,764,94,0.01
9109ub,2026-03-01,765,95,0.0
9109ub,2026-03-02,766,96,0.0
9109ub,2026-03-03,767,97,0.05
9109ub,2026-03-04,768,98,0.01
9109ub,2026-03-05,769,99,0.04
9110dx,2025-11-26,670,0,0.0
9110dx,2025-11-27,671,1,0.0
9110dx,2025-11-28,672,2,0.0
9110dx,2025-11-29,673,3,0.0
9110dx,2025-11-30,674,4,0.0
9110dx,2025-12-01,675,5,0.0
9110dx,2025-12-02,676,6,0.02
9110dx,2025-12-03,677,7,0.0
9110dx,2025-12-04,678,8,0.0
9110dx,2025-12-05,679,9,0.0
9110dx,2025-12-06,680,10,0.0
9110dx,2025-12-07,681,11,0.0
9110dx,2025-12-08,682,12,0.0
9110dx,2025-12-09,683,13,0.01
9110dx,2025-12-10,684,14,0.0
9110dx,2025-12-11,685,15,0.01
9110dx,2025-12-12,686,16,0.0
9110dx,2025-12-13,687,17,0.0
9110dx,2025-12-14,688,18,0.0
9110dx,2025-12-15,689,19,0.0
9110dx,2025-12-16,690,20,0.0
9110dx,2025-12-17,691,21,0.0
9110dx,2025-12-18,692,22,0.0
9110dx,2025-12-19,693,23,0.0
9110dx,2025-12-20,694,24,0.0
9110dx,2025-12-21,695,25,0.0
9110dx,2025-12-22,696,26,0.0
9110dx,2025-12-23,697,27,0.01
9110dx,2025-12-24,698,28,0.0
9110dx,2025-12-25,699,29,0.0
9110dx,2025-12-26,700,30,0.0
9110dx,2025-12-27,701,31,0.0
9110dx,2025-12-28,702,32,0.0
9110dx,2025-12-29,703,33,0.0
9110dx,2025-12-30,704,34,0.0
9110dx,2025-12-31,705,35,0.0
9110dx,2026-01-01,706,36,0.01
9110dx,2026-01-02,707,37,0.0
9110dx,2026-01-03,708,38,0.0
9110dx,2026-01-04,709,39,0.01
9110dx,2026-01-05,710,40,0.0
9110dx,2026-01-06,711,41,0.0
9110dx,2026-01-07,712,42,0.0
9110dx,2026-01-08,713,43,0.0
9110dx,2026-01-09,714,44,0.0
9110dx,2026-01-10,715,45,0.0
9110dx,2026-01-11,716,46,0.0
9110dx,2026-01-12,717,47,0.0
9110dx,2026-01-13,718,48,0.0
9110dx,2026-01-14,719,49,0.0
9110dx,2026-01-15,720,50,0.0
9110dx,2026-01-16,721,51,0.0
9110dx,2026-01-17,722,52,0.0
9110dx,2026-01-18,723,53,0.0
9110dx,2026-01-19,724,54,0.0
9110dx,2026-01-20,725,55,0.02
9110dx,2026-01-21,726,56,0.0
9110dx,2026-01-22,727,57,0.0
9110dx,2026-01-23,728,58,0.0
9110dx,2026-01-24,729,59,0.0
9110dx,2026-01-25,730,60,0.0
9110dx,2026-01-26,731,61,0.0
9110dx,2026-01-27,732,62,0.0
9110dx,2026-01-28,733,63,0.0
9110dx,2026-01-29,734,64,0.0
9110dx,2026-01-30,735,65,0.0
9110dx,2026-01-31,736,66,0.0
9110dx,2026-02-01,737,67,0.0
9110dx,2026-02-02,738,68,0.0
9110dx,2026-02-03,739,69,0.0
9110dx,2026-02-04,740,70,0.0
9110dx,2026-02-05,741,71,0.0
9110dx,2026-02-06,742,72,0.0
9110dx,2026-02-07,743,73,0.0
9110dx,2026-02-08,744,74,0.0
9110dx,2026-02-09,745,75,0.0
9110dx,2026-02-10,746,76,0.0
9110dx,2026-02-11,747,77,0.0
9110dx,2026-02-12,748,78,0.0
9110dx,2026-02-13,749,79,0.0
9110dx,2026-02-14,750,80,0.0
9110dx,2026-02-15,751,81,0.01
9110dx,2026-02-16,752,82,0.0
9110dx,2026-02-17,753,83,0.0
9110dx,2026-02-18,754,84,0.0
9110dx,2026-02-19,755,85,0.01
9110dx,2026-02-20,756,86,0.0
9110dx,2026-02-21,757,87,0.01
9110dx,2026-02-22,758,88,0.0
9110dx,2026-02-23,759,89,0.0
9110dx,2026-02-24,760,90,0.03
9110dx,2026-02-25,761,91,0.01
9110dx,2026-02-26,762,92,0.0
9110dx,2026-02-27,763,93,0.01
9110dx,2026-02-28,764,94,0.02
9110dx,2026-03-01,765,95,0.0
9110dx,2026-03-02,766,96,0.02
9110dx,2026-03-03,767,97,0.11
9110dx,2026-03-04,768,98,0.07
9110dx,2026-03-05,769,99,0.03
9110fz,2025-11-26,670,0,0.0
9110fz,2025-11-27,671,1,0.0
9110fz,2025-11-28,672,2,0.0
9110fz,2025-11-29,673,3,0.0
9110fz,2025-11-30,674,4,0.0
9110fz,2025-12-01,675,5,0.0
9110fz,2025-12-02,676,6,0.0
9110fz,2025-12-03,677,7,0.0
9110fz,2025-12-04,678,8,0.0
9110fz,2025-12-05,679,9,0.0
9110fz,2025-12-06,680,10,0.0
9110fz,2025-12-07,681,11,0.0
9110fz,2025-12-08,682,12,0.0
9110fz,2025-12-09,683,13,0.0
9110fz,2025-12-10,684,14,0.0
9110fz,2025-12-11,685,15,0.0
9110fz,2025-12-12,686,16,0.0
9110fz,2025-12-13,687,17,0.0
9110fz,2025-12-14,688,18,0.0
9110fz,2025-12-15,689,19,0.0
9110fz,2025-12-16,690,20,0.0
9110fz,2025-12-17,691,21,0.0
9110fz,2025-12-18,692,22,0.0
9110fz,2025-12-19,693,23,0.0
9110fz,2025-12-20,694,24,0.0
9110fz,2025-12-21,695,25,0.0
9110fz,2025-12-22,696,26,0.0
9110fz,2025-12-23,697,27,0.0
9110fz,2025-12-24,698,28,0.0
9110fz,2025-12-25,699,29,0.0
9110fz,2025-12-26,700,30,0.0
9110fz,2025-12-27,701,31,0.0
9110fz,2025-12-28,702,32,0.0
9110fz,2025-12-29,703,33,0.0
9110fz,2025-12-30,704,34,0.0
9110fz,2025-12-31,705,35,0.0
9110fz,2026-01-01,706,36,0.0
9110fz,2026-01-02,707,37,0.0
9110fz,2026-01-03,708,38,0.0
9110fz,2026-01-04,709,39,0.0
9110fz,2026-01-05,710,40,0.0
9110fz,2026-01-06,711,41,0.0
9110fz,2026-01-07,712,42,0.0
9110fz,2026-01-08,713,43,0.0
9110fz,2026-01-09,714,44,0.0
9110fz,2026-01-10,715,45,0.01
9110fz,2026-01-11,716,46,0.0
9110fz,2026-01-12,717,47,0.0
9110fz,2026-01-13,718,48,0.02
9110fz,2026-01-14,719,49,0.01
9110fz,2026-01-15,720,50,0.0
9110fz,2026-01-16,721,51,0.0
9110fz,2026-01-17,722,52,0.0
9110fz,2026-01-18,723,53,0.0
9110fz,2026-01-19,724,54,0.0
9110fz,2026-01-20,725,55,0.0
9110fz,2026-01-21,726,56,0.0
9110fz,2026-01-22,727,57,0.0
9110fz,2026-01-23,728,58,0.0
9110fz,2026-01-24,729,59,0.0
9110fz,2026-01-25,730,60,0.0
9110fz,2026-01-26,731,61,0.0
9110fz,2026-01-27,732,62,0.0
9110fz,2026-01-28,733,63,0.0
9110fz,2026-01-29,734,64,0.0
9110fz,2026-01-30,735,65,0.0
9110fz,2026-01-31,736,66,0.0
9110fz,2026-02-01,737,67,0.0
9110fz,2026-02-02,738,68,0.0
9110fz,2026-02-03,739,69,0.0
9110fz,2026-02-04,740,70,0.0
9110fz,2026-02-05,741,71,0.0
9110fz,2026-02-06,742,72,0.0
9110fz,2026-02-07,743,73,0.0
9110fz,2026-02-08,744,74,0.0
9110fz,2026-02-09,745,75,0.0
9110fz,2026-02-10,746,76,0.0
9110fz,2026-02-11,747,77,0.0
9110fz,2026-02-12,748,78,0.0
9110fz,2026-02-13,749,79,0.0
9110fz,2026-02-14,750,80,0.0
9110fz,2026-02-15,751,81,0.0
9110fz,2026-02-16,752,82,0.0
9110fz,2026-02-17,753,83,0.0
9110fz,2026-02-18,754,84,0.0
9110fz,2026-02-19,755,85,0.0
9110fz,2026-02-20,756,86,0.0
9110fz,2026-02-21,757,87,0.0
9110fz,2026-02-22,758,88,0.0
9110fz,2026-02-23,759,89,0.0
9110fz,2026-02-24,760,90,0.0
9110fz,2026-02-25,761,91,0.0
9110fz,2026-02-26,762,92,0.0
9110fz,2026-02-27,763,93,0.0
9110fz,2026-02-28,764,94,0.0
9110fz,2026-03-01,765,95,0.0
9110fz,2026-03-02,766,96,0.0
9110fz,2026-03-03,767,97,0.0
9110fz,2026-03-04,768,98,0.0
9110fz,2026-03-05,769,99,0.0
9110sf,2025-11-26,670,0,0.0
9110sf,2025-11-27,671,1,0.0
9110sf,2025-11-28,672,2,0.0
9110sf,2025-11-29,673,3,0.0
9110sf,2025-11-30,674,4,0.0
9110sf,2025-12-01,675,5,0.0
9110sf,2025-12-02,676,6,0.0
9110sf,2025-12-03,677,7,0.0
9110sf,2025-12-04,678,8,0.0
9110sf,2025-12-05,679,9,0.0
9110sf,2025-12-06,680,10,0.0
9110sf,2025-12-07,681,11,0.01
9110sf,2025-12-08,682,12,0.0
9110sf,2025-12-09,683,13,0.0
9110sf,2025-12-10,684,14,0.0
9110sf,2025-12-11,685,15,0.0
9110sf,2025-12-12,686,16,0.0
9110sf,2025-12-13,687,17,0.0
9110sf,2025-12-14,688,18,0.0
9110sf,2025-12-15,689,19,0.0
9110sf,2025-12-16,690,20,0.0
9110sf,2025-12-17,691,21,0.0
9110sf,2025-12-18,692,22,0.0
9110sf,2025-12-19,693,23,0.0
9110sf,2025-12-20,694,24,0.0
9110sf,2025-12-21,695,25,0.0
9110sf,2025-12-22,696,26,0.0
9110sf,2025-12-23,697,27,0.0
9110sf,2025-12-24,698,28,0.0
9110sf,2025-12-25,699,29,0.0
9110sf,2025-12-26,700,30,0.0
9110sf,2025-12-27,701,31,0.0
9110sf,2025-12-28,702,32,0.0
9110sf,2025-12-29,703,33,0.0
9110sf,2025-12-30,704,34,0.0
9110sf,2025-12-31,705,35,0.0
9110sf,2026-01-01,706,36,0.0
9110sf,2026-01-02,707,37,0.0
9110sf,2026-01-03,708,38,0.0
9110sf,2026-01-04,709,39,0.0
9110sf,2026-01-05,710,40,0.0
9110sf,2026-01-06,711,41,0.0
9110sf,2026-01-07,712,42,0.0
9110sf,2026-01-08,713,43,0.0
9110sf,2026-01-09,714,44,0.01
9110sf,2026-01-10,715,45,0.0
9110sf,2026-01-11,716,46,0.0
9110sf,2026-01-12,717,47,0.0
9110sf,2026-01-13,718,48,0.0
9110sf,2026-01-14,719,49,0.0
9110sf,2026-01-15,720,50,0.0
9110sf,2026-01-16,721,51,0.0
9110sf,2026-01-17,722,52,0.0
9110sf,2026-01-18,723,53,0.0
9110sf,2026-01-19,724,54,0.0
9110sf,2026-01-20,725,55,0.0
9110sf,2026-01-21,726,56,0.0
9110sf,2026-01-22,727,57,0.0
9110sf,2026-01-23,728,58,0.0
9110sf,2026-01-24,729,59,0.0
9110sf,2026-01-25,730,60,0.0
9110sf,2026-01-26,731,61,0.0
9110sf,2026-01-27,732,62,0.0
9110sf,2026-01-28,733,63,0.0
9110sf,2026-01-29,734,64,0.0
9110sf,2026-01-30,735,65,0.0
9110sf,2026-01-31,736,66,0.0
9110sf,2026-02-01,737,67,0.0
9110sf,2026-02-02,738,68,0.01
9110sf,2026-02-03,739,69,0.0
9110sf,2026-02-04,740,70,0.0
9110sf,2026-02-05,741,71,0.0
9110sf,2026-02-06,742,72,0.0
9110sf,2026-02-07,743,73,0.0
9110sf,2026-02-08,744,74,0.0
9110sf,2026-02-09,745,75,0.0
9110sf,2026-02-10,746,76,0.0
9110sf,2026-02-11,747,77,0.0
9110sf,2026-02-12,748,78,0.0
9110sf,2026-02-13,749,79,0.0
9110sf,2026-02-14,750,80,0.01
9110sf,2026-02-15,751,81,0.0
9110sf,2026-02-16,752,82,0.0
9110sf,2026-02-17,753,83,0.0
9110sf,2026-02-18,754,84,0.0
9110sf,2026-02-19,755,85,0.0
9110sf,2026-02-20,756,86,0.0
9110sf,2026-02-21,757,87,0.0
9110sf,2026-02-22,758,88,0.0
9110sf,2026-02-23,759,89,0.0
9110sf,2026-02-24,760,90,0.0
9110sf,2026-02-25,761,91,0.0
9110sf,2026-02-26,762,92,0.0
9110sf,2026-02-27,763,93,0.0
9110sf,2026-02-28,764,94,0.0
9110sf,2026-03-01,765,95,0.0
9110sf,2026-03-02,766,96,0.0
9110sf,2026-03-03,767,97,0.0
9110sf,2026-03-04,768,98,0.0
9110sf,2026-03-05,769,99,0.0
9110ub,2025-11-26,670,0,0.0
9110ub,2025-11-27,671,1,0.0
9110ub,2025-11-28,672,2,0.0
9110ub,2025-11-29,673,3,0.0
9110ub,2025-11-30,674,4,0.0
9110ub,2025-12-01,675,5,0.0
9110ub,2025-12-02,676,6,0.0
9110ub,2025-12-03,677,7,0.0
9110ub,2025-12-04,678,8,0.0
9110ub,2025-12-05,679,9,0.0
9110ub,2025-12-06,680,10,0.0
9110ub,2025-12-07,681,11,0.0
9110ub,2025-12-08,682,12,0.0
9110ub,2025-12-09,683,13,0.0
9110ub,2025-12-10,684,14,0.0
9110ub,2025-12-11,685,15,0.0
9110ub,2025-12-12,686,16,0.0
9110ub,2025-12-13,687,17,0.0
9110ub,2025-12-14,688,18,0.0
9110ub,2025-12-15,689,19,0.0
9110ub,2025-12-16,690,20,0.0
9110ub,2025-12-17,691,21,0.0
9110ub,2025-12-18,692,22,0.0
9110ub,2025-12-19,693,23,0.0
9110ub,2025-12-20,694,24,0.01
9110ub,2025-12-21,695,25,0.0
9110ub,2025-12-22,696,26,0.0
9110ub,2025-12-23,697,27,0.0
9110ub,2025-12-24,698,28,0.0
9110ub,2025-12-25,699,29,0.0
9110ub,2025-12-26,700,30,0.0
9110ub,2025-12-27,701,31,0.0
9110ub,2025-12-28,702,32,0.0
9110ub,2025-12-29,703,33,0.0
9110ub,2025-12-30,704,34,0.0
9110ub,2025-12-31,705,35,0.01
9110ub,2026-01-01,706,36,0.0
9110ub,2026-01-02,707,37,0.0
9110ub,2026-01-03,708,38,0.0
9110ub,2026-01-04,709,39,0.0
9110ub,2026-01-05,710,40,0.0
9110ub,2026-01-06,711,41,0.0
9110ub,2026-01-07,712,42,0.0
9110ub,2026-01-08,713,43,0.0
9110ub,2026-01-09,714,44,0.0
9110ub,2026-01-10,715,45,0.0
9110ub,2026-01-11,716,46,0.0
9110ub,2026-01-12,717,47,0.0
9110ub,2026-01-13,718,48,0.0
9110ub,2026-01-14,719,49,0.0
9110ub,2026-01-15,720,50,0.0
9110ub,2026-01-16,721,51,0.0
9110ub,2026-01-17,722,52,0.0
9110ub,2026-01-18,723,53,0.0
9110ub,2026-01-19,724,54,0.0
9110ub,2026-01-20,725,55,0.0
9110ub,2026-01-21,726,56,0.0
9110ub,2026-01-22,727,57,0.0
9110ub,2026-01-23,728,58,0.0
9110ub,2026-01-24,729,59,0.0
9110ub,2026-01-25,730,60,0.0
9110ub,2026-01-26,731,61,0.0
9110ub,2026-01-27,732,62,0.01
9110ub,2026-01-28,733,63,0.03
9110ub,2026-01-29,734,64,0.0
9110ub,2026-01-30,735,65,0.0
9110ub,2026-01-31,736,66,0.0
9110ub,2026-02-01,737,67,0.0
9110ub,2026-02-02,738,68,0.0
9110ub,2026-02-03,739,69,0.0
9110ub,2026-02-04,740,70,0.0
9110ub,2026-02-05,741,71,0.0
9110ub,2026-02-06,742,72,0.0
9110ub,2026-02-07,743,73,0.0
9110ub,2026-02-08,744,74,0.0
9110ub,2026-02-09,745,75,0.0
9110ub,2026-02-10,746,76,0.0
9110ub,2026-02-11,747,77,0.0
9110ub,2026-02-12,748,78,0.0
9110ub,2026-02-13,749,79,0.0
9110ub,2026-02-14,750,80,0.0
9110ub,2026-02-15,751,81,0.0
9110ub,2026-02-16,752,82,0.0
9110ub,2026-02-17,753,83,0.0
9110ub,2026-02-18,754,84,0.0
9110ub,2026-02-19,755,85,0.0
9110ub,2026-02-20,756,86,0.0
9110ub,2026-02-21,757,87,0.0
9110ub,2026-02-22,758,88,0.0
9110ub,2026-02-23,759,89,0.0
9110ub,2026-02-24,760,90,0.0
9110ub,2026-02-25,761,91,0.0
9110ub,2026-02-26,762,92,0.0
9110ub,2026-02-27,763,93,0.0
9110ub,2026-02-28,764,94,0.0
9110ub,2026-03-01,765,95,0.0
9110ub,2026-03-02,766,96,0.0
9110ub,2026-03-03,767,97,0.0
9110ub,2026-03-04,768,98,0.0
9110ub,2026-03-05,769,99,0.0
9111dx,2025-11-26,670,0,0.0
9111dx,2025-11-27,671,1,0.0
9111dx,2025-11-28,672,2,0.0
9111dx,2025-11-29,673,3,0.0
9111dx,2025-11-30,674,4,0.0
9111dx,2025-12-01,675,5,0.01
9111dx,2025-12-02,676,6,0.01
9111dx,2025-12-03,677,7,0.0
9111dx,2025-12-04,678,8,0.0
9111dx,2025-12-05,679,9,0.0
9111dx,2025-12-06,680,10,0.0
9111dx,2025-12-07,681,11,0.0
9111dx,2025-12-08,682,12,0.0
9111dx,2025-12-09,683,13,0.0
9111dx,2025-12-10,684,14,0.0
9111dx,2025-12-11,685,15,0.0
9111dx,2025-12-12,686,16,0.0
9111dx,2025-12-13,687,17,0.0
9111dx,2025-12-14,688,18,0.0
9111dx,2025-12-15,689,19,0.0
9111dx,2025-12-16,690,20,0.0
9111dx,2025-12-17,691,21,0.0
9111dx,2025-12-18,692,22,0.0
9111dx,2025-12-19,693,23,0.0
9111dx,2025-12-20,694,24,0.0
9111dx,2025-12-21,695,25,0.0
9111dx,2025-12-22,696,26,0.0
9111dx,2025-12-23,697,27,0.0
9111dx,2025-12-24,698,28,0.0
9111dx,2025-12-25,699,29,0.0
9111dx,2025-12-26,700,30,0.0
9111dx,2025-12-27,701,31,0.0
9111dx,2025-12-28,702,32,0.01
9111dx,2025-12-29,703,33,0.0
9111dx,2025-12-30,704,34,0.0
9111dx,2025-12-31,705,35,0.0
9111dx,2026-01-01,706,36,0.0
9111dx,2026-01-02,707,37,0.0
9111dx,2026-01-03,708,38,0.0
9111dx,2026-01-04,709,39,0.0
9111dx,2026-01-05,710,40,0.0
9111dx,2026-01-06,711,41,0.01
9111dx,2026-01-07,712,42,0.0
9111dx,2026-01-08,713,43,0.0
9111dx,2026-01-09,714,44,0.0
9111dx,2026-01-10,715,45,0.0
9111dx,2026-01-11,716,46,0.0
9111dx,2026-01-12,717,47,0.0
9111dx,2026-01-13,718,48,0.0
9111dx,2026-01-14,719,49,0.0
9111dx,2026-01-15,720,50,0.0
9111dx,2026-01-16,721,51,0.01
9111dx,2026-01-17,722,52,0.0
9111dx,2026-01-18,723,53,0.0
9111dx,2026-01-19,724,54,0.0
9111dx,2026-01-20,725,55,0.0
9111dx,2026-01-21,726,56,0.0
9111dx,2026-01-22,727,57,0.0
9111dx,2026-01-23,728,58,0.0
9111dx,2026-01-24,729,59,0.0
9111dx,2026-01-25,730,60,0.0
9111dx,2026-01-26,731,61,0.0
9111dx,2026-01-27,732,62,0.0
9111dx,2026-01-28,733,63,0.0
9111dx,2026-01-29,734,64,0.0
9111dx,2026-01-30,735,65,0.0
9111dx,2026-01-31,736,66,0.0
9111dx,2026-02-01,737,67,0.0
9111dx,2026-02-02,738,68,0.0
9111dx,2026-02-03,739,69,0.0
9111dx,2026-02-04,740,70,0.0
9111dx,2026-02-05,741,71,0.0
9111dx,2026-02-06,742,72,0.0
9111dx,2026-02-07,743,73,0.0
9111dx,2026-02-08,744,74,0.0
9111dx,2026-02-09,745,75,0.0
9111dx,2026-02-10,746,76,0.0
9111dx,2026-02-11,747,77,0.0
9111dx,2026-02-12,748,78,0.0
9111dx,2026-02-13,749,79,0.0
9111dx,2026-02-14,750,80,0.0
9111dx,2026-02-15,751,81,0.0
9111dx,2026-02-16,752,82,0.0
9111dx,2026-02-17,753,83,0.0
9111dx,2026-02-18,754,84,0.0
9111dx,2026-02-19,755,85,0.0
9111dx,2026-02-20,756,86,0.0
9111dx,2026-02-21,757,87,0.0
9111dx,2026-02-22,758,88,0.0
9111dx,2026-02-23,759,89,0.01
9111dx,2026-02-24,760,90,0.0
9111dx,2026-02-25,761,91,0.01
9111dx,2026-02-26,762,92,0.0
9111dx,2026-02-27,763,93,0.0
9111dx,2026-02-28,764,94,0.0
9111dx,2026-03-01,765,95,0.0
9111dx,2026-03-02,766,96,0.0
9111dx,2026-03-03,767,97,0.0
9111dx,2026-03-04,768,98,0.0
9111dx,2026-03-05,769,99,0.0
9111ub,2025-11-26,670,0,0.0
9111ub,2025-11-27,671,1,0.0
9111ub,2025-11-28,672,2,0.0
9111ub,2025-11-29,673,3,0.0
9111ub,2025-11-30,674,4,0.0
9111ub,2025-12-01,675,5,0.0
9111ub,2025-12-02,676,6,0.02
9111ub,2025-12-03,677,7,0.02
9111ub,2025-12-04,678,8,0.03
9111ub,2025-12-05,679,9,0.03
9111ub,2025-12-06,680,10,0.01
9111ub,2025-12-07,681,11,0.0
9111ub,2025-12-08,682,12,0.0
9111ub,2025-12-09,683,13,0.01
9111ub,2025-12-10,684,14,0.0
9111ub,2025-12-11,685,15,0.0
9111ub,2025-12-12,686,16,0.0
9111ub,2025-12-13,687,17,0.0
9111ub,2025-12-14,688,18,0.0
9111ub,2025-12-15,689,19,0.0
9111ub,2025-12-16,690,20,0.0
9111ub,2025-12-17,691,21,0.0
9111ub,2025-12-18,692,22,0.0
9111ub,2025-12-19,693,23,0.0
9111ub,2025-12-20,694,24,0.0
9111ub,2025-12-21,695,25,0.0
9111ub,2025-12-22,696,26,0.0
9111ub,2025-12-23,697,27,0.01
9111ub,2025-12-24,698,28,0.0
9111ub,2025-12-25,699,29,0.0
9111ub,2025-12-26,700,30,0.0
9111ub,2025-12-27,701,31,0.0
9111ub,2025-12-28,702,32,0.0
9111ub,2025-12-29,703,33,0.0
9111ub,2025-12-30,704,34,0.0
9111ub,2025-12-31,705,35,0.0
9111ub,2026-01-01,706,36,0.0
9111ub,2026-01-02,707,37,0.0
9111ub,2026-01-03,708,38,0.0
9111ub,2026-01-04,709,39,0.0
9111ub,2026-01-05,710,40,0.0
9111ub,2026-01-06,711,41,0.02
9111ub,2026-01-07,712,42,0.0
9111ub,2026-01-08,713,43,0.01
9111ub,2026-01-09,714,44,0.0
9111ub,2026-01-10,715,45,0.0
9111ub,2026-01-11,716,46,0.0
9111ub,2026-01-12,717,47,0.0
9111ub,2026-01-13,718,48,0.0
9111ub,2026-01-14,719,49,0.0
9111ub,2026-01-15,720,50,0.0
9111ub,2026-01-16,721,51,0.0
9111ub,2026-01-17,722,52,0.0
9111ub,2026-01-18,723,53,0.0
9111ub,2026-01-19,724,54,0.0
9111ub,2026-01-20,725,55,0.0
9111ub,2026-01-21,726,56,0.0
9111ub,2026-01-22,727,57,0.0
9111ub,2026-01-23,728,58,0.0
9111ub,2026-01-24,729,59,0.0
9111ub,2026-01-25,730,60,0.0
9111ub,2026-01-26,731,61,0.0
9111ub,2026-01-27,732,62,0.0
9111ub,2026-01-28,733,63,0.0
9111ub,2026-01-29,734,64,0.0
9111ub,2026-01-30,735,65,0.0
9111ub,2026-01-31,736,66,0.0
9111ub,2026-02-01,737,67,0.0
9111ub,2026-02-02,738,68,0.0
9111ub,2026-02-03,739,69,0.0
9111ub,2026-02-04,740,70,0.0
9111ub,2026-02-05,741,71,0.0
9111ub,2026-02-06,742,72,0.0
9111ub,2026-02-07,743,73,0.0
9111ub,2026-02-08,744,74,0.0
9111ub,2026-02-09,745,75,0.0
9111ub,2026-02-10,746,76,0.0
9111ub,2026-02-11,747,77,0.0
9111ub,2026-02-12,748,78,0.0
9111ub,2026-02-13,749,79,0.0
9111ub,2026-02-14,750,80,0.0
9111ub,2026-02-15,751,81,0.0
9111ub,2026-02-16,752,82,0.0
9111ub,2026-02-17,753,83,0.01
9111ub,2026-02-18,754,84,0.0
9111ub,2026-02-19,755,85,0.0
9111ub,2026-02-20,756,86,0.0
9111ub,2026-02-21,757,87,0.0
9111ub,2026-02-22,758,88,0.0
9111ub,2026-02-23,759,89,0.0
9111ub,2026-02-24,760,90,0.0
9111ub,2026-02-25,761,91,0.0
9111ub,2026-02-26,762,92,0.0
9111ub,2026-02-27,763,93,0.0
9111ub,2026-02-28,764,94,0.0
9111ub,2026-03-01,765,95,0.0
9111ub,2026-03-02,766,96,0.0
9111ub,2026-03-03,767,97,0.0
9111ub,2026-03-04,768,98,0.0
9111ub,2026-03-05,769,99,0.0
9112dx,2025-11-26,670,0,0.0
9112dx,2025-11-27,671,1,0.0
9112dx,2025-11-28,672,2,0.0
9112dx,2025-11-29,673,3,0.0
9112dx,2025-11-30,674,4,0.0
9112dx,2025-12-01,675,5,0.0
9112dx,2025-12-02,676,6,0.0
9112dx,2025-12-03,677,7,0.0
9112dx,2025-12-04,678,8,0.0
9112dx,2025-12-05,679,9,0.0
9112dx,2025-12-06,680,10,0.0
9112dx,2025-12-07,681,11,0.0
9112dx,2025-12-08,682,12,0.0
9112dx,2025-12-09,683,13,0.0
9112dx,2025-12-10,684,14,0.0
9112dx,2025-12-11,685,15,0.0
9112dx,2025-12-12,686,16,0.0
9112dx,2025-12-13,687,17,0.0
9112dx,2025-12-14,688,18,0.0
9112dx,2025-12-15,689,19,0.0
9112dx,2025-12-16,690,20,0.01
9112dx,2025-12-17,691,21,0.0
9112dx,2025-12-18,692,22,0.0
9112dx,2025-12-19,693,23,0.0
9112dx,2025-12-20,694,24,0.0
9112dx,2025-12-21,695,25,0.0
9112dx,2025-12-22,696,26,0.0
9112dx,2025-12-23,697,27,0.01
9112dx,2025-12-24,698,28,0.0
9112dx,2025-12-25,699,29,0.0
9112dx,2025-12-26,700,30,0.0
9112dx,2025-12-27,701,31,0.0
9112dx,2025-12-28,702,32,0.0
9112dx,2025-12-29,703,33,0.0
9112dx,2025-12-30,704,34,0.0
9112dx,2025-12-31,705,35,0.0
9112dx,2026-01-01,706,36,0.0
9112dx,2026-01-02,707,37,0.0
9112dx,2026-01-03,708,38,0.01
9112dx,2026-01-04,709,39,0.0
9112dx,2026-01-05,710,40,0.0
9112dx,2026-01-06,711,41,0.0
9112dx,2026-01-07,712,42,0.0
9112dx,2026-01-08,713,43,0.0
9112dx,2026-01-09,714,44,0.0
9112dx,2026-01-10,715,45,0.0
9112dx,2026-01-11,716,46,0.0
9112dx,2026-01-12,717,47,0.0
9112dx,2026-01-13,718,48,0.0
9112dx,2026-01-14,719,49,0.0
9112dx,2026-01-15,720,50,0.0
9112dx,2026-01-16,721,51,0.0
9112dx,2026-01-17,722,52,0.0
9112dx,2026-01-18,723,53,0.0
9112dx,2026-01-19,724,54,0.0
9112dx,2026-01-20,725,55,0.01
9112dx,2026-01-21,726,56,0.0
9112dx,2026-01-22,727,57,0.0
9112dx,2026-01-23,728,58,0.0
9112dx,2026-01-24,729,59,0.0
9112dx,2026-01-25,730,60,0.0
9112dx,2026-01-26,731,61,0.0
9112dx,2026-01-27,732,62,0.0
9112dx,2026-01-28,733,63,0.0
9112dx,2026-01-29,734,64,0.0
9112dx,2026-01-30,735,65,0.0
9112dx,2026-01-31,736,66,0.0
9112dx,2026-02-01,737,67,0.0
9112dx,2026-02-02,738,68,0.0
9112dx,2026-02-03,739,69,0.0
9112dx,2026-02-04,740,70,0.0
9112dx,2026-02-05,741,71,0.0
9112dx,2026-02-06,742,72,0.0
9112dx,2026-02-07,743,73,0.0
9112dx,2026-02-08,744,74,0.0
9112dx,2026-02-09,745,75,0.01
9112dx,2026-02-10,746,76,0.0
9112dx,2026-02-11,747,77,0.0
9112dx,2026-02-12,748,78,0.0
9112dx,2026-02-13,749,79,0.0
9112dx,2026-02-14,750,80,0.0
9112dx,2026-02-15,751,81,0.0
9112dx,2026-02-16,752,82,0.0
9112dx,2026-02-17,753,83,0.0
9112dx,2026-02-18,754,84,0.0
9112dx,2026-02-19,755,85,0.0
9112dx,2026-02-20,756,86,0.01
9112dx,2026-02-21,757,87,0.0
9112dx,2026-02-22,758,88,0.0
9112dx,2026-02-23,759,89,0.0
9112dx,2026-02-24,760,90,0.01
9112dx,2026-02-25,761,91,0.0
9112dx,2026-02-26,762,92,0.01
9112dx,2026-02-27,763,93,0.0
9112dx,2026-02-28,764,94,0.0
9112dx,2026-03-01,765,95,0.0
9112dx,2026-03-02,766,96,0.01
9112dx,2026-03-03,767,97,0.0
9112dx,2026-03-04,768,98,0.0
9112dx,2026-03-05,769,99,0.0
9112fz,2025-11-26,670,0,0.0
9112fz,2025-11-27,671,1,0.0
9112fz,2025-11-28,672,2,0.0
9112fz,2025-11-29,673,3,0.0
9112fz,2025-11-30,674,4,0.0
9112fz,2025-12-01,675,5,0.0
9112fz,2025-12-02,676,6,0.0
9112fz,2025-12-03,677,7,0.0
9112fz,2025-12-04,678,8,0.0
9112fz,2025-12-05,679,9,0.0
9112fz,2025-12-06,680,10,0.0
9112fz,2025-12-07,681,11,0.0
9112fz,2025-12-08,682,12,0.0
9112fz,2025-12-09,683,13,0.0
9112fz,2025-12-10,684,14,0.0
9112fz,2025-12-11,685,15,0.0
9112fz,2025-12-12,686,16,0.0
9112fz,2025-12-13,687,17,0.0
9112fz,2025-12-14,688,18,0.0
9112fz,2025-12-15,689,19,0.0
9112fz,2025-12-16,690,20,0.0
9112fz,2025-12-17,691,21,0.0
9112fz,2025-12-18,692,22,0.0
9112fz,2025-12-19,693,23,0.0
9112fz,2025-12-20,694,24,0.0
9112fz,2025-12-21,695,25,0.0
9112fz,2025-12-22,696,26,0.0
9112fz,2025-12-23,697,27,0.0
9112fz,2025-12-24,698,28,0.0
9112fz,2025-12-25,699,29,0.0
9112fz,2025-12-26,700,30,0.0
9112fz,2025-12-27,701,31,0.0
9112fz,2025-12-28,702,32,0.0
9112fz,2025-12-29,703,33,0.0
9112fz,2025-12-30,704,34,0.0
9112fz,2025-12-31,705,35,0.0
9112fz,2026-01-01,706,36,0.0
9112fz,2026-01-02,707,37,0.0
9112fz,2026-01-03,708,38,0.0
9112fz,2026-01-04,709,39,0.0
9112fz,2026-01-05,710,40,0.0
9112fz,2026-01-06,711,41,0.0
9112fz,2026-01-07,712,42,0.0
9112fz,2026-01-08,713,43,0.0
9112fz,2026-01-09,714,44,0.0
9112fz,2026-01-10,715,45,0.0
9112fz,2026-01-11,716,46,0.0
9112fz,2026-01-12,717,47,0.0
9112fz,2026-01-13,718,48,0.0
9112fz,2026-01-14,719,49,0.0
9112fz,2026-01-15,720,50,0.0
9112fz,2026-01-16,721,51,0.0
9112fz,2026-01-17,722,52,0.0
9112fz,2026-01-18,723,53,0.0
9112fz,2026-01-19,724,54,0.0
9112fz,2026-01-20,725,55,0.0
9112fz,2026-01-21,726,56,0.0
9112fz,2026-01-22,727,57,0.0
9112fz,2026-01-23,728,58,0.0
9112fz,2026-01-24,729,59,0.0
9112fz,2026-01-25,730,60,0.0
9112fz,2026-01-26,731,61,0.0
9112fz,2026-01-27,732,62,0.0
9112fz,2026-01-28,733,63,0.0
9112fz,2026-01-29,734,64,0.0
9112fz,2026-01-30,735,65,0.0
9112fz,2026-01-31,736,66,0.0
9112fz,2026-02-01,737,67,0.0
9112fz,2026-02-02,738,68,0.0
9112fz,2026-02-03,739,69,0.0
9112fz,2026-02-04,740,70,0.0
9112fz,2026-02-05,741,71,0.0
9112fz,2026-02-06,742,72,0.0
9112fz,2026-02-07,743,73,0.0
9112fz,2026-02-08,744,74,0.0
9112fz,2026-02-09,745,75,0.0
9112fz,2026-02-10,746,76,0.0
9112fz,2026-02-11,747,77,0.0
9112fz,2026-02-12,748,78,0.0
9112fz,2026-02-13,749,79,0.0
9112fz,2026-02-14,750,80,0.0
9112fz,2026-02-15,751,81,0.0
9112fz,2026-02-16,752,82,0.0
9112fz,2026-02-17,753,83,0.0
9112fz,2026-02-18,754,84,0.0
9112fz,2026-02-19,755,85,0.0
9112fz,2026-02-20,756,86,0.0
9112fz,2026-02-21,757,87,0.0
9112fz,2026-02-22,758,88,0.0
9112fz,2026-02-23,759,89,0.0
9112fz,2026-02-24,760,90,0.0
9112fz,2026-02-25,761,91,0.0
9112fz,2026-02-26,762,92,0.0
9112fz,2026-02-27,763,93,0.0
9112fz,2026-02-28,764,94,0.0
9112fz,2026-03-01,765,95,0.0
9112fz,2026-03-02,766,96,0.0
9112fz,2026-03-03,767,97,0.0
9112fz,2026-03-04,768,98,0.01
9112fz,2026-03-05,769,99,0.0
9112ub,2025-11-26,670,0,0.0
9112ub,2025-11-27,671,1,0.02
9112ub,2025-11-28,672,2,0.0
9112ub,2025-11-29,673,3,0.0
9112ub,2025-11-30,674,4,0.0
9112ub,2025-12-01,675,5,0.01
9112ub,2025-12-02,676,6,0.12
9112ub,2025-12-03,677,7,0.08
9112ub,2025-12-04,678,8,0.11
9112ub,2025-12-05,679,9,0.08
9112ub,2025-12-06,680,10,0.04
9112ub,2025-12-07,681,11,0.02
9112ub,2025-12-08,682,12,0.0
9112ub,2025-12-09,683,13,0.04
9112ub,2025-12-10,684,14,0.01
9112ub,2025-12-11,685,15,0.0
9112ub,2025-12-12,686,16,0.03
9112ub,2025-12-13,687,17,0.0
9112ub,2025-12-14,688,18,0.01
9112ub,2025-12-15,689,19,0.0
9112ub,2025-12-16,690,20,0.03
9112ub,2025-12-17,691,21,0.0
9112ub,2025-12-18,692,22,0.0
9112ub,2025-12-19,693,23,0.0
9112ub,2025-12-20,694,24,0.0
9112ub,2025-12-21,695,25,0.0
9112ub,2025-12-22,696,26,0.0
9112ub,2025-12-23,697,27,0.0
9112ub,2025-12-24,698,28,0.0
9112ub,2025-12-25,699,29,0.0
9112ub,2025-12-26,700,30,0.0
9112ub,2025-12-27,701,31,0.0
9112ub,2025-12-28,702,32,0.0
9112ub,2025-12-29,703,33,0.0
9112ub,2025-12-30,704,34,0.0
9112ub,2025-12-31,705,35,0.01
9112ub,2026-01-01,706,36,0.0
9112ub,2026-01-02,707,37,0.0
9112ub,2026-01-03,708,38,0.0
9112ub,2026-01-04,709,39,0.0
9112ub,2026-01-05,710,40,0.0
9112ub,2026-01-06,711,41,0.01
9112ub,2026-01-07,712,42,0.0
9112ub,2026-01-08,713,43,0.01
9112ub,2026-01-09,714,44,0.01
9112ub,2026-01-10,715,45,0.0
9112ub,2026-01-11,716,46,0.0
9112ub,2026-01-12,717,47,0.0
9112ub,2026-01-13,718,48,0.03
9112ub,2026-01-14,719,49,0.01
9112ub,2026-01-15,720,50,0.01
9112ub,2026-01-16,721,51,0.02
9112ub,2026-01-17,722,52,0.04
9112ub,2026-01-18,723,53,0.0
9112ub,2026-01-19,724,54,0.02
9112ub,2026-01-20,725,55,0.08
9112ub,2026-01-21,726,56,0.02
9112ub,2026-01-22,727,57,0.04
9112ub,2026-01-23,728,58,0.01
9112ub,2026-01-24,729,59,0.05
9112ub,2026-01-25,730,60,0.05
9112ub,2026-01-26,731,61,0.04
9112ub,2026-01-27,732,62,0.21
9112ub,2026-01-28,733,63,0.08
9112ub,2026-01-29,734,64,0.15
9112ub,2026-01-30,735,65,0.05
9112ub,2026-01-31,736,66,0.13
9112ub,2026-02-01,737,67,0.01
9112ub,2026-02-02,738,68,0.02
9112ub,2026-02-03,739,69,0.09
9112ub,2026-02-04,740,70,0.05
9112ub,2026-02-05,741,71,0.12
9112ub,2026-02-06,742,72,0.05
9112ub,2026-02-07,743,73,0.06
9112ub,2026-02-08,744,74,0.0
9112ub,2026-02-09,745,75,0.0
9112ub,2026-02-10,746,76,0.01
9112ub,2026-02-11,747,77,0.02
9112ub,2026-02-12,748,78,0.0
9112ub,2026-02-13,749,79,0.0
9112ub,2026-02-14,750,80,0.0
9112ub,2026-02-15,751,81,0.0
9112ub,2026-02-16,752,82,0.0
9112ub,2026-02-17,753,83,0.0
9112ub,2026-02-18,754,84,0.0
9112ub,2026-02-19,755,85,0.0
9112ub,2026-02-20,756,86,0.0
9112ub,2026-02-21,757,87,0.0
9112ub,2026-02-22,758,88,0.0
9112ub,2026-02-23,759,89,0.0
9112ub,2026-02-24,760,90,0.02
9112ub,2026-02-25,761,91,0.0
9112ub,2026-02-26,762,92,0.03
9112ub,2026-02-27,763,93,0.0
9112ub,2026-02-28,764,94,0.01
9112ub,2026-03-01,765,95,0.01
9112ub,2026-03-02,766,96,0.0
9112ub,2026-03-03,767,97,0.02
9112ub,2026-03-04,768,98,0.0
9112ub,2026-03-05,769,99,0.06
9114dx,2025-11-26,670,0,0.0
9114dx,2025-11-27,671,1,0.0
9114dx,2025-11-28,672,2,0.0
9114dx,2025-11-29,673,3,0.0
9114dx,2025-11-30,674,4,0.0
9114dx,2025-12-01,675,5,0.0
9114dx,2025-12-02,676,6,0.0
9114dx,2025-12-03,677,7,0.0
9114dx,2025-12-04,678,8,0.0
9114dx,2025-12-05,679,9,0.0
9114dx,2025-12-06,680,10,0.0
9114dx,2025-12-07,681,11,0.0
9114dx,2025-12-08,682,12,0.0
9114dx,2025-12-09,683,13,0.0
9114dx,2025-12-10,684,14,0.0
9114dx,2025-12-11,685,15,0.0
9114dx,2025-12-12,686,16,0.0
9114dx,2025-12-13,687,17,0.0
9114dx,2025-12-14,688,18,0.0
9114dx,2025-12-15,689,19,0.0
9114dx,2025-12-16,690,20,0.0
9114dx,2025-12-17,691,21,0.0
9114dx,2025-12-18,692,22,0.0
9114dx,2025-12-19,693,23,0.0
9114dx,2025-12-20,694,24,0.0
9114dx,2025-12-21,695,25,0.0
9114dx,2025-12-22,696,26,0.0
9114dx,2025-12-23,697,27,0.0
9114dx,2025-12-24,698,28,0.0
9114dx,2025-12-25,699,29,0.0
9114dx,2025-12-26,700,30,0.0
9114dx,2025-12-27,701,31,0.0
9114dx,2025-12-28,702,32,0.0
9114dx,2025-12-29,703,33,0.0
9114dx,2025-12-30,704,34,0.0
9114dx,2025-12-31,705,35,0.0
9114dx,2026-01-01,706,36,0.0
9114dx,2026-01-02,707,37,0.0
9114dx,2026-01-03,708,38,0.0
9114dx,2026-01-04,709,39,0.0
9114dx,2026-01-05,710,40,0.0
9114dx,2026-01-06,711,41,0.0
9114dx,2026-01-07,712,42,0.0
9114dx,2026-01-08,713,43,0.0
9114dx,2026-01-09,714,44,0.0
9114dx,2026-01-10,715,45,0.0
9114dx,2026-01-11,716,46,0.0
9114dx,2026-01-12,717,47,0.0
9114dx,2026-01-13,718,48,0.0
9114dx,2026-01-14,719,49,0.0
9114dx,2026-01-15,720,50,0.0
9114dx,2026-01-16,721,51,0.0
9114dx,2026-01-17,722,52,0.0
9114dx,2026-01-18,723,53,0.0
9114dx,2026-01-19,724,54,0.0
9114dx,2026-01-20,725,55,0.01
9114dx,2026-01-21,726,56,0.0
9114dx,2026-01-22,727,57,0.0
9114dx,2026-01-23,728,58,0.0
9114dx,2026-01-24,729,59,0.0
9114dx,2026-01-25,730,60,0.0
9114dx,2026-01-26,731,61,0.0
9114dx,2026-01-27,732,62,0.0
9114dx,2026-01-28,733,63,0.0
9114dx,2026-01-29,734,64,0.0
9114dx,2026-01-30,735,65,0.0
9114dx,2026-01-31,736,66,0.01
9114dx,2026-02-01,737,67,0.01
9114dx,2026-02-02,738,68,0.0
9114dx,2026-02-03,739,69,0.0
9114dx,2026-02-04,740,70,0.0
9114dx,2026-02-05,741,71,0.02
9114dx,2026-02-06,742,72,0.0
9114dx,2026-02-07,743,73,0.0
9114dx,2026-02-08,744,74,0.0
9114dx,2026-02-09,745,75,0.0
9114dx,2026-02-10,746,76,0.0
9114dx,2026-02-11,747,77,0.0
9114dx,2026-02-12,748,78,0.0
9114dx,2026-02-13,749,79,0.0
9114dx,2026-02-14,750,80,0.01
9114dx,2026-02-15,751,81,0.0
9114dx,2026-02-16,752,82,0.0
9114dx,2026-02-17,753,83,0.0
9114dx,2026-02-18,754,84,0.0
9114dx,2026-02-19,755,85,0.0
9114dx,2026-02-20,756,86,0.0
9114dx,2026-02-21,757,87,0.0
9114dx,2026-02-22,758,88,0.0
9114dx,2026-02-23,759,89,0.0
9114dx,2026-02-24,760,90,0.0
9114dx,2026-02-25,761,91,0.0
9114dx,2026-02-26,762,92,0.0
9114dx,2026-02-27,763,93,0.01
9114dx,2026-02-28,764,94,0.0
9114dx,2026-03-01,765,95,0.0
9114dx,2026-03-02,766,96,0.0
9114dx,2026-03-03,767,97,0.0
9114dx,2026-03-04,768,98,0.0
9114dx,2026-03-05,769,99,0.0
9114fz,2025-11-26,670,0,0.0
9114fz,2025-11-27,671,1,0.0
9114fz,2025-11-28,672,2,0.0
9114fz,2025-11-29,673,3,0.0
9114fz,2025-11-30,674,4,0.0
9114fz,2025-12-01,675,5,0.0
9114fz,2025-12-02,676,6,0.01
9114fz,2025-12-03,677,7,0.0
9114fz,2025-12-04,678,8,0.0
9114fz,2025-12-05,679,9,0.0
9114fz,2025-12-06,680,10,0.0
9114fz,2025-12-07,681,11,0.0
9114fz,2025-12-08,682,12,0.0
9114fz,2025-12-09,683,13,0.0
9114fz,2025-12-10,684,14,0.0
9114fz,2025-12-11,685,15,0.0
9114fz,2025-12-12,686,16,0.0
9114fz,2025-12-13,687,17,0.0
9114fz,2025-12-14,688,18,0.0
9114fz,2025-12-15,689,19,0.0
9114fz,2025-12-16,690,20,0.0
9114fz,2025-12-17,691,21,0.0
9114fz,2025-12-18,692,22,0.0
9114fz,2025-12-19,693,23,0.0
9114fz,2025-12-20,694,24,0.0
9114fz,2025-12-21,695,25,0.0
9114fz,2025-12-22,696,26,0.0
9114fz,2025-12-23,697,27,0.0
9114fz,2025-12-24,698,28,0.0
9114fz,2025-12-25,699,29,0.0
9114fz,2025-12-26,700,30,0.0
9114fz,2025-12-27,701,31,0.0
9114fz,2025-12-28,702,32,0.0
9114fz,2025-12-29,703,33,0.0
9114fz,2025-12-30,704,34,0.0
9114fz,2025-12-31,705,35,0.0
9114fz,2026-01-01,706,36,0.0
9114fz,2026-01-02,707,37,0.0
9114fz,2026-01-03,708,38,0.0
9114fz,2026-01-04,709,39,0.0
9114fz,2026-01-05,710,40,0.0
9114fz,2026-01-06,711,41,0.02
9114fz,2026-01-07,712,42,0.0
9114fz,2026-01-08,713,43,0.0
9114fz,2026-01-09,714,44,0.0
9114fz,2026-01-10,715,45,0.0
9114fz,2026-01-11,716,46,0.0
9114fz,2026-01-12,717,47,0.0
9114fz,2026-01-13,718,48,0.02
9114fz,2026-01-14,719,49,0.01
9114fz,2026-01-15,720,50,0.0
9114fz,2026-01-16,721,51,0.0
9114fz,2026-01-17,722,52,0.0
9114fz,2026-01-18,723,53,0.0
9114fz,2026-01-19,724,54,0.0
9114fz,2026-01-20,725,55,0.0
9114fz,2026-01-21,726,56,0.0
9114fz,2026-01-22,727,57,0.0
9114fz,2026-01-23,728,58,0.0
9114fz,2026-01-24,729,59,0.0
9114fz,2026-01-25,730,60,0.0
9114fz,2026-01-26,731,61,0.01
9114fz,2026-01-27,732,62,0.0
9114fz,2026-01-28,733,63,0.0
9114fz,2026-01-29,734,64,0.0
9114fz,2026-01-30,735,65,0.02
9114fz,2026-01-31,736,66,0.0
9114fz,2026-02-01,737,67,0.01
9114fz,2026-02-02,738,68,0.0
9114fz,2026-02-03,739,69,0.0
9114fz,2026-02-04,740,70,0.0
9114fz,2026-02-05,741,71,0.0
9114fz,2026-02-06,742,72,0.0
9114fz,2026-02-07,743,73,0.0
9114fz,2026-02-08,744,74,0.0
9114fz,2026-02-09,745,75,0.0
9114fz,2026-02-10,746,76,0.0
9114fz,2026-02-11,747,77,0.0
9114fz,2026-02-12,748,78,0.0
9114fz,2026-02-13,749,79,0.0
9114fz,2026-02-14,750,80,0.0
9114fz,2026-02-15,751,81,0.0
9114fz,2026-02-16,752,82,0.0
9114fz,2026-02-17,753,83,0.0
9114fz,2026-02-18,754,84,0.0
9114fz,2026-02-19,755,85,0.0
9114fz,2026-02-20,756,86,0.0
9114fz,2026-02-21,757,87,0.0
9114fz,2026-02-22,758,88,0.0
9114fz,2026-02-23,759,89,0.0
9114fz,2026-02-24,760,90,0.0
9114fz,2026-02-25,761,91,0.0
9114fz,2026-02-26,762,92,0.0
9114fz,2026-02-27,763,93,0.0
9114fz,2026-02-28,764,94,0.0
9114fz,2026-03-01,765,95,0.0
9114fz,2026-03-02,766,96,0.0
9114fz,2026-03-03,767,97,0.0
9114fz,2026-03-04,768,98,0.0
9114fz,2026-03-05,769,99,0.0
9114sf,2025-11-26,670,0,0.0
9114sf,2025-11-27,671,1,0.0
9114sf,2025-11-28,672,2,0.0
9114sf,2025-11-29,673,3,0.0
9114sf,2025-11-30,674,4,0.0
9114sf,2025-12-01,675,5,0.0
9114sf,2025-12-02,676,6,0.02
9114sf,2025-12-03,677,7,0.0
9114sf,2025-12-04,678,8,0.0
9114sf,2025-12-05,679,9,0.0
9114sf,2025-12-06,680,10,0.0
9114sf,2025-12-07,681,11,0.0
9114sf,2025-12-08,682,12,0.0
9114sf,2025-12-09,683,13,0.0
9114sf,2025-12-10,684,14,0.0
9114sf,2025-12-11,685,15,0.0
9114sf,2025-12-12,686,16,0.0
9114sf,2025-12-13,687,17,0.0
9114sf,2025-12-14,688,18,0.0
9114sf,2025-12-15,689,19,0.0
9114sf,2025-12-16,690,20,0.01
9114sf,2025-12-17,691,21,0.0
9114sf,2025-12-18,692,22,0.0
9114sf,2025-12-19,693,23,0.0
9114sf,2025-12-20,694,24,0.0
9114sf,2025-12-21,695,25,0.0
9114sf,2025-12-22,696,26,0.0
9114sf,2025-12-23,697,27,0.01
9114sf,2025-12-24,698,28,0.0
9114sf,2025-12-25,699,29,0.0
9114sf,2025-12-26,700,30,0.0
9114sf,2025-12-27,701,31,0.0
9114sf,2025-12-28,702,32,0.0
9114sf,2025-12-29,703,33,0.0
9114sf,2025-12-30,704,34,0.0
9114sf,2025-12-31,705,35,0.01
9114sf,2026-01-01,706,36,0.0
9114sf,2026-01-02,707,37,0.0
9114sf,2026-01-03,708,38,0.0
9114sf,2026-01-04,709,39,0.0
9114sf,2026-01-05,710,40,0.0
9114sf,2026-01-06,711,41,0.0
9114sf,2026-01-07,712,42,0.0
9114sf,2026-01-08,713,43,0.0
9114sf,2026-01-09,714,44,0.0
9114sf,2026-01-10,715,45,0.0
9114sf,2026-01-11,716,46,0.0
9114sf,2026-01-12,717,47,0.0
9114sf,2026-01-13,718,48,0.01
9114sf,2026-01-14,719,49,0.0
9114sf,2026-01-15,720,50,0.0
9114sf,2026-01-16,721,51,0.0
9114sf,2026-01-17,722,52,0.0
9114sf,2026-01-18,723,53,0.0
9114sf,2026-01-19,724,54,0.01
9114sf,2026-01-20,725,55,0.0
9114sf,2026-01-21,726,56,0.0
9114sf,2026-01-22,727,57,0.0
9114sf,2026-01-23,728,58,0.0
9114sf,2026-01-24,729,59,0.0
9114sf,2026-01-25,730,60,0.0
9114sf,2026-01-26,731,61,0.0
9114sf,2026-01-27,732,62,0.0
9114sf,2026-01-28,733,63,0.0
9114sf,2026-01-29,734,64,0.0
9114sf,2026-01-30,735,65,0.0
9114sf,2026-01-31,736,66,0.0
9114sf,2026-02-01,737,67,0.0
9114sf,2026-02-02,738,68,0.0
9114sf,2026-02-03,739,69,0.0
9114sf,2026-02-04,740,70,0.0
9114sf,2026-02-05,741,71,0.0
9114sf,2026-02-06,742,72,0.0
9114sf,2026-02-07,743,73,0.0
9114sf,2026-02-08,744,74,0.0
9114sf,2026-02-09,745,75,0.0
9114sf,2026-02-10,746,76,0.0
9114sf,2026-02-11,747,77,0.0
9114sf,2026-02-12,748,78,0.0
9114sf,2026-02-13,749,79,0.0
9114sf,2026-02-14,750,80,0.0
9114sf,2026-02-15,751,81,0.0
9114sf,2026-02-16,752,82,0.0
9114sf,2026-02-17,753,83,0.0
9114sf,2026-02-18,754,84,0.0
9114sf,2026-02-19,755,85,0.0
9114sf,2026-02-20,756,86,0.0
9114sf,2026-02-21,757,87,0.0
9114sf,2026-02-22,758,88,0.0
9114sf,2026-02-23,759,89,0.0
9114sf,2026-02-24,760,90,0.0
9114sf,2026-02-25,761,91,0.0
9114sf,2026-02-26,762,92,0.0
9114sf,2026-02-27,763,93,0.0
9114sf,2026-02-28,764,94,0.0
9114sf,2026-03-01,765,95,0.0
9114sf,2026-03-02,766,96,0.0
9114sf,2026-03-03,767,97,0.0
9114sf,2026-03-04,768,98,0.0
9114sf,2026-03-05,769,99,0.0
9114ub,2025-11-26,670,0,0.0
9114ub,2025-11-27,671,1,0.0
9114ub,2025-11-28,672,2,0.0
9114ub,2025-11-29,673,3,0.0
9114ub,2025-11-30,674,4,0.0
9114ub,2025-12-01,675,5,0.0
9114ub,2025-12-02,676,6,0.03
9114ub,2025-12-03,677,7,0.0
9114ub,2025-12-04,678,8,0.01
9114ub,2025-12-05,679,9,0.0
9114ub,2025-12-06,680,10,0.0
9114ub,2025-12-07,681,11,0.0
9114ub,2025-12-08,682,12,0.0
9114ub,2025-12-09,683,13,0.0
9114ub,2025-12-10,684,14,0.0
9114ub,2025-12-11,685,15,0.0
9114ub,2025-12-12,686,16,0.0
9114ub,2025-12-13,687,17,0.0
9114ub,2025-12-14,688,18,0.0
9114ub,2025-12-15,689,19,0.0
9114ub,2025-12-16,690,20,0.0
9114ub,2025-12-17,691,21,0.0
9114ub,2025-12-18,692,22,0.0
9114ub,2025-12-19,693,23,0.0
9114ub,2025-12-20,694,24,0.0
9114ub,2025-12-21,695,25,0.0
9114ub,2025-12-22,696,26,0.0
9114ub,2025-12-23,697,27,0.0
9114ub,2025-12-24,698,28,0.0
9114ub,2025-12-25,699,29,0.0
9114ub,2025-12-26,700,30,0.0
9114ub,2025-12-27,701,31,0.0
9114ub,2025-12-28,702,32,0.0
9114ub,2025-12-29,703,33,0.0
9114ub,2025-12-30,704,34,0.0
9114ub,2025-12-31,705,35,0.0
9114ub,2026-01-01,706,36,0.0
9114ub,2026-01-02,707,37,0.0
9114ub,2026-01-03,708,38,0.0
9114ub,2026-01-04,709,39,0.0
9114ub,2026-01-05,710,40,0.0
9114ub,2026-01-06,711,41,0.0
9114ub,2026-01-07,712,42,0.0
9114ub,2026-01-08,713,43,0.0
9114ub,2026-01-09,714,44,0.0
9114ub,2026-01-10,715,45,0.0
9114ub,2026-01-11,716,46,0.0
9114ub,2026-01-12,717,47,0.0
9114ub,2026-01-13,718,48,0.0
9114ub,2026-01-14,719,49,0.0
9114ub,2026-01-15,720,50,0.0
9114ub,2026-01-16,721,51,0.0
9114ub,2026-01-17,722,52,0.0
9114ub,2026-01-18,723,53,0.0
9114ub,2026-01-19,724,54,0.0
9114ub,2026-01-20,725,55,0.0
9114ub,2026-01-21,726,56,0.0
9114ub,2026-01-22,727,57,0.01
9114ub,2026-01-23,728,58,0.0
9114ub,2026-01-24,729,59,0.0
9114ub,2026-01-25,730,60,0.0
9114ub,2026-01-26,731,61,0.0
9114ub,2026-01-27,732,62,0.0
9114ub,2026-01-28,733,63,0.0
9114ub,2026-01-29,734,64,0.01
9114ub,2026-01-30,735,65,0.0
9114ub,2026-01-31,736,66,0.0
9114ub,2026-02-01,737,67,0.0
9114ub,2026-02-02,738,68,0.0
9114ub,2026-02-03,739,69,0.0
9114ub,2026-02-04,740,70,0.0
9114ub,2026-02-05,741,71,0.0
9114ub,2026-02-06,742,72,0.0
9114ub,2026-02-07,743,73,0.0
9114ub,2026-02-08,744,74,0.0
9114ub,2026-02-09,745,75,0.0
9114ub,2026-02-10,746,76,0.0
9114ub,2026-02-11,747,77,0.0
9114ub,2026-02-12,748,78,0.0
9114ub,2026-02-13,749,79,0.0
9114ub,2026-02-14,750,80,0.0
9114ub,2026-02-15,751,81,0.0
9114ub,2026-02-16,752,82,0.0
9114ub,2026-02-17,753,83,0.0
9114ub,2026-02-18,754,84,0.0
9114ub,2026-02-19,755,85,0.0
9114ub,2026-02-20,756,86,0.0
9114ub,2026-02-21,757,87,0.0
9114ub,2026-02-22,758,88,0.0
9114ub,2026-02-23,759,89,0.0
9114ub,2026-02-24,760,90,0.0
9114ub,2026-02-25,761,91,0.0
9114ub,2026-02-26,762,92,0.0
9114ub,2026-02-27,763,93,0.0
9114ub,2026-02-28,764,94,0.0
9114ub,2026-03-01,765,95,0.0
9114ub,2026-03-02,766,96,0.0
9114ub,2026-03-03,767,97,0.0
9114ub,2026-03-04,768,98,0.0
9114ub,2026-03-05,769,99,0.0
9115dx,2025-11-26,670,0,0.0
9115dx,2025-11-27,671,1,0.0
9115dx,2025-11-28,672,2,0.0
9115dx,2025-11-29,673,3,0.0
9115dx,2025-11-30,674,4,0.0
9115dx,2025-12-01,675,5,0.01
9115dx,2025-12-02,676,6,0.02
9115dx,2025-12-03,677,7,0.01
9115dx,2025-12-04,678,8,0.01
9115dx,2025-12-05,679,9,0.0
9115dx,2025-12-06,680,10,0.0
9115dx,2025-12-07,681,11,0.0
9115dx,2025-12-08,682,12,0.0
9115dx,2025-12-09,683,13,0.01
9115dx,2025-12-10,684,14,0.0
9115dx,2025-12-11,685,15,0.0
9115dx,2025-12-12,686,16,0.0
9115dx,2025-12-13,687,17,0.0
9115dx,2025-12-14,688,18,0.0
9115dx,2025-12-15,689,19,0.0
9115dx,2025-12-16,690,20,0.0
9115dx,2025-12-17,691,21,0.0
9115dx,2025-12-18,692,22,0.0
9115dx,2025-12-19,693,23,0.0
9115dx,2025-12-20,694,24,0.0
9115dx,2025-12-21,695,25,0.0
9115dx,2025-12-22,696,26,0.0
9115dx,2025-12-23,697,27,0.01
9115dx,2025-12-24,698,28,0.0
9115dx,2025-12-25,699,29,0.0
9115dx,2025-12-26,700,30,0.0
9115dx,2025-12-27,701,31,0.0
9115dx,2025-12-28,702,32,0.0
9115dx,2025-12-29,703,33,0.0
9115dx,2025-12-30,704,34,0.0
9115dx,2025-12-31,705,35,0.0
9115dx,2026-01-01,706,36,0.0
9115dx,2026-01-02,707,37,0.0
9115dx,2026-01-03,708,38,0.0
9115dx,2026-01-04,709,39,0.0
9115dx,2026-01-05,710,40,0.0
9115dx,2026-01-06,711,41,0.01
9115dx,2026-01-07,712,42,0.0
9115dx,2026-01-08,713,43,0.0
9115dx,2026-01-09,714,44,0.0
9115dx,2026-01-10,715,45,0.0
9115dx,2026-01-11,716,46,0.0
9115dx,2026-01-12,717,47,0.0
9115dx,2026-01-13,718,48,0.0
9115dx,2026-01-14,719,49,0.0
9115dx,2026-01-15,720,50,0.0
9115dx,2026-01-16,721,51,0.0
9115dx,2026-01-17,722,52,0.0
9115dx,2026-01-18,723,53,0.0
9115dx,2026-01-19,724,54,0.0
9115dx,2026-01-20,725,55,0.0
9115dx,2026-01-21,726,56,0.0
9115dx,2026-01-22,727,57,0.0
9115dx,2026-01-23,728,58,0.0
9115dx,2026-01-24,729,59,0.0
9115dx,2026-01-25,730,60,0.0
9115dx,2026-01-26,731,61,0.0
9115dx,2026-01-27,732,62,0.0
9115dx,2026-01-28,733,63,0.0
9115dx,2026-01-29,734,64,0.0
9115dx,2026-01-30,735,65,0.0
9115dx,2026-01-31,736,66,0.0
9115dx,2026-02-01,737,67,0.0
9115dx,2026-02-02,738,68,0.0
9115dx,2026-02-03,739,69,0.0
9115dx,2026-02-04,740,70,0.0
9115dx,2026-02-05,741,71,0.0
9115dx,2026-02-06,742,72,0.0
9115dx,2026-02-07,743,73,0.01
9115dx,2026-02-08,744,74,0.0
9115dx,2026-02-09,745,75,0.0
9115dx,2026-02-10,746,76,0.0
9115dx,2026-02-11,747,77,0.0
9115dx,2026-02-12,748,78,0.0
9115dx,2026-02-13,749,79,0.0
9115dx,2026-02-14,750,80,0.0
9115dx,2026-02-15,751,81,0.0
9115dx,2026-02-16,752,82,0.0
9115dx,2026-02-17,753,83,0.0
9115dx,2026-02-18,754,84,0.0
9115dx,2026-02-19,755,85,0.0
9115dx,2026-02-20,756,86,0.0
9115dx,2026-02-21,757,87,0.0
9115dx,2026-02-22,758,88,0.0
9115dx,2026-02-23,759,89,0.0
9115dx,2026-02-24,760,90,0.01
9115dx,2026-02-25,761,91,0.0
9115dx,2026-02-26,762,92,0.0
9115dx,2026-02-27,763,93,0.0
9115dx,2026-02-28,764,94,0.0
9115dx,2026-03-01,765,95,0.0
9115dx,2026-03-02,766,96,0.0
9115dx,2026-03-03,767,97,0.0
9115dx,2026-03-04,768,98,0.0
9115dx,2026-03-05,769,99,0.0
9115fz,2025-11-26,670,0,0.0
9115fz,2025-11-27,671,1,0.0
9115fz,2025-11-28,672,2,0.0
9115fz,2025-11-29,673,3,0.0
9115fz,2025-11-30,674,4,0.0
9115fz,2025-12-01,675,5,0.0
9115fz,2025-12-02,676,6,0.01
9115fz,2025-12-03,677,7,0.0
9115fz,2025-12-04,678,8,0.01
9115fz,2025-12-05,679,9,0.0
9115fz,2025-12-06,680,10,0.0
9115fz,2025-12-07,681,11,0.0
9115fz,2025-12-08,682,12,0.0
9115fz,2025-12-09,683,13,0.01
9115fz,2025-12-10,684,14,0.01
9115fz,2025-12-11,685,15,0.0
9115fz,2025-12-12,686,16,0.0
9115fz,2025-12-13,687,17,0.0
9115fz,2025-12-14,688,18,0.0
9115fz,2025-12-15,689,19,0.0
9115fz,2025-12-16,690,20,0.0
9115fz,2025-12-17,691,21,0.0
9115fz,2025-12-18,692,22,0.0
9115fz,2025-12-19,693,23,0.0
9115fz,2025-12-20,694,24,0.0
9115fz,2025-12-21,695,25,0.0
9115fz,2025-12-22,696,26,0.0
9115fz,2025-12-23,697,27,0.0
9115fz,2025-12-24,698,28,0.0
9115fz,2025-12-25,699,29,0.0
9115fz,2025-12-26,700,30,0.0
9115fz,2025-12-27,701,31,0.0
9115fz,2025-12-28,702,32,0.0
9115fz,2025-12-29,703,33,0.0
9115fz,2025-12-30,704,34,0.0
9115fz,2025-12-31,705,35,0.0
9115fz,2026-01-01,706,36,0.0
9115fz,2026-01-02,707,37,0.0
9115fz,2026-01-03,708,38,0.0
9115fz,2026-01-04,709,39,0.0
9115fz,2026-01-05,710,40,0.0
9115fz,2026-01-06,711,41,0.0
9115fz,2026-01-07,712,42,0.0
9115fz,2026-01-08,713,43,0.0
9115fz,2026-01-09,714,44,0.0
9115fz,2026-01-10,715,45,0.0
9115fz,2026-01-11,716,46,0.0
9115fz,2026-01-12,717,47,0.0
9115fz,2026-01-13,718,48,0.0
9115fz,2026-01-14,719,49,0.0
9115fz,2026-01-15,720,50,0.0
9115fz,2026-01-16,721,51,0.0
9115fz,2026-01-17,722,52,0.0
9115fz,2026-01-18,723,53,0.0
9115fz,2026-01-19,724,54,0.0
9115fz,2026-01-20,725,55,0.0
9115fz,2026-01-21,726,56,0.0
9115fz,2026-01-22,727,57,0.0
9115fz,2026-01-23,728,58,0.0
9115fz,2026-01-24,729,59,0.0
9115fz,2026-01-25,730,60,0.0
9115fz,2026-01-26,731,61,0.0
9115fz,2026-01-27,732,62,0.0
9115fz,2026-01-28,733,63,0.0
9115fz,2026-01-29,734,64,0.01
9115fz,2026-01-30,735,65,0.0
9115fz,2026-01-31,736,66,0.0
9115fz,2026-02-01,737,67,0.0
9115fz,2026-02-02,738,68,0.0
9115fz,2026-02-03,739,69,0.01
9115fz,2026-02-04,740,70,0.0
9115fz,2026-02-05,741,71,0.0
9115fz,2026-02-06,742,72,0.0
9115fz,2026-02-07,743,73,0.0
9115fz,2026-02-08,744,74,0.0
9115fz,2026-02-09,745,75,0.0
9115fz,2026-02-10,746,76,0.0
9115fz,2026-02-11,747,77,0.01
9115fz,2026-02-12,748,78,0.0
9115fz,2026-02-13,749,79,0.0
9115fz,2026-02-14,750,80,0.0
9115fz,2026-02-15,751,81,0.0
9115fz,2026-02-16,752,82,0.0
9115fz,2026-02-17,753,83,0.0
9115fz,2026-02-18,754,84,0.0
9115fz,2026-02-19,755,85,0.0
9115fz,2026-02-20,756,86,0.0
9115fz,2026-02-21,757,87,0.0
9115fz,2026-02-22,758,88,0.0
9115fz,2026-02-23,759,89,0.0
9115fz,2026-02-24,760,90,0.0
9115fz,2026-02-25,761,91,0.0
9115fz,2026-02-26,762,92,0.0
9115fz,2026-02-27,763,93,0.0
9115fz,2026-02-28,764,94,0.0
9115fz,2026-03-01,765,95,0.0
9115fz,2026-03-02,766,96,0.0
9115fz,2026-03-03,767,97,0.0
9115fz,2026-03-04,768,98,0.0
9115fz,2026-03-05,769,99,0.0
9115ub,2025-11-26,670,0,0.0
9115ub,2025-11-27,671,1,0.0
9115ub,2025-11-28,672,2,0.0
9115ub,2025-11-29,673,3,0.0
9115ub,2025-11-30,674,4,0.0
9115ub,2025-12-01,675,5,0.0
9115ub,2025-12-02,676,6,0.0
9115ub,2025-12-03,677,7,0.0
9115ub,2025-12-04,678,8,0.0
9115ub,2025-12-05,679,9,0.0
9115ub,2025-12-06,680,10,0.0
9115ub,2025-12-07,681,11,0.0
9115ub,2025-12-08,682,12,0.0
9115ub,2025-12-09,683,13,0.0
9115ub,2025-12-10,684,14,0.0
9115ub,2025-12-11,685,15,0.0
9115ub,2025-12-12,686,16,0.01
9115ub,2025-12-13,687,17,0.0
9115ub,2025-12-14,688,18,0.0
9115ub,2025-12-15,689,19,0.0
9115ub,2025-12-16,690,20,0.0
9115ub,2025-12-17,691,21,0.0
9115ub,2025-12-18,692,22,0.0
9115ub,2025-12-19,693,23,0.0
9115ub,2025-12-20,694,24,0.0
9115ub,2025-12-21,695,25,0.0
9115ub,2025-12-22,696,26,0.0
9115ub,2025-12-23,697,27,0.0
9115ub,2025-12-24,698,28,0.0
9115ub,2025-12-25,699,29,0.01
9115ub,2025-12-26,700,30,0.0
9115ub,2025-12-27,701,31,0.0
9115ub,2025-12-28,702,32,0.0
9115ub,2025-12-29,703,33,0.0
9115ub,2025-12-30,704,34,0.0
9115ub,2025-12-31,705,35,0.0
9115ub,2026-01-01,706,36,0.0
9115ub,2026-01-02,707,37,0.0
9115ub,2026-01-03,708,38,0.0
9115ub,2026-01-04,709,39,0.0
9115ub,2026-01-05,710,40,0.0
9115ub,2026-01-06,711,41,0.0
9115ub,2026-01-07,712,42,0.01
9115ub,2026-01-08,713,43,0.0
9115ub,2026-01-09,714,44,0.0
9115ub,2026-01-10,715,45,0.0
9115ub,2026-01-11,716,46,0.0
9115ub,2026-01-12,717,47,0.0
9115ub,2026-01-13,718,48,0.0
9115ub,2026-01-14,719,49,0.0
9115ub,2026-01-15,720,50,0.0
9115ub,2026-01-16,721,51,0.0
9115ub,2026-01-17,722,52,0.0
9115ub,2026-01-18,723,53,0.0
9115ub,2026-01-19,724,54,0.0
9115ub,2026-01-20,725,55,0.0
9115ub,2026-01-21,726,56,0.0
9115ub,2026-01-22,727,57,0.0
9115ub,2026-01-23,728,58,0.0
9115ub,2026-01-24,729,59,0.0
9115ub,2026-01-25,730,60,0.0
9115ub,2026-01-26,731,61,0.0
9115ub,2026-01-27,732,62,0.02
9115ub,2026-01-28,733,63,0.0
9115ub,2026-01-29,734,64,0.0
9115ub,2026-01-30,735,65,0.0
9115ub,2026-01-31,736,66,0.0
9115ub,2026-02-01,737,67,0.0
9115ub,2026-02-02,738,68,0.0
9115ub,2026-02-03,739,69,0.0
9115ub,2026-02-04,740,70,0.0
9115ub,2026-02-05,741,71,0.0
9115ub,2026-02-06,742,72,0.0
9115ub,2026-02-07,743,73,0.0
9115ub,2026-02-08,744,74,0.0
9115ub,2026-02-09,745,75,0.0
9115ub,2026-02-10,746,76,0.0
9115ub,2026-02-11,747,77,0.0
9115ub,2026-02-12,748,78,0.0
9115ub,2026-02-13,749,79,0.0
9115ub,2026-02-14,750,80,0.0
9115ub,2026-02-15,751,81,0.0
9115ub,2026-02-16,752,82,0.0
9115ub,2026-02-17,753,83,0.0
9115ub,2026-02-18,754,84,0.0
9115ub,2026-02-19,755,85,0.0
9115ub,2026-02-20,756,86,0.0
9115ub,2026-02-21,757,87,0.0
9115ub,2026-02-22,758,88,0.0
9115ub,2026-02-23,759,89,0.0
9115ub,2026-02-24,760,90,0.0
9115ub,2026-02-25,761,91,0.0
9115ub,2026-02-26,762,92,0.0
9115ub,2026-02-27,763,93,0.0
9115ub,2026-02-28,764,94,0.01
9115ub,2026-03-01,765,95,0.0
9115ub,2026-03-02,766,96,0.0
9115ub,2026-03-03,767,97,0.0
9115ub,2026-03-04,768,98,0.0
9115ub,2026-03-05,769,99,0.0
9201,2025-11-26,670,0,0.06
9201,2025-11-27,671,1,0.04
9201,2025-11-28,672,2,0.02
9201,2025-11-29,673,3,0.01
9201,2025-11-30,674,4,0.01
9201,2025-12-01,675,5,0.0
9201,2025-12-02,676,6,0.13
9201,2025-12-03,677,7,0.09
9201,2025-12-04,678,8,0.01
9201,2025-12-05,679,9,0.03
9201,2025-12-06,680,10,0.05
9201,2025-12-07,681,11,0.03
9201,2025-12-08,682,12,0.0
9201,2025-12-09,683,13,0.07
9201,2025-12-10,684,14,0.0
9201,2025-12-11,685,15,0.05
9201,2025-12-12,686,16,0.0
9201,2025-12-13,687,17,0.01
9201,2025-12-14,688,18,0.01
9201,2025-12-15,689,19,0.0
9201,2025-12-16,690,20,0.03
9201,2025-12-17,691,21,0.01
9201,2025-12-18,692,22,0.0
9201,2025-12-19,693,23,0.0
9201,2025-12-20,694,24,0.0
9201,2025-12-21,695,25,0.0
9201,2025-12-22,696,26,0.0
9201,2025-12-23,697,27,0.0
9201,2025-12-24,698,28,0.0
9201,2025-12-25,699,29,0.0
9201,2025-12-26,700,30,0.0
9201,2025-12-27,701,31,0.0
9201,2025-12-28,702,32,0.0
9201,2025-12-29,703,33,0.0
9201,2025-12-30,704,34,0.0
9201,2025-12-31,705,35,0.0
9201,2026-01-01,706,36,0.0
9201,2026-01-02,707,37,0.0
9201,2026-01-03,708,38,0.0
9201,2026-01-04,709,39,0.0
9201,2026-01-05,710,40,0.0
9201,2026-01-06,711,41,0.0
9201,2026-01-07,712,42,0.0
9201,2026-01-08,713,43,0.01
9201,2026-01-09,714,44,0.0
9201,2026-01-10,715,45,0.0
9201,2026-01-11,716,46,0.0
9201,2026-01-12,717,47,0.0
9201,2026-01-13,718,48,0.01
9201,2026-01-14,719,49,0.0
9201,2026-01-15,720,50,0.02
9201,2026-01-16,721,51,0.0
9201,2026-01-17,722,52,0.0
9201,2026-01-18,723,53,0.02
9201,2026-01-19,724,54,0.0
9201,2026-01-20,725,55,0.02
9201,2026-01-21,726,56,0.0
9201,2026-01-22,727,57,0.01
9201,2026-01-23,728,58,0.02
9201,2026-01-24,729,59,0.01
9201,2026-01-25,730,60,0.01
9201,2026-01-26,731,61,0.0
9201,2026-01-27,732,62,0.04
9201,2026-01-28,733,63,0.0
9201,2026-01-29,734,64,0.01
9201,2026-01-30,735,65,0.03
9201,2026-01-31,736,66,0.03
9201,2026-02-01,737,67,0.01
9201,2026-02-02,738,68,0.0
9201,2026-02-03,739,69,0.0
9201,2026-02-04,740,70,0.0
9201,2026-02-05,741,71,0.02
9201,2026-02-06,742,72,0.0
9201,2026-02-07,743,73,0.02
9201,2026-02-08,744,74,0.0
9201,2026-02-09,745,75,0.0
9201,2026-02-10,746,76,0.01
9201,2026-02-11,747,77,0.01
9201,2026-02-12,748,78,0.04
9201,2026-02-13,749,79,0.01
9201,2026-02-14,750,80,0.08
9201,2026-02-15,751,81,0.0
9201,2026-02-16,752,82,0.01
9201,2026-02-17,753,83,0.03
9201,2026-02-18,754,84,0.01
9201,2026-02-19,755,85,0.04
9201,2026-02-20,756,86,0.04
9201,2026-02-21,757,87,0.03
9201,2026-02-22,758,88,0.0
9201,2026-02-23,759,89,0.0
9201,2026-02-24,760,90,0.1
9201,2026-02-25,761,91,0.01
9201,2026-02-26,762,92,0.01
9201,2026-02-27,763,93,0.03
9201,2026-02-28,764,94,0.05
9201,2026-03-01,765,95,0.0
9201,2026-03-02,766,96,0.0
9201,2026-03-03,767,97,0.24
9201,2026-03-04,768,98,0.06
9201,2026-03-05,769,99,0.12
92012,2025-11-26,670,0,0.0
92012,2025-11-27,671,1,0.01
92012,2025-11-28,672,2,0.03
92012,2025-11-29,673,3,0.06
92012,2025-11-30,674,4,0.01
92012,2025-12-01,675,5,0.02
92012,2025-12-02,676,6,0.67
92012,2025-12-03,677,7,0.51
92012,2025-12-04,678,8,0.25
92012,2025-12-05,679,9,0.05
92012,2025-12-06,680,10,0.02
92012,2025-12-07,681,11,0.0
92012,2025-12-08,682,12,0.0
92012,2025-12-09,683,13,0.03
92012,2025-12-10,684,14,0.0
92012,2025-12-11,685,15,0.0
92012,2025-12-12,686,16,0.0
92012,2025-12-13,687,17,0.0
92012,2025-12-14,688,18,0.0
92012,2025-12-15,689,19,0.0
92012,2025-12-16,690,20,0.02
92012,2025-12-17,691,21,0.0
92012,2025-12-18,692,22,0.0
92012,2025-12-19,693,23,0.0
92012,2025-12-20,694,24,0.0
92012,2025-12-21,695,25,0.0
92012,2025-12-22,696,26,0.0
92012,2025-12-23,697,27,0.0
92012,2025-12-24,698,28,0.0
92012,2025-12-25,699,29,0.0
92012,2025-12-26,700,30,0.0
92012,2025-12-27,701,31,0.0
92012,2025-12-28,702,32,0.0
92012,2025-12-29,703,33,0.0
92012,2025-12-30,704,34,0.0
92012,2025-12-31,705,35,0.0
92012,2026-01-01,706,36,0.0
92012,2026-01-02,707,37,0.0
92012,2026-01-03,708,38,0.0
92012,2026-01-04,709,39,0.0
92012,2026-01-05,710,40,0.0
92012,2026-01-06,711,41,0.01
92012,2026-01-07,712,42,0.0
92012,2026-01-08,713,43,0.0
92012,2026-01-09,714,44,0.0
92012,2026-01-10,715,45,0.0
92012,2026-01-11,716,46,0.0
92012,2026-01-12,717,47,0.0
92012,2026-01-13,718,48,0.0
92012,2026-01-14,719,49,0.0
92012,2026-01-15,720,50,0.01
92012,2026-01-16,721,51,0.0
92012,2026-01-17,722,52,0.0
92012,2026-01-18,723,53,0.0
92012,2026-01-19,724,54,0.0
92012,2026-01-20,725,55,0.0
92012,2026-01-21,726,56,0.0
92012,2026-01-22,727,57,0.0
92012,2026-01-23,728,58,0.0
92012,2026-01-24,729,59,0.0
92012,2026-01-25,730,60,0.0
92012,2026-01-26,731,61,0.0
92012,2026-01-27,732,62,0.0
92012,2026-01-28,733,63,0.0
92012,2026-01-29,734,64,0.0
92012,2026-01-30,735,65,0.0
92012,2026-01-31,736,66,0.0
92012,2026-02-01,737,67,0.0
92012,2026-02-02,738,68,0.0
92012,2026-02-03,739,69,0.0
92012,2026-02-04,740,70,0.01
92012,2026-02-05,741,71,0.0
92012,2026-02-06,742,72,0.0
92012,2026-02-07,743,73,0.0
92012,2026-02-08,744,74,0.0
92012,2026-02-09,745,75,0.0
92012,2026-02-10,746,76,0.0
92012,2026-02-11,747,77,0.0
92012,2026-02-12,748,78,0.01
92012,2026-02-13,749,79,0.0
92012,2026-02-14,750,80,0.0
92012,2026-02-15,751,81,0.0
92012,2026-02-16,752,82,0.0
92012,2026-02-17,753,83,0.0
92012,2026-02-18,754,84,0.0
92012,2026-02-19,755,85,0.0
92012,2026-02-20,756,86,0.0
92012,2026-02-21,757,87,0.0
92012,2026-02-22,758,88,0.0
92012,2026-02-23,759,89,0.0
92012,2026-02-24,760,90,0.07
92012,2026-02-25,761,91,0.04
92012,2026-02-26,762,92,0.01
92012,2026-02-27,763,93,0.01
92012,2026-02-28,764,94,0.03
92012,2026-03-01,765,95,0.01
92012,2026-03-02,766,96,0.01
92012,2026-03-03,767,97,0.36
92012,2026-03-04,768,98,0.39
92012,2026-03-05,769,99,0.3
92014,2025-11-26,670,0,0.01
92014,2025-11-27,671,1,0.0
92014,2025-11-28,672,2,0.01
92014,2025-11-29,673,3,0.0
92014,2025-11-30,674,4,0.0
92014,2025-12-01,675,5,0.0
92014,2025-12-02,676,6,0.22
92014,2025-12-03,677,7,0.02
92014,2025-12-04,678,8,0.08
92014,2025-12-05,679,9,0.02
92014,2025-12-06,680,10,0.04
92014,2025-12-07,681,11,0.0
92014,2025-12-08,682,12,0.01
92014,2025-12-09,683,13,0.0
92014,2025-12-10,684,14,0.0
92014,2025-12-11,685,15,0.0
92014,2025-12-12,686,16,0.0
92014,2025-12-13,687,17,0.0
92014,2025-12-14,688,18,0.0
92014,2025-12-15,689,19,0.0
92014,2025-12-16,690,20,0.0
92014,2025-12-17,691,21,0.0
92014,2025-12-18,692,22,0.0
92014,2025-12-19,693,23,0.0
92014,2025-12-20,694,24,0.0
92014,2025-12-21,695,25,0.0
92014,2025-12-22,696,26,0.0
92014,2025-12-23,697,27,0.0
92014,2025-12-24,698,28,0.0
92014,2025-12-25,699,29,0.0
92014,2025-12-26,700,30,0.0
92014,2025-12-27,701,31,0.0
92014,2025-12-28,702,32,0.0
92014,2025-12-29,703,33,0.0
92014,2025-12-30,704,34,0.0
92014,2025-12-31,705,35,0.0
92014,2026-01-01,706,36,0.0
92014,2026-01-02,707,37,0.0
92014,2026-01-03,708,38,0.0
92014,2026-01-04,709,39,0.0
92014,2026-01-05,710,40,0.0
92014,2026-01-06,711,41,0.0
92014,2026-01-07,712,42,0.0
92014,2026-01-08,713,43,0.0
92014,2026-01-09,714,44,0.0
92014,2026-01-10,715,45,0.0
92014,2026-01-11,716,46,0.0
92014,2026-01-12,717,47,0.0
92014,2026-01-13,718,48,0.0
92014,2026-01-14,719,49,0.0
92014,2026-01-15,720,50,0.0
92014,2026-01-16,721,51,0.0
92014,2026-01-17,722,52,0.0
92014,2026-01-18,723,53,0.0
92014,2026-01-19,724,54,0.0
92014,2026-01-20,725,55,0.03
92014,2026-01-21,726,56,0.0
92014,2026-01-22,727,57,0.0
92014,2026-01-23,728,58,0.0
92014,2026-01-24,729,59,0.0
92014,2026-01-25,730,60,0.0
92014,2026-01-26,731,61,0.0
92014,2026-01-27,732,62,0.01
92014,2026-01-28,733,63,0.0
92014,2026-01-29,734,64,0.01
92014,2026-01-30,735,65,0.0
92014,2026-01-31,736,66,0.0
92014,2026-02-01,737,67,0.0
92014,2026-02-02,738,68,0.0
92014,2026-02-03,739,69,0.0
92014,2026-02-04,740,70,0.0
92014,2026-02-05,741,71,0.0
92014,2026-02-06,742,72,0.0
92014,2026-02-07,743,73,0.0
92014,2026-02-08,744,74,0.0
92014,2026-02-09,745,75,0.01
92014,2026-02-10,746,76,0.0
92014,2026-02-11,747,77,0.0
92014,2026-02-12,748,78,0.0
92014,2026-02-13,749,79,0.0
92014,2026-02-14,750,80,0.0
92014,2026-02-15,751,81,0.0
92014,2026-02-16,752,82,0.0
92014,2026-02-17,753,83,0.0
92014,2026-02-18,754,84,0.0
92014,2026-02-19,755,85,0.0
92014,2026-02-20,756,86,0.0
92014,2026-02-21,757,87,0.01
92014,2026-02-22,758,88,0.0
92014,2026-02-23,759,89,0.0
92014,2026-02-24,760,90,0.06
92014,2026-02-25,761,91,0.02
92014,2026-02-26,762,92,0.02
92014,2026-02-27,763,93,0.04
92014,2026-02-28,764,94,0.02
92014,2026-03-01,765,95,0.01
92014,2026-03-02,766,96,0.0
92014,2026-03-03,767,97,0.09
92014,2026-03-04,768,98,0.07
92014,2026-03-05,769,99,0.08
92016,2025-11-26,670,0,0.01
92016,2025-11-27,671,1,0.01
92016,2025-11-28,672,2,0.0
92016,2025-11-29,673,3,0.07
92016,2025-11-30,674,4,0.0
92016,2025-12-01,675,5,0.01
92016,2025-12-02,676,6,0.1
92016,2025-12-03,677,7,0.05
92016,2025-12-04,678,8,0.04
92016,2025-12-05,679,9,0.0
92016,2025-12-06,680,10,0.0
92016,2025-12-07,681,11,0.0
92016,2025-12-08,682,12,0.0
92016,2025-12-09,683,13,0.07
92016,2025-12-10,684,14,0.01
92016,2025-12-11,685,15,0.0
92016,2025-12-12,686,16,0.0
92016,2025-12-13,687,17,0.0
92016,2025-12-14,688,18,0.0
92016,2025-12-15,689,19,0.0
92016,2025-12-16,690,20,0.0
92016,2025-12-17,691,21,0.0
92016,2025-12-18,692,22,0.0
92016,2025-12-19,693,23,0.0
92016,2025-12-20,694,24,0.0
92016,2025-12-21,695,25,0.0
92016,2025-12-22,696,26,0.0
92016,2025-12-23,697,27,0.0
92016,2025-12-24,698,28,0.0
92016,2025-12-25,699,29,0.0
92016,2025-12-26,700,30,0.0
92016,2025-12-27,701,31,0.0
92016,2025-12-28,702,32,0.0
92016,2025-12-29,703,33,0.0
92016,2025-12-30,704,34,0.0
92016,2025-12-31,705,35,0.0
92016,2026-01-01,706,36,0.0
92016,2026-01-02,707,37,0.0
92016,2026-01-03,708,38,0.0
92016,2026-01-04,709,39,0.0
92016,2026-01-05,710,40,0.0
92016,2026-01-06,711,41,0.01
92016,2026-01-07,712,42,0.0
92016,2026-01-08,713,43,0.0
92016,2026-01-09,714,44,0.0
92016,2026-01-10,715,45,0.0
92016,2026-01-11,716,46,0.0
92016,2026-01-12,717,47,0.0
92016,2026-01-13,718,48,0.02
92016,2026-01-14,719,49,0.01
92016,2026-01-15,720,50,0.0
92016,2026-01-16,721,51,0.0
92016,2026-01-17,722,52,0.0
92016,2026-01-18,723,53,0.0
92016,2026-01-19,724,54,0.0
92016,2026-01-20,725,55,0.16
92016,2026-01-21,726,56,0.08
92016,2026-01-22,727,57,0.03
92016,2026-01-23,728,58,0.02
92016,2026-01-24,729,59,0.0
92016,2026-01-25,730,60,0.0
92016,2026-01-26,731,61,0.0
92016,2026-01-27,732,62,0.11
92016,2026-01-28,733,63,0.01
92016,2026-01-29,734,64,0.05
92016,2026-01-30,735,65,0.0
92016,2026-01-31,736,66,0.01
92016,2026-02-01,737,67,0.01
92016,2026-02-02,738,68,0.01
92016,2026-02-03,739,69,0.0
92016,2026-02-04,740,70,0.0
92016,2026-02-05,741,71,0.01
92016,2026-02-06,742,72,0.0
92016,2026-02-07,743,73,0.01
92016,2026-02-08,744,74,0.01
92016,2026-02-09,745,75,0.0
92016,2026-02-10,746,76,0.04
92016,2026-02-11,747,77,0.0
92016,2026-02-12,748,78,0.01
92016,2026-02-13,749,79,0.02
92016,2026-02-14,750,80,0.0
92016,2026-02-15,751,81,0.0
92016,2026-02-16,752,82,0.0
92016,2026-02-17,753,83,0.05
92016,2026-02-18,754,84,0.04
92016,2026-02-19,755,85,0.04
92016,2026-02-20,756,86,0.03
92016,2026-02-21,757,87,0.01
92016,2026-02-22,758,88,0.02
92016,2026-02-23,759,89,0.01
92016,2026-02-24,760,90,0.19
92016,2026-02-25,761,91,0.04
92016,2026-02-26,762,92,0.07
92016,2026-02-27,763,93,0.13
92016,2026-02-28,764,94,0.06
92016,2026-03-01,765,95,0.01
92016,2026-03-02,766,96,0.0
92016,2026-03-03,767,97,0.13
92016,2026-03-04,768,98,0.02
92016,2026-03-05,769,99,0.09
92018,2025-11-26,670,0,0.04
92018,2025-11-27,671,1,0.05
92018,2025-11-28,672,2,0.06
92018,2025-11-29,673,3,0.07
92018,2025-11-30,674,4,0.01
92018,2025-12-01,675,5,0.03
92018,2025-12-02,676,6,0.66
92018,2025-12-03,677,7,0.8
92018,2025-12-04,678,8,0.31
92018,2025-12-05,679,9,0.06
92018,2025-12-06,680,10,0.01
92018,2025-12-07,681,11,0.01
92018,2025-12-08,682,12,0.0
92018,2025-12-09,683,13,0.01
92018,2025-12-10,684,14,0.02
92018,2025-12-11,685,15,0.0
92018,2025-12-12,686,16,0.0
92018,2025-12-13,687,17,0.0
92018,2025-12-14,688,18,0.0
92018,2025-12-15,689,19,0.0
92018,2025-12-16,690,20,0.0
92018,2025-12-17,691,21,0.01
92018,2025-12-18,692,22,0.0
92018,2025-12-19,693,23,0.0
92018,2025-12-20,694,24,0.0
92018,2025-12-21,695,25,0.0
92018,2025-12-22,696,26,0.0
92018,2025-12-23,697,27,0.0
92018,2025-12-24,698,28,0.01
92018,2025-12-25,699,29,0.01
92018,2025-12-26,700,30,0.0
92018,2025-12-27,701,31,0.0
92018,2025-12-28,702,32,0.0
92018,2025-12-29,703,33,0.0
92018,2025-12-30,704,34,0.01
92018,2025-12-31,705,35,0.01
92018,2026-01-01,706,36,0.0
92018,2026-01-02,707,37,0.0
92018,2026-01-03,708,38,0.0
92018,2026-01-04,709,39,0.0
92018,2026-01-05,710,40,0.0
92018,2026-01-06,711,41,0.1
92018,2026-01-07,712,42,0.03
92018,2026-01-08,713,43,0.09
92018,2026-01-09,714,44,0.0
92018,2026-01-10,715,45,0.0
92018,2026-01-11,716,46,0.0
92018,2026-01-12,717,47,0.03
92018,2026-01-13,718,48,0.05
92018,2026-01-14,719,49,0.02
92018,2026-01-15,720,50,0.01
92018,2026-01-16,721,51,0.04
92018,2026-01-17,722,52,0.0
92018,2026-01-18,723,53,0.02
92018,2026-01-19,724,54,0.03
92018,2026-01-20,725,55,0.08
92018,2026-01-21,726,56,0.05
92018,2026-01-22,727,57,0.06
92018,2026-01-23,728,58,0.0
92018,2026-01-24,729,59,0.02
92018,2026-01-25,730,60,0.0
92018,2026-01-26,731,61,0.01
92018,2026-01-27,732,62,0.17
92018,2026-01-28,733,63,0.03
92018,2026-01-29,734,64,0.04
92018,2026-01-30,735,65,0.03
92018,2026-01-31,736,66,0.03
92018,2026-02-01,737,67,0.02
92018,2026-02-02,738,68,0.0
92018,2026-02-03,739,69,0.05
92018,2026-02-04,740,70,0.0
92018,2026-02-05,741,71,0.0
92018,2026-02-06,742,72,0.0
92018,2026-02-07,743,73,0.0
92018,2026-02-08,744,74,0.0
92018,2026-02-09,745,75,0.0
92018,2026-02-10,746,76,0.01
92018,2026-02-11,747,77,0.0
92018,2026-02-12,748,78,0.0
92018,2026-02-13,749,79,0.0
92018,2026-02-14,750,80,0.0
92018,2026-02-15,751,81,0.0
92018,2026-02-16,752,82,0.0
92018,2026-02-17,753,83,0.0
92018,2026-02-18,754,84,0.0
92018,2026-02-19,755,85,0.0
92018,2026-02-20,756,86,0.0
92018,2026-02-21,757,87,0.0
92018,2026-02-22,758,88,0.0
92018,2026-02-23,759,89,0.0
92018,2026-02-24,760,90,0.04
92018,2026-02-25,761,91,0.01
92018,2026-02-26,762,92,0.02
92018,2026-02-27,763,93,0.01
92018,2026-02-28,764,94,0.01
92018,2026-03-01,765,95,0.01
92018,2026-03-02,766,96,0.0
92018,2026-03-03,767,97,0.09
92018,2026-03-04,768,98,0.06
92018,2026-03-05,769,99,0.11
9202,2025-11-26,670,0,0.05
9202,2025-11-27,671,1,0.12
9202,2025-11-28,672,2,0.22
9202,2025-11-29,673,3,0.4
9202,2025-11-30,674,4,0.13
9202,2025-12-01,675,5,0.02
9202,2025-12-02,676,6,1.87
9202,2025-12-03,677,7,1.08
9202,2025-12-04,678,8,1.1
9202,2025-12-05,679,9,0.97
9202,2025-12-06,680,10,0.74
9202,2025-12-07,681,11,0.01
9202,2025-12-08,682,12,0.0
9202,2025-12-09,683,13,0.58
9202,2025-12-10,684,14,0.04
9202,2025-12-11,685,15,0.07
9202,2025-12-12,686,16,0.03
9202,2025-12-13,687,17,0.02
9202,2025-12-14,688,18,0.0
9202,2025-12-15,689,19,0.0
9202,2025-12-16,690,20,0.42
9202,2025-12-17,691,21,0.05
9202,2025-12-18,692,22,0.03
9202,2025-12-19,693,23,0.03
9202,2025-12-20,694,24,0.03
9202,2025-12-21,695,25,0.0
9202,2025-12-22,696,26,0.0
9202,2025-12-23,697,27,0.36
9202,2025-12-24,698,28,0.04
9202,2025-12-25,699,29,0.09
9202,2025-12-26,700,30,0.03
9202,2025-12-27,701,31,0.01
9202,2025-12-28,702,32,0.0
9202,2025-12-29,703,33,0.0
9202,2025-12-30,704,34,0.55
9202,2025-12-31,705,35,0.06
9202,2026-01-01,706,36,0.02
9202,2026-01-02,707,37,0.07
9202,2026-01-03,708,38,0.0
9202,2026-01-04,709,39,0.0
9202,2026-01-05,710,40,0.0
9202,2026-01-06,711,41,0.64
9202,2026-01-07,712,42,0.18
9202,2026-01-08,713,43,0.17
9202,2026-01-09,714,44,0.36
9202,2026-01-10,715,45,0.29
9202,2026-01-11,716,46,0.0
9202,2026-01-12,717,47,0.0
9202,2026-01-13,718,48,1.11
9202,2026-01-14,719,49,0.48
9202,2026-01-15,720,50,0.44
9202,2026-01-16,721,51,0.56
9202,2026-01-17,722,52,0.36
9202,2026-01-18,723,53,0.01
9202,2026-01-19,724,54,0.0
9202,2026-01-20,725,55,0.98
9202,2026-01-21,726,56,0.46
9202,2026-01-22,727,57,0.36
9202,2026-01-23,728,58,0.34
9202,2026-01-24,729,59,0.45
9202,2026-01-25,730,60,0.0
9202,2026-01-26,731,61,0.02
9202,2026-01-27,732,62,1.72
9202,2026-01-28,733,63,0.57
9202,2026-01-29,734,64,0.51
9202,2026-01-30,735,65,0.5
9202,2026-01-31,736,66,0.61
9202,2026-02-01,737,67,0.14
9202,2026-02-02,738,68,0.0
9202,2026-02-03,739,69,1.51
9202,2026-02-04,740,70,0.57
9202,2026-02-05,741,71,0.65
9202,2026-02-06,742,72,0.9
9202,2026-02-07,743,73,0.34
9202,2026-02-08,744,74,0.03
9202,2026-02-09,745,75,0.02
9202,2026-02-10,746,76,2.42
9202,2026-02-11,747,77,0.93
9202,2026-02-12,748,78,0.88
9202,2026-02-13,749,79,0.81
9202,2026-02-14,750,80,0.63
9202,2026-02-15,751,81,0.09
9202,2026-02-16,752,82,0.03
9202,2026-02-17,753,83,2.6
9202,2026-02-18,754,84,1.0
9202,2026-02-19,755,85,0.86
9202,2026-02-20,756,86,0.89
9202,2026-02-21,757,87,0.99
9202,2026-02-22,758,88,0.06
9202,2026-02-23,759,89,0.02
9202,2026-02-24,760,90,2.91
9202,2026-02-25,761,91,1.32
9202,2026-02-26,762,92,0.94
9202,2026-02-27,763,93,0.95
9202,2026-02-28,764,94,0.58
9202,2026-03-01,765,95,0.09
9202,2026-03-02,766,96,0.02
9202,2026-03-03,767,97,2.8
9202,2026-03-04,768,98,1.15
9202,2026-03-05,769,99,1.16
92022,2025-11-26,670,0,0.0
92022,2025-11-27,671,1,0.08
92022,2025-11-28,672,2,0.17
92022,2025-11-29,673,3,0.21
92022,2025-11-30,674,4,0.02
92022,2025-12-01,675,5,0.01
92022,2025-12-02,676,6,1.7
92022,2025-12-03,677,7,0.62
92022,2025-12-04,678,8,0.41
92022,2025-12-05,679,9,0.17
92022,2025-12-06,680,10,0.06
92022,2025-12-07,681,11,0.0
92022,2025-12-08,682,12,0.0
92022,2025-12-09,683,13,0.02
92022,2025-12-10,684,14,0.0
92022,2025-12-11,685,15,0.02
92022,2025-12-12,686,16,0.0
92022,2025-12-13,687,17,0.0
92022,2025-12-14,688,18,0.0
92022,2025-12-15,689,19,0.0
92022,2025-12-16,690,20,0.01
92022,2025-12-17,691,21,0.0
92022,2025-12-18,692,22,0.0
92022,2025-12-19,693,23,0.0
92022,2025-12-20,694,24,0.0
92022,2025-12-21,695,25,0.0
92022,2025-12-22,696,26,0.0
92022,2025-12-23,697,27,0.03
92022,2025-12-24,698,28,0.0
92022,2025-12-25,699,29,0.0
92022,2025-12-26,700,30,0.0
92022,2025-12-27,701,31,0.03
92022,2025-12-28,702,32,0.0
92022,2025-12-29,703,33,0.0
92022,2025-12-30,704,34,0.08
92022,2025-12-31,705,35,0.03
92022,2026-01-01,706,36,0.02
92022,2026-01-02,707,37,0.0
92022,2026-01-03,708,38,0.0
92022,2026-01-04,709,39,0.0
92022,2026-01-05,710,40,0.0
92022,2026-01-06,711,41,0.13
92022,2026-01-07,712,42,0.13
92022,2026-01-08,713,43,0.03
92022,2026-01-09,714,44,0.09
92022,2026-01-10,715,45,0.07
92022,2026-01-11,716,46,0.0
92022,2026-01-12,717,47,0.01
92022,2026-01-13,718,48,0.78
92022,2026-01-14,719,49,0.42
92022,2026-01-15,720,50,0.11
92022,2026-01-16,721,51,0.12
92022,2026-01-17,722,52,0.06
92022,2026-01-18,723,53,0.0
92022,2026-01-19,724,54,0.0
92022,2026-01-20,725,55,0.65
92022,2026-01-21,726,56,0.15
92022,2026-01-22,727,57,0.08
92022,2026-01-23,728,58,0.02
92022,2026-01-24,729,59,0.0
92022,2026-01-25,730,60,0.0
92022,2026-01-26,731,61,0.01
92022,2026-01-27,732,62,0.14
92022,2026-01-28,733,63,0.01
92022,2026-01-29,734,64,0.0
92022,2026-01-30,735,65,0.0
92022,2026-01-31,736,66,0.01
92022,2026-02-01,737,67,0.0
92022,2026-02-02,738,68,0.0
92022,2026-02-03,739,69,0.0
92022,2026-02-04,740,70,0.0
92022,2026-02-05,741,71,0.0
92022,2026-02-06,742,72,0.01
92022,2026-02-07,743,73,0.0
92022,2026-02-08,744,74,0.0
92022,2026-02-09,745,75,0.0
92022,2026-02-10,746,76,0.0
92022,2026-02-11,747,77,0.0
92022,2026-02-12,748,78,0.0
92022,2026-02-13,749,79,0.0
92022,2026-02-14,750,80,0.0
92022,2026-02-15,751,81,0.0
92022,2026-02-16,752,82,0.0
92022,2026-02-17,753,83,0.07
92022,2026-02-18,754,84,0.01
92022,2026-02-19,755,85,0.03
92022,2026-02-20,756,86,0.05
92022,2026-02-21,757,87,0.03
92022,2026-02-22,758,88,0.0
92022,2026-02-23,759,89,0.0
92022,2026-02-24,760,90,0.95
92022,2026-02-25,761,91,0.6
92022,2026-02-26,762,92,0.24
92022,2026-02-27,763,93,0.14
92022,2026-02-28,764,94,0.05
92022,2026-03-01,765,95,0.03
92022,2026-03-02,766,96,0.0
92022,2026-03-03,767,97,0.17
92022,2026-03-04,768,98,0.02
92022,2026-03-05,769,99,0.01
92024,2025-11-26,670,0,0.01
92024,2025-11-27,671,1,0.02
92024,2025-11-28,672,2,0.01
92024,2025-11-29,673,3,0.01
92024,2025-11-30,674,4,0.0
92024,2025-12-01,675,5,0.0
92024,2025-12-02,676,6,0.19
92024,2025-12-03,677,7,0.1
92024,2025-12-04,678,8,0.07
92024,2025-12-05,679,9,0.0
92024,2025-12-06,680,10,0.02
92024,2025-12-07,681,11,0.01
92024,2025-12-08,682,12,0.0
92024,2025-12-09,683,13,0.08
92024,2025-12-10,684,14,0.01
92024,2025-12-11,685,15,0.0
92024,2025-12-12,686,16,0.01
92024,2025-12-13,687,17,0.0
92024,2025-12-14,688,18,0.0
92024,2025-12-15,689,19,0.0
92024,2025-12-16,690,20,0.04
92024,2025-12-17,691,21,0.0
92024,2025-12-18,692,22,0.0
92024,2025-12-19,693,23,0.0
92024,2025-12-20,694,24,0.0
92024,2025-12-21,695,25,0.0
92024,2025-12-22,696,26,0.0
92024,2025-12-23,697,27,0.06
92024,2025-12-24,698,28,0.01
92024,2025-12-25,699,29,0.0
92024,2025-12-26,700,30,0.0
92024,2025-12-27,701,31,0.0
92024,2025-12-28,702,32,0.0
92024,2025-12-29,703,33,0.0
92024,2025-12-30,704,34,0.11
92024,2025-12-31,705,35,0.03
92024,2026-01-01,706,36,0.05
92024,2026-01-02,707,37,0.03
92024,2026-01-03,708,38,0.0
92024,2026-01-04,709,39,0.0
92024,2026-01-05,710,40,0.0
92024,2026-01-06,711,41,0.17
92024,2026-01-07,712,42,0.0
92024,2026-01-08,713,43,0.04
92024,2026-01-09,714,44,0.02
92024,2026-01-10,715,45,0.0
92024,2026-01-11,716,46,0.01
92024,2026-01-12,717,47,0.0
92024,2026-01-13,718,48,0.29
92024,2026-01-14,719,49,0.08
92024,2026-01-15,720,50,0.01
92024,2026-01-16,721,51,0.03
92024,2026-01-17,722,52,0.01
92024,2026-01-18,723,53,0.0
92024,2026-01-19,724,54,0.0
92024,2026-01-20,725,55,0.25
92024,2026-01-21,726,56,0.02
92024,2026-01-22,727,57,0.02
92024,2026-01-23,728,58,0.01
92024,2026-01-24,729,59,0.02
92024,2026-01-25,730,60,0.0
92024,2026-01-26,731,61,0.0
92024,2026-01-27,732,62,0.28
92024,2026-01-28,733,63,0.06
92024,2026-01-29,734,64,0.05
92024,2026-01-30,735,65,0.04
92024,2026-01-31,736,66,0.0
92024,2026-02-01,737,67,0.0
92024,2026-02-02,738,68,0.0
92024,2026-02-03,739,69,0.06
92024,2026-02-04,740,70,0.01
92024,2026-02-05,741,71,0.02
92024,2026-02-06,742,72,0.02
92024,2026-02-07,743,73,0.01
92024,2026-02-08,744,74,0.01
92024,2026-02-09,745,75,0.0
92024,2026-02-10,746,76,0.11
92024,2026-02-11,747,77,0.06
92024,2026-02-12,748,78,0.03
92024,2026-02-13,749,79,0.02
92024,2026-02-14,750,80,0.03
92024,2026-02-15,751,81,0.0
92024,2026-02-16,752,82,0.01
92024,2026-02-17,753,83,0.07
92024,2026-02-18,754,84,0.03
92024,2026-02-19,755,85,0.02
92024,2026-02-20,756,86,0.02
92024,2026-02-21,757,87,0.01
92024,2026-02-22,758,88,0.01
92024,2026-02-23,759,89,0.0
92024,2026-02-24,760,90,0.13
92024,2026-02-25,761,91,0.02
92024,2026-02-26,762,92,0.06
92024,2026-02-27,763,93,0.0
92024,2026-02-28,764,94,0.0
92024,2026-03-01,765,95,0.0
92024,2026-03-02,766,96,0.0
92024,2026-03-03,767,97,0.18
92024,2026-03-04,768,98,0.02
92024,2026-03-05,769,99,0.08
92026,2025-11-26,670,0,0.18
92026,2025-11-27,671,1,0.11
92026,2025-11-28,672,2,0.19
92026,2025-11-29,673,3,0.28
92026,2025-11-30,674,4,0.01
92026,2025-12-01,675,5,0.0
92026,2025-12-02,676,6,0.3
92026,2025-12-03,677,7,0.11
92026,2025-12-04,678,8,0.1
92026,2025-12-05,679,9,0.02
92026,2025-12-06,680,10,0.01
92026,2025-12-07,681,11,0.0
92026,2025-12-08,682,12,0.0
92026,2025-12-09,683,13,0.05
92026,2025-12-10,684,14,0.0
92026,2025-12-11,685,15,0.01
92026,2025-12-12,686,16,0.02
92026,2025-12-13,687,17,0.0
92026,2025-12-14,688,18,0.01
92026,2025-12-15,689,19,0.0
92026,2025-12-16,690,20,0.0
92026,2025-12-17,691,21,0.0
92026,2025-12-18,692,22,0.0
92026,2025-12-19,693,23,0.01
92026,2025-12-20,694,24,0.0
92026,2025-12-21,695,25,0.01
92026,2025-12-22,696,26,0.0
92026,2025-12-23,697,27,0.1
92026,2025-12-24,698,28,0.02
92026,2025-12-25,699,29,0.02
92026,2025-12-26,700,30,0.01
92026,2025-12-27,701,31,0.0
92026,2025-12-28,702,32,0.01
92026,2025-12-29,703,33,0.0
92026,2025-12-30,704,34,0.09
92026,2025-12-31,705,35,0.0
92026,2026-01-01,706,36,0.02
92026,2026-01-02,707,37,0.0
92026,2026-01-03,708,38,0.0
92026,2026-01-04,709,39,0.0
92026,2026-01-05,710,40,0.0
92026,2026-01-06,711,41,0.14
92026,2026-01-07,712,42,0.02
92026,2026-01-08,713,43,0.0
92026,2026-01-09,714,44,0.01
92026,2026-01-10,715,45,0.01
92026,2026-01-11,716,46,0.0
92026,2026-01-12,717,47,0.01
92026,2026-01-13,718,48,0.13
92026,2026-01-14,719,49,0.0
92026,2026-01-15,720,50,0.0
92026,2026-01-16,721,51,0.0
92026,2026-01-17,722,52,0.01
92026,2026-01-18,723,53,0.0
92026,2026-01-19,724,54,0.0
92026,2026-01-20,725,55,0.04
92026,2026-01-21,726,56,0.0
92026,2026-01-22,727,57,0.0
92026,2026-01-23,728,58,0.0
92026,2026-01-24,729,59,0.0
92026,2026-01-25,730,60,0.0
92026,2026-01-26,731,61,0.0
92026,2026-01-27,732,62,0.13
92026,2026-01-28,733,63,0.0
92026,2026-01-29,734,64,0.01
92026,2026-01-30,735,65,0.0
92026,2026-01-31,736,66,0.0
92026,2026-02-01,737,67,0.0
92026,2026-02-02,738,68,0.0
92026,2026-02-03,739,69,0.01
92026,2026-02-04,740,70,0.01
92026,2026-02-05,741,71,0.07
92026,2026-02-06,742,72,0.07
92026,2026-02-07,743,73,0.01
92026,2026-02-08,744,74,0.01
92026,2026-02-09,745,75,0.0
92026,2026-02-10,746,76,0.34
92026,2026-02-11,747,77,0.06
92026,2026-02-12,748,78,0.07
92026,2026-02-13,749,79,0.08
92026,2026-02-14,750,80,0.24
92026,2026-02-15,751,81,0.03
92026,2026-02-16,752,82,0.0
92026,2026-02-17,753,83,0.4
92026,2026-02-18,754,84,0.04
92026,2026-02-19,755,85,0.13
92026,2026-02-20,756,86,0.36
92026,2026-02-21,757,87,0.28
92026,2026-02-22,758,88,0.02
92026,2026-02-23,759,89,0.0
92026,2026-02-24,760,90,0.44
92026,2026-02-25,761,91,0.09
92026,2026-02-26,762,92,0.27
92026,2026-02-27,763,93,0.23
92026,2026-02-28,764,94,0.26
92026,2026-03-01,765,95,0.03
92026,2026-03-02,766,96,0.01
92026,2026-03-03,767,97,0.2
92026,2026-03-04,768,98,0.02
92026,2026-03-05,769,99,0.06
92028,2025-11-26,670,0,0.43
92028,2025-11-27,671,1,0.73
92028,2025-11-28,672,2,0.56
92028,2025-11-29,673,3,0.68
92028,2025-11-30,674,4,0.05
92028,2025-12-01,675,5,0.02
92028,2025-12-02,676,6,0.36
92028,2025-12-03,677,7,0.09
92028,2025-12-04,678,8,0.09
92028,2025-12-05,679,9,0.02
92028,2025-12-06,680,10,0.0
92028,2025-12-07,681,11,0.0
92028,2025-12-08,682,12,0.0
92028,2025-12-09,683,13,0.02
92028,2025-12-10,684,14,0.0
92028,2025-12-11,685,15,0.0
92028,2025-12-12,686,16,0.0
92028,2025-12-13,687,17,0.0
92028,2025-12-14,688,18,0.0
92028,2025-12-15,689,19,0.0
92028,2025-12-16,690,20,0.01
92028,2025-12-17,691,21,0.0
92028,2025-12-18,692,22,0.0
92028,2025-12-19,693,23,0.0
92028,2025-12-20,694,24,0.0
92028,2025-12-21,695,25,0.0
92028,2025-12-22,696,26,0.0
92028,2025-12-23,697,27,0.0
92028,2025-12-24,698,28,0.0
92028,2025-12-25,699,29,0.0
92028,2025-12-26,700,30,0.0
92028,2025-12-27,701,31,0.0
92028,2025-12-28,702,32,0.0
92028,2025-12-29,703,33,0.0
92028,2025-12-30,704,34,0.0
92028,2025-12-31,705,35,0.0
92028,2026-01-01,706,36,0.0
92028,2026-01-02,707,37,0.0
92028,2026-01-03,708,38,0.0
92028,2026-01-04,709,39,0.0
92028,2026-01-05,710,40,0.0
92028,2026-01-06,711,41,0.0
92028,2026-01-07,712,42,0.0
92028,2026-01-08,713,43,0.0
92028,2026-01-09,714,44,0.0
92028,2026-01-10,715,45,0.0
92028,2026-01-11,716,46,0.0
92028,2026-01-12,717,47,0.0
92028,2026-01-13,718,48,0.0
92028,2026-01-14,719,49,0.0
92028,2026-01-15,720,50,0.0
92028,2026-01-16,721,51,0.0
92028,2026-01-17,722,52,0.0
92028,2026-01-18,723,53,0.0
92028,2026-01-19,724,54,0.0
92028,2026-01-20,725,55,0.0
92028,2026-01-21,726,56,0.0
92028,2026-01-22,727,57,0.0
92028,2026-01-23,728,58,0.0
92028,2026-01-24,729,59,0.0
92028,2026-01-25,730,60,0.01
92028,2026-01-26,731,61,0.0
92028,2026-01-27,732,62,0.0
92028,2026-01-28,733,63,0.0
92028,2026-01-29,734,64,0.0
92028,2026-01-30,735,65,0.0
92028,2026-01-31,736,66,0.0
92028,2026-02-01,737,67,0.0
92028,2026-02-02,738,68,0.0
92028,2026-02-03,739,69,0.0
92028,2026-02-04,740,70,0.0
92028,2026-02-05,741,71,0.0
92028,2026-02-06,742,72,0.0
92028,2026-02-07,743,73,0.0
92028,2026-02-08,744,74,0.0
92028,2026-02-09,745,75,0.0
92028,2026-02-10,746,76,0.0
92028,2026-02-11,747,77,0.0
92028,2026-02-12,748,78,0.01
92028,2026-02-13,749,79,0.0
92028,2026-02-14,750,80,0.0
92028,2026-02-15,751,81,0.0
92028,2026-02-16,752,82,0.0
92028,2026-02-17,753,83,0.0
92028,2026-02-18,754,84,0.0
92028,2026-02-19,755,85,0.0
92028,2026-02-20,756,86,0.0
92028,2026-02-21,757,87,0.0
92028,2026-02-22,758,88,0.0
92028,2026-02-23,759,89,0.0
92028,2026-02-24,760,90,0.02
92028,2026-02-25,761,91,0.01
92028,2026-02-26,762,92,0.0
92028,2026-02-27,763,93,0.0
92028,2026-02-28,764,94,0.01
92028,2026-03-01,765,95,0.0
92028,2026-03-02,766,96,0.0
92028,2026-03-03,767,97,0.01
92028,2026-03-04,768,98,0.0
92028,2026-03-05,769,99,0.0
9203,2025-11-26,670,0,0.16
9203,2025-11-27,671,1,0.26
9203,2025-11-28,672,2,0.37
9203,2025-11-29,673,3,0.58
9203,2025-11-30,674,4,0.23
9203,2025-12-01,675,5,0.08
9203,2025-12-02,676,6,1.55
9203,2025-12-03,677,7,1.15
9203,2025-12-04,678,8,1.16
9203,2025-12-05,679,9,1.37
9203,2025-12-06,680,10,0.65
9203,2025-12-07,681,11,0.02
9203,2025-12-08,682,12,0.01
9203,2025-12-09,683,13,0.72
9203,2025-12-10,684,14,0.1
9203,2025-12-11,685,15,0.19
9203,2025-12-12,686,16,0.05
9203,2025-12-13,687,17,0.06
9203,2025-12-14,688,18,0.0
9203,2025-12-15,689,19,0.0
9203,2025-12-16,690,20,0.4
9203,2025-12-17,691,21,0.06
9203,2025-12-18,692,22,0.11
9203,2025-12-19,693,23,0.02
9203,2025-12-20,694,24,0.03
9203,2025-12-21,695,25,0.0
9203,2025-12-22,696,26,0.0
9203,2025-12-23,697,27,0.89
9203,2025-12-24,698,28,0.17
9203,2025-12-25,699,29,0.34
9203,2025-12-26,700,30,0.21
9203,2025-12-27,701,31,0.12
9203,2025-12-28,702,32,0.01
9203,2025-12-29,703,33,0.0
9203,2025-12-30,704,34,1.15
9203,2025-12-31,705,35,0.2
9203,2026-01-01,706,36,0.25
9203,2026-01-02,707,37,0.27
9203,2026-01-03,708,38,0.06
9203,2026-01-04,709,39,0.01
9203,2026-01-05,710,40,0.02
9203,2026-01-06,711,41,1.27
9203,2026-01-07,712,42,0.64
9203,2026-01-08,713,43,0.85
9203,2026-01-09,714,44,0.98
9203,2026-01-10,715,45,1.14
9203,2026-01-11,716,46,0.17
9203,2026-01-12,717,47,0.06
9203,2026-01-13,718,48,1.55
9203,2026-01-14,719,49,0.79
9203,2026-01-15,720,50,0.87
9203,2026-01-16,721,51,1.02
9203,2026-01-17,722,52,0.78
9203,2026-01-18,723,53,0.23
9203,2026-01-19,724,54,0.0
9203,2026-01-20,725,55,1.3
9203,2026-01-21,726,56,0.68
9203,2026-01-22,727,57,0.62
9203,2026-01-23,728,58,0.53
9203,2026-01-24,729,59,0.6
9203,2026-01-25,730,60,0.04
9203,2026-01-26,731,61,0.01
9203,2026-01-27,732,62,1.37
9203,2026-01-28,733,63,0.9
9203,2026-01-29,734,64,0.7
9203,2026-01-30,735,65,1.06
9203,2026-01-31,736,66,0.93
9203,2026-02-01,737,67,0.12
9203,2026-02-02,738,68,0.0
9203,2026-02-03,739,69,1.22
9203,2026-02-04,740,70,0.26
9203,2026-02-05,741,71,0.4
9203,2026-02-06,742,72,0.48
9203,2026-02-07,743,73,0.39
9203,2026-02-08,744,74,0.01
9203,2026-02-09,745,75,0.0
9203,2026-02-10,746,76,1.72
9203,2026-02-11,747,77,0.92
9203,2026-02-12,748,78,0.97
9203,2026-02-13,749,79,0.83
9203,2026-02-14,750,80,0.84
9203,2026-02-15,751,81,0.02
9203,2026-02-16,752,82,0.0
9203,2026-02-17,753,83,1.66
9203,2026-02-18,754,84,1.08
9203,2026-02-19,755,85,0.89
9203,2026-02-20,756,86,0.92
9203,2026-02-21,757,87,0.78
9203,2026-02-22,758,88,0.17
9203,2026-02-23,759,89,0.04
9203,2026-02-24,760,90,1.99
9203,2026-02-25,761,91,1.04
9203,2026-02-26,762,92,1.05
9203,2026-02-27,763,93,0.82
9203,2026-02-28,764,94,0.59
9203,2026-03-01,765,95,0.05
9203,2026-03-02,766,96,0.0
9203,2026-03-03,767,97,1.79
9203,2026-03-04,768,98,0.71
9203,2026-03-05,769,99,0.88
92032,2025-11-26,670,0,0.12
92032,2025-11-27,671,1,0.08
92032,2025-11-28,672,2,0.03
92032,2025-11-29,673,3,0.0
92032,2025-11-30,674,4,0.0
92032,2025-12-01,675,5,0.02
92032,2025-12-02,676,6,0.58
92032,2025-12-03,677,7,0.33
92032,2025-12-04,678,8,0.26
92032,2025-12-05,679,9,0.15
92032,2025-12-06,680,10,0.08
92032,2025-12-07,681,11,0.0
92032,2025-12-08,682,12,0.0
92032,2025-12-09,683,13,0.21
92032,2025-12-10,684,14,0.08
92032,2025-12-11,685,15,0.01
92032,2025-12-12,686,16,0.0
92032,2025-12-13,687,17,0.0
92032,2025-12-14,688,18,0.0
92032,2025-12-15,689,19,0.0
92032,2025-12-16,690,20,0.02
92032,2025-12-17,691,21,0.0
92032,2025-12-18,692,22,0.0
92032,2025-12-19,693,23,0.0
92032,2025-12-20,694,24,0.0
92032,2025-12-21,695,25,0.0
92032,2025-12-22,696,26,0.0
92032,2025-12-23,697,27,0.03
92032,2025-12-24,698,28,0.01
92032,2025-12-25,699,29,0.0
92032,2025-12-26,700,30,0.01
92032,2025-12-27,701,31,0.0
92032,2025-12-28,702,32,0.0
92032,2025-12-29,703,33,0.0
92032,2025-12-30,704,34,0.03
92032,2025-12-31,705,35,0.0
92032,2026-01-01,706,36,0.0
92032,2026-01-02,707,37,0.0
92032,2026-01-03,708,38,0.0
92032,2026-01-04,709,39,0.0
92032,2026-01-05,710,40,0.0
92032,2026-01-06,711,41,0.01
92032,2026-01-07,712,42,0.0
92032,2026-01-08,713,43,0.01
92032,2026-01-09,714,44,0.0
92032,2026-01-10,715,45,0.0
92032,2026-01-11,716,46,0.0
92032,2026-01-12,717,47,0.0
92032,2026-01-13,718,48,0.04
92032,2026-01-14,719,49,0.04
92032,2026-01-15,720,50,0.04
92032,2026-01-16,721,51,0.0
92032,2026-01-17,722,52,0.0
92032,2026-01-18,723,53,0.0
92032,2026-01-19,724,54,0.0
92032,2026-01-20,725,55,0.17
92032,2026-01-21,726,56,0.05
92032,2026-01-22,727,57,0.04
92032,2026-01-23,728,58,0.04
92032,2026-01-24,729,59,0.02
92032,2026-01-25,730,60,0.0
92032,2026-01-26,731,61,0.0
92032,2026-01-27,732,62,0.04
92032,2026-01-28,733,63,0.03
92032,2026-01-29,734,64,0.03
92032,2026-01-30,735,65,0.06
92032,2026-01-31,736,66,0.0
92032,2026-02-01,737,67,0.0
92032,2026-02-02,738,68,0.0
92032,2026-02-03,739,69,0.0
92032,2026-02-04,740,70,0.01
92032,2026-02-05,741,71,0.0
92032,2026-02-06,742,72,0.01
92032,2026-02-07,743,73,0.0
92032,2026-02-08,744,74,0.0
92032,2026-02-09,745,75,0.0
92032,2026-02-10,746,76,0.04
92032,2026-02-11,747,77,0.01
92032,2026-02-12,748,78,0.01
92032,2026-02-13,749,79,0.01
92032,2026-02-14,750,80,0.02
92032,2026-02-15,751,81,0.0
92032,2026-02-16,752,82,0.0
92032,2026-02-17,753,83,0.11
92032,2026-02-18,754,84,0.19
92032,2026-02-19,755,85,0.13
92032,2026-02-20,756,86,0.17
92032,2026-02-21,757,87,0.14
92032,2026-02-22,758,88,0.0
92032,2026-02-23,759,89,0.01
92032,2026-02-24,760,90,1.19
92032,2026-02-25,761,91,0.45
92032,2026-02-26,762,92,0.49
92032,2026-02-27,763,93,0.32
92032,2026-02-28,764,94,0.16
92032,2026-03-01,765,95,0.04
92032,2026-03-02,766,96,0.0
92032,2026-03-03,767,97,0.6
92032,2026-03-04,768,98,0.73
92032,2026-03-05,769,99,1.06
92034,2025-11-26,670,0,0.0
92034,2025-11-27,671,1,0.0
92034,2025-11-28,672,2,0.0
92034,2025-11-29,673,3,0.0
92034,2025-11-30,674,4,0.0
92034,2025-12-01,675,5,0.0
92034,2025-12-02,676,6,0.05
92034,2025-12-03,677,7,0.0
92034,2025-12-04,678,8,0.0
92034,2025-12-05,679,9,0.0
92034,2025-12-06,680,10,0.0
92034,2025-12-07,681,11,0.0
92034,2025-12-08,682,12,0.0
92034,2025-12-09,683,13,0.02
92034,2025-12-10,684,14,0.0
92034,2025-12-11,685,15,0.0
92034,2025-12-12,686,16,0.0
92034,2025-12-13,687,17,0.0
92034,2025-12-14,688,18,0.0
92034,2025-12-15,689,19,0.0
92034,2025-12-16,690,20,0.0
92034,2025-12-17,691,21,0.0
92034,2025-12-18,692,22,0.0
92034,2025-12-19,693,23,0.0
92034,2025-12-20,694,24,0.0
92034,2025-12-21,695,25,0.0
92034,2025-12-22,696,26,0.01
92034,2025-12-23,697,27,0.0
92034,2025-12-24,698,28,0.0
92034,2025-12-25,699,29,0.0
92034,2025-12-26,700,30,0.0
92034,2025-12-27,701,31,0.0
92034,2025-12-28,702,32,0.0
92034,2025-12-29,703,33,0.0
92034,2025-12-30,704,34,0.02
92034,2025-12-31,705,35,0.0
92034,2026-01-01,706,36,0.0
92034,2026-01-02,707,37,0.01
92034,2026-01-03,708,38,0.0
92034,2026-01-04,709,39,0.0
92034,2026-01-05,710,40,0.0
92034,2026-01-06,711,41,0.08
92034,2026-01-07,712,42,0.08
92034,2026-01-08,713,43,0.09
92034,2026-01-09,714,44,0.09
92034,2026-01-10,715,45,0.04
92034,2026-01-11,716,46,0.0
92034,2026-01-12,717,47,0.01
92034,2026-01-13,718,48,0.2
92034,2026-01-14,719,49,0.05
92034,2026-01-15,720,50,0.04
92034,2026-01-16,721,51,0.01
92034,2026-01-17,722,52,0.04
92034,2026-01-18,723,53,0.0
92034,2026-01-19,724,54,0.0
92034,2026-01-20,725,55,0.09
92034,2026-01-21,726,56,0.01
92034,2026-01-22,727,57,0.02
92034,2026-01-23,728,58,0.01
92034,2026-01-24,729,59,0.0
92034,2026-01-25,730,60,0.0
92034,2026-01-26,731,61,0.0
92034,2026-01-27,732,62,0.01
92034,2026-01-28,733,63,0.0
92034,2026-01-29,734,64,0.0
92034,2026-01-30,735,65,0.0
92034,2026-01-31,736,66,0.0
92034,2026-02-01,737,67,0.0
92034,2026-02-02,738,68,0.0
92034,2026-02-03,739,69,0.0
92034,2026-02-04,740,70,0.0
92034,2026-02-05,741,71,0.0
92034,2026-02-06,742,72,0.0
92034,2026-02-07,743,73,0.0
92034,2026-02-08,744,74,0.0
92034,2026-02-09,745,75,0.0
92034,2026-02-10,746,76,0.0
92034,2026-02-11,747,77,0.0
92034,2026-02-12,748,78,0.0
92034,2026-02-13,749,79,0.0
92034,2026-02-14,750,80,0.0
92034,2026-02-15,751,81,0.0
92034,2026-02-16,752,82,0.0
92034,2026-02-17,753,83,0.01
92034,2026-02-18,754,84,0.0
92034,2026-02-19,755,85,0.01
92034,2026-02-20,756,86,0.0
92034,2026-02-21,757,87,0.0
92034,2026-02-22,758,88,0.01
92034,2026-02-23,759,89,0.01
92034,2026-02-24,760,90,0.11
92034,2026-02-25,761,91,0.06
92034,2026-02-26,762,92,0.04
92034,2026-02-27,763,93,0.04
92034,2026-02-28,764,94,0.07
92034,2026-03-01,765,95,0.0
92034,2026-03-02,766,96,0.0
92034,2026-03-03,767,97,0.02
92034,2026-03-04,768,98,0.0
92034,2026-03-05,769,99,0.01
92036,2025-11-26,670,0,0.03
92036,2025-11-27,671,1,0.05
92036,2025-11-28,672,2,0.08
92036,2025-11-29,673,3,0.04
92036,2025-11-30,674,4,0.0
92036,2025-12-01,675,5,0.0
92036,2025-12-02,676,6,0.27
92036,2025-12-03,677,7,0.06
92036,2025-12-04,678,8,0.13
92036,2025-12-05,679,9,0.02
92036,2025-12-06,680,10,0.02
92036,2025-12-07,681,11,0.0
92036,2025-12-08,682,12,0.0
92036,2025-12-09,683,13,0.14
92036,2025-12-10,684,14,0.02
92036,2025-12-11,685,15,0.01
92036,2025-12-12,686,16,0.03
92036,2025-12-13,687,17,0.01
92036,2025-12-14,688,18,0.0
92036,2025-12-15,689,19,0.0
92036,2025-12-16,690,20,0.02
92036,2025-12-17,691,21,0.01
92036,2025-12-18,692,22,0.03
92036,2025-12-19,693,23,0.01
92036,2025-12-20,694,24,0.0
92036,2025-12-21,695,25,0.0
92036,2025-12-22,696,26,0.0
92036,2025-12-23,697,27,0.12
92036,2025-12-24,698,28,0.02
92036,2025-12-25,699,29,0.03
92036,2025-12-26,700,30,0.01
92036,2025-12-27,701,31,0.0
92036,2025-12-28,702,32,0.0
92036,2025-12-29,703,33,0.0
92036,2025-12-30,704,34,0.08
92036,2025-12-31,705,35,0.03
92036,2026-01-01,706,36,0.04
92036,2026-01-02,707,37,0.03
92036,2026-01-03,708,38,0.01
92036,2026-01-04,709,39,0.0
92036,2026-01-05,710,40,0.0
92036,2026-01-06,711,41,0.27
92036,2026-01-07,712,42,0.05
92036,2026-01-08,713,43,0.05
92036,2026-01-09,714,44,0.0
92036,2026-01-10,715,45,0.01
92036,2026-01-11,716,46,0.01
92036,2026-01-12,717,47,0.0
92036,2026-01-13,718,48,0.29
92036,2026-01-14,719,49,0.05
92036,2026-01-15,720,50,0.08
92036,2026-01-16,721,51,0.02
92036,2026-01-17,722,52,0.01
92036,2026-01-18,723,53,0.0
92036,2026-01-19,724,54,0.0
92036,2026-01-20,725,55,0.48
92036,2026-01-21,726,56,0.06
92036,2026-01-22,727,57,0.05
92036,2026-01-23,728,58,0.01
92036,2026-01-24,729,59,0.02
92036,2026-01-25,730,60,0.01
92036,2026-01-26,731,61,0.0
92036,2026-01-27,732,62,0.32
92036,2026-01-28,733,63,0.11
92036,2026-01-29,734,64,0.03
92036,2026-01-30,735,65,0.02
92036,2026-01-31,736,66,0.05
92036,2026-02-01,737,67,0.0
92036,2026-02-02,738,68,0.0
92036,2026-02-03,739,69,0.12
92036,2026-02-04,740,70,0.03
92036,2026-02-05,741,71,0.09
92036,2026-02-06,742,72,0.07
92036,2026-02-07,743,73,0.01
92036,2026-02-08,744,74,0.0
92036,2026-02-09,745,75,0.0
92036,2026-02-10,746,76,0.05
92036,2026-02-11,747,77,0.01
92036,2026-02-12,748,78,0.09
92036,2026-02-13,749,79,0.03
92036,2026-02-14,750,80,0.0
92036,2026-02-15,751,81,0.0
92036,2026-02-16,752,82,0.0
92036,2026-02-17,753,83,0.07
92036,2026-02-18,754,84,0.01
92036,2026-02-19,755,85,0.14
92036,2026-02-20,756,86,0.06
92036,2026-02-21,757,87,0.01
92036,2026-02-22,758,88,0.01
92036,2026-02-23,759,89,0.0
92036,2026-02-24,760,90,0.17
92036,2026-02-25,761,91,0.03
92036,2026-02-26,762,92,0.17
92036,2026-02-27,763,93,0.05
92036,2026-02-28,764,94,0.05
92036,2026-03-01,765,95,0.01
92036,2026-03-02,766,96,0.0
92036,2026-03-03,767,97,0.16
92036,2026-03-04,768,98,0.05
92036,2026-03-05,769,99,0.14
92038,2025-11-26,670,0,0.03
92038,2025-11-27,671,1,0.02
92038,2025-11-28,672,2,0.04
92038,2025-11-29,673,3,0.04
92038,2025-11-30,674,4,0.01
92038,2025-12-01,675,5,0.01
92038,2025-12-02,676,6,0.34
92038,2025-12-03,677,7,0.11
92038,2025-12-04,678,8,0.04
92038,2025-12-05,679,9,0.02
92038,2025-12-06,680,10,0.0
92038,2025-12-07,681,11,0.0
92038,2025-12-08,682,12,0.01
92038,2025-12-09,683,13,0.07
92038,2025-12-10,684,14,0.01
92038,2025-12-11,685,15,0.0
92038,2025-12-12,686,16,0.0
92038,2025-12-13,687,17,0.01
92038,2025-12-14,688,18,0.01
92038,2025-12-15,689,19,0.0
92038,2025-12-16,690,20,0.03
92038,2025-12-17,691,21,0.0
92038,2025-12-18,692,22,0.01
92038,2025-12-19,693,23,0.01
92038,2025-12-20,694,24,0.0
92038,2025-12-21,695,25,0.0
92038,2025-12-22,696,26,0.0
92038,2025-12-23,697,27,0.0
92038,2025-12-24,698,28,0.0
92038,2025-12-25,699,29,0.0
92038,2025-12-26,700,30,0.01
92038,2025-12-27,701,31,0.0
92038,2025-12-28,702,32,0.0
92038,2025-12-29,703,33,0.0
92038,2025-12-30,704,34,0.03
92038,2025-12-31,705,35,0.01
92038,2026-01-01,706,36,0.01
92038,2026-01-02,707,37,0.0
92038,2026-01-03,708,38,0.01
92038,2026-01-04,709,39,0.0
92038,2026-01-05,710,40,0.0
92038,2026-01-06,711,41,0.07
92038,2026-01-07,712,42,0.0
92038,2026-01-08,713,43,0.02
92038,2026-01-09,714,44,0.01
92038,2026-01-10,715,45,0.01
92038,2026-01-11,716,46,0.0
92038,2026-01-12,717,47,0.0
92038,2026-01-13,718,48,0.08
92038,2026-01-14,719,49,0.03
92038,2026-01-15,720,50,0.01
92038,2026-01-16,721,51,0.01
92038,2026-01-17,722,52,0.03
92038,2026-01-18,723,53,0.0
92038,2026-01-19,724,54,0.0
92038,2026-01-20,725,55,0.29
92038,2026-01-21,726,56,0.01
92038,2026-01-22,727,57,0.07
92038,2026-01-23,728,58,0.02
92038,2026-01-24,729,59,0.01
92038,2026-01-25,730,60,0.0
92038,2026-01-26,731,61,0.0
92038,2026-01-27,732,62,0.28
92038,2026-01-28,733,63,0.06
92038,2026-01-29,734,64,0.01
92038,2026-01-30,735,65,0.04
92038,2026-01-31,736,66,0.01
92038,2026-02-01,737,67,0.0
92038,2026-02-02,738,68,0.0
92038,2026-02-03,739,69,0.01
92038,2026-02-04,740,70,0.0
92038,2026-02-05,741,71,0.02
92038,2026-02-06,742,72,0.0
92038,2026-02-07,743,73,0.02
92038,2026-02-08,744,74,0.0
92038,2026-02-09,745,75,0.0
92038,2026-02-10,746,76,0.08
92038,2026-02-11,747,77,0.02
92038,2026-02-12,748,78,0.01
92038,2026-02-13,749,79,0.01
92038,2026-02-14,750,80,0.01
92038,2026-02-15,751,81,0.01
92038,2026-02-16,752,82,0.01
92038,2026-02-17,753,83,0.11
92038,2026-02-18,754,84,0.02
92038,2026-02-19,755,85,0.04
92038,2026-02-20,756,86,0.05
92038,2026-02-21,757,87,0.0
92038,2026-02-22,758,88,0.01
92038,2026-02-23,759,89,0.01
92038,2026-02-24,760,90,0.18
92038,2026-02-25,761,91,0.0
92038,2026-02-26,762,92,0.02
92038,2026-02-27,763,93,0.01
92038,2026-02-28,764,94,0.04
92038,2026-03-01,765,95,0.0
92038,2026-03-02,766,96,0.0
92038,2026-03-03,767,97,0.1
92038,2026-03-04,768,98,0.01
92038,2026-03-05,769,99,0.02
9204,2025-11-26,670,0,0.0
9204,2025-11-27,671,1,0.0
9204,2025-11-28,672,2,0.0
9204,2025-11-29,673,3,0.0
9204,2025-11-30,674,4,0.0
9204,2025-12-01,675,5,0.01
9204,2025-12-02,676,6,0.0
9204,2025-12-03,677,7,0.0
9204,2025-12-04,678,8,0.0
9204,2025-12-05,679,9,0.0
9204,2025-12-06,680,10,0.0
9204,2025-12-07,681,11,0.0
9204,2025-12-08,682,12,0.0
9204,2025-12-09,683,13,0.0
9204,2025-12-10,684,14,0.0
9204,2025-12-11,685,15,0.0
9204,2025-12-12,686,16,0.0
9204,2025-12-13,687,17,0.0
9204,2025-12-14,688,18,0.0
9204,2025-12-15,689,19,0.0
9204,2025-12-16,690,20,0.0
9204,2025-12-17,691,21,0.0
9204,2025-12-18,692,22,0.0
9204,2025-12-19,693,23,0.0
9204,2025-12-20,694,24,0.0
9204,2025-12-21,695,25,0.0
9204,2025-12-22,696,26,0.0
9204,2025-12-23,697,27,0.0
9204,2025-12-24,698,28,0.0
9204,2025-12-25,699,29,0.0
9204,2025-12-26,700,30,0.0
9204,2025-12-27,701,31,0.0
9204,2025-12-28,702,32,0.0
9204,2025-12-29,703,33,0.0
9204,2025-12-30,704,34,0.0
9204,2025-12-31,705,35,0.0
9204,2026-01-01,706,36,0.0
9204,2026-01-02,707,37,0.0
9204,2026-01-03,708,38,0.0
9204,2026-01-04,709,39,0.0
9204,2026-01-05,710,40,0.0
9204,2026-01-06,711,41,0.02
9204,2026-01-07,712,42,0.0
9204,2026-01-08,713,43,0.0
9204,2026-01-09,714,44,0.0
9204,2026-01-10,715,45,0.0
9204,2026-01-11,716,46,0.0
9204,2026-01-12,717,47,0.0
9204,2026-01-13,718,48,0.01
9204,2026-01-14,719,49,0.0
9204,2026-01-15,720,50,0.04
9204,2026-01-16,721,51,0.06
9204,2026-01-17,722,52,0.23
9204,2026-01-18,723,53,0.06
9204,2026-01-19,724,54,0.02
9204,2026-01-20,725,55,0.28
9204,2026-01-21,726,56,0.23
9204,2026-01-22,727,57,0.37
9204,2026-01-23,728,58,0.26
9204,2026-01-24,729,59,0.25
9204,2026-01-25,730,60,0.03
9204,2026-01-26,731,61,0.0
9204,2026-01-27,732,62,0.37
9204,2026-01-28,733,63,0.24
9204,2026-01-29,734,64,0.12
9204,2026-01-30,735,65,0.19
9204,2026-01-31,736,66,0.06
9204,2026-02-01,737,67,0.05
9204,2026-02-02,738,68,0.0
9204,2026-02-03,739,69,0.05
9204,2026-02-04,740,70,0.05
9204,2026-02-05,741,71,0.11
9204,2026-02-06,742,72,0.1
9204,2026-02-07,743,73,0.04
9204,2026-02-08,744,74,0.0
9204,2026-02-09,745,75,0.01
9204,2026-02-10,746,76,0.11
9204,2026-02-11,747,77,0.06
9204,2026-02-12,748,78,0.08
9204,2026-02-13,749,79,0.1
9204,2026-02-14,750,80,0.19
9204,2026-02-15,751,81,0.0
9204,2026-02-16,752,82,0.0
9204,2026-02-17,753,83,0.15
9204,2026-02-18,754,84,0.15
9204,2026-02-19,755,85,0.21
9204,2026-02-20,756,86,0.3
9204,2026-02-21,757,87,0.37
9204,2026-02-22,758,88,0.06
9204,2026-02-23,759,89,0.04
9204,2026-02-24,760,90,0.27
9204,2026-02-25,761,91,0.12
9204,2026-02-26,762,92,0.25
9204,2026-02-27,763,93,0.41
9204,2026-02-28,764,94,0.18
9204,2026-03-01,765,95,0.06
9204,2026-03-02,766,96,0.02
9204,2026-03-03,767,97,0.28
9204,2026-03-04,768,98,0.1
9204,2026-03-05,769,99,0.13
92042,2025-11-26,670,0,0.12
92042,2025-11-27,671,1,0.23
92042,2025-11-28,672,2,0.12
92042,2025-11-29,673,3,0.16
92042,2025-11-30,674,4,0.02
92042,2025-12-01,675,5,0.04
92042,2025-12-02,676,6,0.31
92042,2025-12-03,677,7,0.02
92042,2025-12-04,678,8,0.03
92042,2025-12-05,679,9,0.04
92042,2025-12-06,680,10,0.0
92042,2025-12-07,681,11,0.0
92042,2025-12-08,682,12,0.0
92042,2025-12-09,683,13,0.01
92042,2025-12-10,684,14,0.0
92042,2025-12-11,685,15,0.0
92042,2025-12-12,686,16,0.01
92042,2025-12-13,687,17,0.0
92042,2025-12-14,688,18,0.0
92042,2025-12-15,689,19,0.0
92042,2025-12-16,690,20,0.0
92042,2025-12-17,691,21,0.0
92042,2025-12-18,692,22,0.0
92042,2025-12-19,693,23,0.0
92042,2025-12-20,694,24,0.0
92042,2025-12-21,695,25,0.0
92042,2025-12-22,696,26,0.0
92042,2025-12-23,697,27,0.01
92042,2025-12-24,698,28,0.0
92042,2025-12-25,699,29,0.0
92042,2025-12-26,700,30,0.0
92042,2025-12-27,701,31,0.0
92042,2025-12-28,702,32,0.0
92042,2025-12-29,703,33,0.0
92042,2025-12-30,704,34,0.0
92042,2025-12-31,705,35,0.0
92042,2026-01-01,706,36,0.0
92042,2026-01-02,707,37,0.0
92042,2026-01-03,708,38,0.0
92042,2026-01-04,709,39,0.0
92042,2026-01-05,710,40,0.0
92042,2026-01-06,711,41,0.02
92042,2026-01-07,712,42,0.0
92042,2026-01-08,713,43,0.01
92042,2026-01-09,714,44,0.01
92042,2026-01-10,715,45,0.0
92042,2026-01-11,716,46,0.0
92042,2026-01-12,717,47,0.0
92042,2026-01-13,718,48,0.01
92042,2026-01-14,719,49,0.0
92042,2026-01-15,720,50,0.0
92042,2026-01-16,721,51,0.0
92042,2026-01-17,722,52,0.0
92042,2026-01-18,723,53,0.0
92042,2026-01-19,724,54,0.0
92042,2026-01-20,725,55,0.0
92042,2026-01-21,726,56,0.0
92042,2026-01-22,727,57,0.01
92042,2026-01-23,728,58,0.0
92042,2026-01-24,729,59,0.0
92042,2026-01-25,730,60,0.0
92042,2026-01-26,731,61,0.0
92042,2026-01-27,732,62,0.0
92042,2026-01-28,733,63,0.0
92042,2026-01-29,734,64,0.0
92042,2026-01-30,735,65,0.0
92042,2026-01-31,736,66,0.01
92042,2026-02-01,737,67,0.0
92042,2026-02-02,738,68,0.0
92042,2026-02-03,739,69,0.0
92042,2026-02-04,740,70,0.0
92042,2026-02-05,741,71,0.0
92042,2026-02-06,742,72,0.0
92042,2026-02-07,743,73,0.0
92042,2026-02-08,744,74,0.0
92042,2026-02-09,745,75,0.0
92042,2026-02-10,746,76,0.12
92042,2026-02-11,747,77,0.19
92042,2026-02-12,748,78,0.27
92042,2026-02-13,749,79,0.24
92042,2026-02-14,750,80,0.07
92042,2026-02-15,751,81,0.05
92042,2026-02-16,752,82,0.0
92042,2026-02-17,753,83,0.09
92042,2026-02-18,754,84,0.09
92042,2026-02-19,755,85,0.08
92042,2026-02-20,756,86,0.01
92042,2026-02-21,757,87,0.03
92042,2026-02-22,758,88,0.0
92042,2026-02-23,759,89,0.02
92042,2026-02-24,760,90,0.09
92042,2026-02-25,761,91,0.05
92042,2026-02-26,762,92,0.12
92042,2026-02-27,763,93,0.07
92042,2026-02-28,764,94,0.01
92042,2026-03-01,765,95,0.0
92042,2026-03-02,766,96,0.0
92042,2026-03-03,767,97,0.03
92042,2026-03-04,768,98,0.22
92042,2026-03-05,769,99,0.11
92044,2025-11-26,670,0,0.0
92044,2025-11-27,671,1,0.0
92044,2025-11-28,672,2,0.0
92044,2025-11-29,673,3,0.0
92044,2025-11-30,674,4,0.0
92044,2025-12-01,675,5,0.0
92044,2025-12-02,676,6,0.02
92044,2025-12-03,677,7,0.02
92044,2025-12-04,678,8,0.0
92044,2025-12-05,679,9,0.01
92044,2025-12-06,680,10,0.0
92044,2025-12-07,681,11,0.0
92044,2025-12-08,682,12,0.0
92044,2025-12-09,683,13,0.0
92044,2025-12-10,684,14,0.0
92044,2025-12-11,685,15,0.0
92044,2025-12-12,686,16,0.0
92044,2025-12-13,687,17,0.0
92044,2025-12-14,688,18,0.0
92044,2025-12-15,689,19,0.0
92044,2025-12-16,690,20,0.0
92044,2025-12-17,691,21,0.0
92044,2025-12-18,692,22,0.0
92044,2025-12-19,693,23,0.0
92044,2025-12-20,694,24,0.0
92044,2025-12-21,695,25,0.0
92044,2025-12-22,696,26,0.0
92044,2025-12-23,697,27,0.0
92044,2025-12-24,698,28,0.0
92044,2025-12-25,699,29,0.0
92044,2025-12-26,700,30,0.0
92044,2025-12-27,701,31,0.0
92044,2025-12-28,702,32,0.0
92044,2025-12-29,703,33,0.0
92044,2025-12-30,704,34,0.0
92044,2025-12-31,705,35,0.0
92044,2026-01-01,706,36,0.01
92044,2026-01-02,707,37,0.0
92044,2026-01-03,708,38,0.0
92044,2026-01-04,709,39,0.0
92044,2026-01-05,710,40,0.0
92044,2026-01-06,711,41,0.01
92044,2026-01-07,712,42,0.0
92044,2026-01-08,713,43,0.0
92044,2026-01-09,714,44,0.0
92044,2026-01-10,715,45,0.0
92044,2026-01-11,716,46,0.0
92044,2026-01-12,717,47,0.0
92044,2026-01-13,718,48,0.0
92044,2026-01-14,719,49,0.01
92044,2026-01-15,720,50,0.0
92044,2026-01-16,721,51,0.0
92044,2026-01-17,722,52,0.0
92044,2026-01-18,723,53,0.0
92044,2026-01-19,724,54,0.0
92044,2026-01-20,725,55,0.0
92044,2026-01-21,726,56,0.0
92044,2026-01-22,727,57,0.01
92044,2026-01-23,728,58,0.0
92044,2026-01-24,729,59,0.0
92044,2026-01-25,730,60,0.01
92044,2026-01-26,731,61,0.0
92044,2026-01-27,732,62,0.03
92044,2026-01-28,733,63,0.0
92044,2026-01-29,734,64,0.0
92044,2026-01-30,735,65,0.0
92044,2026-01-31,736,66,0.0
92044,2026-02-01,737,67,0.0
92044,2026-02-02,738,68,0.0
92044,2026-02-03,739,69,0.0
92044,2026-02-04,740,70,0.01
92044,2026-02-05,741,71,0.0
92044,2026-02-06,742,72,0.0
92044,2026-02-07,743,73,0.0
92044,2026-02-08,744,74,0.0
92044,2026-02-09,745,75,0.0
92044,2026-02-10,746,76,0.0
92044,2026-02-11,747,77,0.0
92044,2026-02-12,748,78,0.0
92044,2026-02-13,749,79,0.0
92044,2026-02-14,750,80,0.0
92044,2026-02-15,751,81,0.0
92044,2026-02-16,752,82,0.0
92044,2026-02-17,753,83,0.01
92044,2026-02-18,754,84,0.0
92044,2026-02-19,755,85,0.04
92044,2026-02-20,756,86,0.0
92044,2026-02-21,757,87,0.0
92044,2026-02-22,758,88,0.0
92044,2026-02-23,759,89,0.01
92044,2026-02-24,760,90,0.04
92044,2026-02-25,761,91,0.03
92044,2026-02-26,762,92,0.02
92044,2026-02-27,763,93,0.03
92044,2026-02-28,764,94,0.02
92044,2026-03-01,765,95,0.0
92044,2026-03-02,766,96,0.0
92044,2026-03-03,767,97,0.03
92044,2026-03-04,768,98,0.0
92044,2026-03-05,769,99,0.03
92046,2025-11-26,670,0,0.01
92046,2025-11-27,671,1,0.03
92046,2025-11-28,672,2,0.05
92046,2025-11-29,673,3,0.01
92046,2025-11-30,674,4,0.01
92046,2025-12-01,675,5,0.02
92046,2025-12-02,676,6,0.21
92046,2025-12-03,677,7,0.03
92046,2025-12-04,678,8,0.05
92046,2025-12-05,679,9,0.02
92046,2025-12-06,680,10,0.0
92046,2025-12-07,681,11,0.01
92046,2025-12-08,682,12,0.01
92046,2025-12-09,683,13,0.0
92046,2025-12-10,684,14,0.0
92046,2025-12-11,685,15,0.0
92046,2025-12-12,686,16,0.0
92046,2025-12-13,687,17,0.0
92046,2025-12-14,688,18,0.0
92046,2025-12-15,689,19,0.0
92046,2025-12-16,690,20,0.0
92046,2025-12-17,691,21,0.0
92046,2025-12-18,692,22,0.0
92046,2025-12-19,693,23,0.0
92046,2025-12-20,694,24,0.0
92046,2025-12-21,695,25,0.0
92046,2025-12-22,696,26,0.0
92046,2025-12-23,697,27,0.0
92046,2025-12-24,698,28,0.0
92046,2025-12-25,699,29,0.0
92046,2025-12-26,700,30,0.0
92046,2025-12-27,701,31,0.0
92046,2025-12-28,702,32,0.0
92046,2025-12-29,703,33,0.0
92046,2025-12-30,704,34,0.0
92046,2025-12-31,705,35,0.0
92046,2026-01-01,706,36,0.0
92046,2026-01-02,707,37,0.0
92046,2026-01-03,708,38,0.0
92046,2026-01-04,709,39,0.0
92046,2026-01-05,710,40,0.0
92046,2026-01-06,711,41,0.0
92046,2026-01-07,712,42,0.01
92046,2026-01-08,713,43,0.0
92046,2026-01-09,714,44,0.0
92046,2026-01-10,715,45,0.0
92046,2026-01-11,716,46,0.0
92046,2026-01-12,717,47,0.0
92046,2026-01-13,718,48,0.0
92046,2026-01-14,719,49,0.0
92046,2026-01-15,720,50,0.0
92046,2026-01-16,721,51,0.0
92046,2026-01-17,722,52,0.01
92046,2026-01-18,723,53,0.0
92046,2026-01-19,724,54,0.0
92046,2026-01-20,725,55,0.01
92046,2026-01-21,726,56,0.01
92046,2026-01-22,727,57,0.03
92046,2026-01-23,728,58,0.01
92046,2026-01-24,729,59,0.03
92046,2026-01-25,730,60,0.0
92046,2026-01-26,731,61,0.0
92046,2026-01-27,732,62,0.04
92046,2026-01-28,733,63,0.0
92046,2026-01-29,734,64,0.03
92046,2026-01-30,735,65,0.11
92046,2026-01-31,736,66,0.02
92046,2026-02-01,737,67,0.0
92046,2026-02-02,738,68,0.0
92046,2026-02-03,739,69,0.01
92046,2026-02-04,740,70,0.0
92046,2026-02-05,741,71,0.0
92046,2026-02-06,742,72,0.0
92046,2026-02-07,743,73,0.0
92046,2026-02-08,744,74,0.0
92046,2026-02-09,745,75,0.01
92046,2026-02-10,746,76,0.01
92046,2026-02-11,747,77,0.01
92046,2026-02-12,748,78,0.01
92046,2026-02-13,749,79,0.02
92046,2026-02-14,750,80,0.03
92046,2026-02-15,751,81,0.01
92046,2026-02-16,752,82,0.0
92046,2026-02-17,753,83,0.02
92046,2026-02-18,754,84,0.01
92046,2026-02-19,755,85,0.0
92046,2026-02-20,756,86,0.0
92046,2026-02-21,757,87,0.01
92046,2026-02-22,758,88,0.0
92046,2026-02-23,759,89,0.0
92046,2026-02-24,760,90,0.05
92046,2026-02-25,761,91,0.0
92046,2026-02-26,762,92,0.02
92046,2026-02-27,763,93,0.06
92046,2026-02-28,764,94,0.02
92046,2026-03-01,765,95,0.0
92046,2026-03-02,766,96,0.0
92046,2026-03-03,767,97,0.06
92046,2026-03-04,768,98,0.04
92046,2026-03-05,769,99,0.02
92048,2025-11-26,670,0,0.0
92048,2025-11-27,671,1,0.0
92048,2025-11-28,672,2,0.0
92048,2025-11-29,673,3,0.01
92048,2025-11-30,674,4,0.0
92048,2025-12-01,675,5,0.0
92048,2025-12-02,676,6,0.02
92048,2025-12-03,677,7,0.0
92048,2025-12-04,678,8,0.01
92048,2025-12-05,679,9,0.01
92048,2025-12-06,680,10,0.01
92048,2025-12-07,681,11,0.0
92048,2025-12-08,682,12,0.0
92048,2025-12-09,683,13,0.02
92048,2025-12-10,684,14,0.0
92048,2025-12-11,685,15,0.0
92048,2025-12-12,686,16,0.0
92048,2025-12-13,687,17,0.0
92048,2025-12-14,688,18,0.0
92048,2025-12-15,689,19,0.0
92048,2025-12-16,690,20,0.0
92048,2025-12-17,691,21,0.0
92048,2025-12-18,692,22,0.0
92048,2025-12-19,693,23,0.0
92048,2025-12-20,694,24,0.0
92048,2025-12-21,695,25,0.0
92048,2025-12-22,696,26,0.0
92048,2025-12-23,697,27,0.0
92048,2025-12-24,698,28,0.0
92048,2025-12-25,699,29,0.0
92048,2025-12-26,700,30,0.0
92048,2025-12-27,701,31,0.0
92048,2025-12-28,702,32,0.0
92048,2025-12-29,703,33,0.0
92048,2025-12-30,704,34,0.0
92048,2025-12-31,705,35,0.0
92048,2026-01-01,706,36,0.0
92048,2026-01-02,707,37,0.0
92048,2026-01-03,708,38,0.0
92048,2026-01-04,709,39,0.0
92048,2026-01-05,710,40,0.0
92048,2026-01-06,711,41,0.0
92048,2026-01-07,712,42,0.0
92048,2026-01-08,713,43,0.0
92048,2026-01-09,714,44,0.0
92048,2026-01-10,715,45,0.0
92048,2026-01-11,716,46,0.0
92048,2026-01-12,717,47,0.0
92048,2026-01-13,718,48,0.0
92048,2026-01-14,719,49,0.0
92048,2026-01-15,720,50,0.0
92048,2026-01-16,721,51,0.0
92048,2026-01-17,722,52,0.0
92048,2026-01-18,723,53,0.0
92048,2026-01-19,724,54,0.0
92048,2026-01-20,725,55,0.0
92048,2026-01-21,726,56,0.0
92048,2026-01-22,727,57,0.0
92048,2026-01-23,728,58,0.0
92048,2026-01-24,729,59,0.0
92048,2026-01-25,730,60,0.0
92048,2026-01-26,731,61,0.0
92048,2026-01-27,732,62,0.0
92048,2026-01-28,733,63,0.0
92048,2026-01-29,734,64,0.0
92048,2026-01-30,735,65,0.0
92048,2026-01-31,736,66,0.0
92048,2026-02-01,737,67,0.0
92048,2026-02-02,738,68,0.0
92048,2026-02-03,739,69,0.0
92048,2026-02-04,740,70,0.0
92048,2026-02-05,741,71,0.0
92048,2026-02-06,742,72,0.0
92048,2026-02-07,743,73,0.0
92048,2026-02-08,744,74,0.0
92048,2026-02-09,745,75,0.0
92048,2026-02-10,746,76,0.0
92048,2026-02-11,747,77,0.0
92048,2026-02-12,748,78,0.0
92048,2026-02-13,749,79,0.0
92048,2026-02-14,750,80,0.0
92048,2026-02-15,751,81,0.0
92048,2026-02-16,752,82,0.0
92048,2026-02-17,753,83,0.0
92048,2026-02-18,754,84,0.0
92048,2026-02-19,755,85,0.0
92048,2026-02-20,756,86,0.0
92048,2026-02-21,757,87,0.0
92048,2026-02-22,758,88,0.0
92048,2026-02-23,759,89,0.0
92048,2026-02-24,760,90,0.0
92048,2026-02-25,761,91,0.0
92048,2026-02-26,762,92,0.0
92048,2026-02-27,763,93,0.0
92048,2026-02-28,764,94,0.0
92048,2026-03-01,765,95,0.0
92048,2026-03-02,766,96,0.0
92048,2026-03-03,767,97,0.0
92048,2026-03-04,768,98,0.0
92048,2026-03-05,769,99,0.0
9205,2025-11-26,670,0,0.01
9205,2025-11-27,671,1,0.0
9205,2025-11-28,672,2,0.03
9205,2025-11-29,673,3,0.05
9205,2025-11-30,674,4,0.01
9205,2025-12-01,675,5,0.02
9205,2025-12-02,676,6,0.1
9205,2025-12-03,677,7,0.06
9205,2025-12-04,678,8,0.07
9205,2025-12-05,679,9,0.04
9205,2025-12-06,680,10,0.03
9205,2025-12-07,681,11,0.0
9205,2025-12-08,682,12,0.0
9205,2025-12-09,683,13,0.08
9205,2025-12-10,684,14,0.02
9205,2025-12-11,685,15,0.01
9205,2025-12-12,686,16,0.04
9205,2025-12-13,687,17,0.0
9205,2025-12-14,688,18,0.0
9205,2025-12-15,689,19,0.0
9205,2025-12-16,690,20,0.03
9205,2025-12-17,691,21,0.01
9205,2025-12-18,692,22,0.01
9205,2025-12-19,693,23,0.0
9205,2025-12-20,694,24,0.03
9205,2025-12-21,695,25,0.0
9205,2025-12-22,696,26,0.0
9205,2025-12-23,697,27,0.05
9205,2025-12-24,698,28,0.02
9205,2025-12-25,699,29,0.03
9205,2025-12-26,700,30,0.0
9205,2025-12-27,701,31,0.0
9205,2025-12-28,702,32,0.0
9205,2025-12-29,703,33,0.0
9205,2025-12-30,704,34,0.0
9205,2025-12-31,705,35,0.03
9205,2026-01-01,706,36,0.0
9205,2026-01-02,707,37,0.0
9205,2026-01-03,708,38,0.0
9205,2026-01-04,709,39,0.0
9205,2026-01-05,710,40,0.01
9205,2026-01-06,711,41,0.1
9205,2026-01-07,712,42,0.05
9205,2026-01-08,713,43,0.07
9205,2026-01-09,714,44,0.06
9205,2026-01-10,715,45,0.02
9205,2026-01-11,716,46,0.0
9205,2026-01-12,717,47,0.0
9205,2026-01-13,718,48,0.06
9205,2026-01-14,719,49,0.1
9205,2026-01-15,720,50,0.13
9205,2026-01-16,721,51,0.05
9205,2026-01-17,722,52,0.01
9205,2026-01-18,723,53,0.01
9205,2026-01-19,724,54,0.0
9205,2026-01-20,725,55,0.1
9205,2026-01-21,726,56,0.07
9205,2026-01-22,727,57,0.04
9205,2026-01-23,728,58,0.03
9205,2026-01-24,729,59,0.01
9205,2026-01-25,730,60,0.01
9205,2026-01-26,731,61,0.0
9205,2026-01-27,732,62,0.11
9205,2026-01-28,733,63,0.13
9205,2026-01-29,734,64,0.1
9205,2026-01-30,735,65,0.05
9205,2026-01-31,736,66,0.05
9205,2026-02-01,737,67,0.0
9205,2026-02-02,738,68,0.0
9205,2026-02-03,739,69,0.06
9205,2026-02-04,740,70,0.01
9205,2026-02-05,741,71,0.02
9205,2026-02-06,742,72,0.0
9205,2026-02-07,743,73,0.0
9205,2026-02-08,744,74,0.0
9205,2026-02-09,745,75,0.0
9205,2026-02-10,746,76,0.03
9205,2026-02-11,747,77,0.0
9205,2026-02-12,748,78,0.01
9205,2026-02-13,749,79,0.0
9205,2026-02-14,750,80,0.01
9205,2026-02-15,751,81,0.0
9205,2026-02-16,752,82,0.0
9205,2026-02-17,753,83,0.01
9205,2026-02-18,754,84,0.0
9205,2026-02-19,755,85,0.0
9205,2026-02-20,756,86,0.01
9205,2026-02-21,757,87,0.0
9205,2026-02-22,758,88,0.0
9205,2026-02-23,759,89,0.01
9205,2026-02-24,760,90,0.03
9205,2026-02-25,761,91,0.0
9205,2026-02-26,762,92,0.0
9205,2026-02-27,763,93,0.01
9205,2026-02-28,764,94,0.0
9205,2026-03-01,765,95,0.0
9205,2026-03-02,766,96,0.0
9205,2026-03-03,767,97,0.0
9205,2026-03-04,768,98,0.0
9205,2026-03-05,769,99,0.0
92052,2025-11-26,670,0,0.0
92052,2025-11-27,671,1,0.0
92052,2025-11-28,672,2,0.0
92052,2025-11-29,673,3,0.0
92052,2025-11-30,674,4,0.0
92052,2025-12-01,675,5,0.0
92052,2025-12-02,676,6,0.01
92052,2025-12-03,677,7,0.0
92052,2025-12-04,678,8,0.0
92052,2025-12-05,679,9,0.0
92052,2025-12-06,680,10,0.0
92052,2025-12-07,681,11,0.0
92052,2025-12-08,682,12,0.0
92052,2025-12-09,683,13,0.01
92052,2025-12-10,684,14,0.01
92052,2025-12-11,685,15,0.0
92052,2025-12-12,686,16,0.0
92052,2025-12-13,687,17,0.0
92052,2025-12-14,688,18,0.0
92052,2025-12-15,689,19,0.0
92052,2025-12-16,690,20,0.0
92052,2025-12-17,691,21,0.0
92052,2025-12-18,692,22,0.0
92052,2025-12-19,693,23,0.0
92052,2025-12-20,694,24,0.0
92052,2025-12-21,695,25,0.0
92052,2025-12-22,696,26,0.01
92052,2025-12-23,697,27,0.01
92052,2025-12-24,698,28,0.0
92052,2025-12-25,699,29,0.0
92052,2025-12-26,700,30,0.0
92052,2025-12-27,701,31,0.0
92052,2025-12-28,702,32,0.01
92052,2025-12-29,703,33,0.0
92052,2025-12-30,704,34,0.01
92052,2025-12-31,705,35,0.0
92052,2026-01-01,706,36,0.0
92052,2026-01-02,707,37,0.0
92052,2026-01-03,708,38,0.0
92052,2026-01-04,709,39,0.0
92052,2026-01-05,710,40,0.0
92052,2026-01-06,711,41,0.01
92052,2026-01-07,712,42,0.0
92052,2026-01-08,713,43,0.0
92052,2026-01-09,714,44,0.0
92052,2026-01-10,715,45,0.0
92052,2026-01-11,716,46,0.0
92052,2026-01-12,717,47,0.0
92052,2026-01-13,718,48,0.0
92052,2026-01-14,719,49,0.0
92052,2026-01-15,720,50,0.0
92052,2026-01-16,721,51,0.0
92052,2026-01-17,722,52,0.0
92052,2026-01-18,723,53,0.0
92052,2026-01-19,724,54,0.0
92052,2026-01-20,725,55,0.0
92052,2026-01-21,726,56,0.0
92052,2026-01-22,727,57,0.01
92052,2026-01-23,728,58,0.0
92052,2026-01-24,729,59,0.0
92052,2026-01-25,730,60,0.0
92052,2026-01-26,731,61,0.0
92052,2026-01-27,732,62,0.0
92052,2026-01-28,733,63,0.0
92052,2026-01-29,734,64,0.0
92052,2026-01-30,735,65,0.01
92052,2026-01-31,736,66,0.0
92052,2026-02-01,737,67,0.0
92052,2026-02-02,738,68,0.0
92052,2026-02-03,739,69,0.0
92052,2026-02-04,740,70,0.0
92052,2026-02-05,741,71,0.0
92052,2026-02-06,742,72,0.01
92052,2026-02-07,743,73,0.0
92052,2026-02-08,744,74,0.0
92052,2026-02-09,745,75,0.0
92052,2026-02-10,746,76,0.0
92052,2026-02-11,747,77,0.0
92052,2026-02-12,748,78,0.0
92052,2026-02-13,749,79,0.0
92052,2026-02-14,750,80,0.0
92052,2026-02-15,751,81,0.0
92052,2026-02-16,752,82,0.0
92052,2026-02-17,753,83,0.0
92052,2026-02-18,754,84,0.0
92052,2026-02-19,755,85,0.0
92052,2026-02-20,756,86,0.0
92052,2026-02-21,757,87,0.01
92052,2026-02-22,758,88,0.0
92052,2026-02-23,759,89,0.0
92052,2026-02-24,760,90,0.03
92052,2026-02-25,761,91,0.0
92052,2026-02-26,762,92,0.01
92052,2026-02-27,763,93,0.0
92052,2026-02-28,764,94,0.0
92052,2026-03-01,765,95,0.0
92052,2026-03-02,766,96,0.0
92052,2026-03-03,767,97,0.06
92052,2026-03-04,768,98,0.01
92052,2026-03-05,769,99,0.0
92054,2025-11-26,670,0,0.0
92054,2025-11-27,671,1,0.0
92054,2025-11-28,672,2,0.0
92054,2025-11-29,673,3,0.0
92054,2025-11-30,674,4,0.0
92054,2025-12-01,675,5,0.0
92054,2025-12-02,676,6,0.01
92054,2025-12-03,677,7,0.0
92054,2025-12-04,678,8,0.0
92054,2025-12-05,679,9,0.0
92054,2025-12-06,680,10,0.0
92054,2025-12-07,681,11,0.0
92054,2025-12-08,682,12,0.0
92054,2025-12-09,683,13,0.01
92054,2025-12-10,684,14,0.0
92054,2025-12-11,685,15,0.0
92054,2025-12-12,686,16,0.01
92054,2025-12-13,687,17,0.0
92054,2025-12-14,688,18,0.0
92054,2025-12-15,689,19,0.0
92054,2025-12-16,690,20,0.0
92054,2025-12-17,691,21,0.0
92054,2025-12-18,692,22,0.0
92054,2025-12-19,693,23,0.0
92054,2025-12-20,694,24,0.0
92054,2025-12-21,695,25,0.0
92054,2025-12-22,696,26,0.0
92054,2025-12-23,697,27,0.0
92054,2025-12-24,698,28,0.0
92054,2025-12-25,699,29,0.0
92054,2025-12-26,700,30,0.0
92054,2025-12-27,701,31,0.0
92054,2025-12-28,702,32,0.0
92054,2025-12-29,703,33,0.0
92054,2025-12-30,704,34,0.0
92054,2025-12-31,705,35,0.01
92054,2026-01-01,706,36,0.0
92054,2026-01-02,707,37,0.0
92054,2026-01-03,708,38,0.0
92054,2026-01-04,709,39,0.0
92054,2026-01-05,710,40,0.0
92054,2026-01-06,711,41,0.01
92054,2026-01-07,712,42,0.0
92054,2026-01-08,713,43,0.0
92054,2026-01-09,714,44,0.0
92054,2026-01-10,715,45,0.0
92054,2026-01-11,716,46,0.0
92054,2026-01-12,717,47,0.0
92054,2026-01-13,718,48,0.0
92054,2026-01-14,719,49,0.0
92054,2026-01-15,720,50,0.0
92054,2026-01-16,721,51,0.0
92054,2026-01-17,722,52,0.0
92054,2026-01-18,723,53,0.0
92054,2026-01-19,724,54,0.0
92054,2026-01-20,725,55,0.0
92054,2026-01-21,726,56,0.0
92054,2026-01-22,727,57,0.0
92054,2026-01-23,728,58,0.0
92054,2026-01-24,729,59,0.0
92054,2026-01-25,730,60,0.0
92054,2026-01-26,731,61,0.0
92054,2026-01-27,732,62,0.0
92054,2026-01-28,733,63,0.0
92054,2026-01-29,734,64,0.0
92054,2026-01-30,735,65,0.0
92054,2026-01-31,736,66,0.0
92054,2026-02-01,737,67,0.0
92054,2026-02-02,738,68,0.0
92054,2026-02-03,739,69,0.0
92054,2026-02-04,740,70,0.0
92054,2026-02-05,741,71,0.0
92054,2026-02-06,742,72,0.0
92054,2026-02-07,743,73,0.0
92054,2026-02-08,744,74,0.0
92054,2026-02-09,745,75,0.01
92054,2026-02-10,746,76,0.0
92054,2026-02-11,747,77,0.0
92054,2026-02-12,748,78,0.0
92054,2026-02-13,749,79,0.0
92054,2026-02-14,750,80,0.0
92054,2026-02-15,751,81,0.0
92054,2026-02-16,752,82,0.0
92054,2026-02-17,753,83,0.0
92054,2026-02-18,754,84,0.0
92054,2026-02-19,755,85,0.0
92054,2026-02-20,756,86,0.0
92054,2026-02-21,757,87,0.0
92054,2026-02-22,758,88,0.0
92054,2026-02-23,759,89,0.0
92054,2026-02-24,760,90,0.0
92054,2026-02-25,761,91,0.0
92054,2026-02-26,762,92,0.0
92054,2026-02-27,763,93,0.0
92054,2026-02-28,764,94,0.0
92054,2026-03-01,765,95,0.0
92054,2026-03-02,766,96,0.0
92054,2026-03-03,767,97,0.0
92054,2026-03-04,768,98,0.0
92054,2026-03-05,769,99,0.0
92056,2025-11-26,670,0,0.0
92056,2025-11-27,671,1,0.0
92056,2025-11-28,672,2,0.0
92056,2025-11-29,673,3,0.0
92056,2025-11-30,674,4,0.0
92056,2025-12-01,675,5,0.0
92056,2025-12-02,676,6,0.03
92056,2025-12-03,677,7,0.0
92056,2025-12-04,678,8,0.02
92056,2025-12-05,679,9,0.0
92056,2025-12-06,680,10,0.01
92056,2025-12-07,681,11,0.0
92056,2025-12-08,682,12,0.0
92056,2025-12-09,683,13,0.0
92056,2025-12-10,684,14,0.0
92056,2025-12-11,685,15,0.0
92056,2025-12-12,686,16,0.0
92056,2025-12-13,687,17,0.0
92056,2025-12-14,688,18,0.0
92056,2025-12-15,689,19,0.0
92056,2025-12-16,690,20,0.01
92056,2025-12-17,691,21,0.0
92056,2025-12-18,692,22,0.0
92056,2025-12-19,693,23,0.0
92056,2025-12-20,694,24,0.0
92056,2025-12-21,695,25,0.0
92056,2025-12-22,696,26,0.0
92056,2025-12-23,697,27,0.0
92056,2025-12-24,698,28,0.0
92056,2025-12-25,699,29,0.0
92056,2025-12-26,700,30,0.0
92056,2025-12-27,701,31,0.0
92056,2025-12-28,702,32,0.0
92056,2025-12-29,703,33,0.0
92056,2025-12-30,704,34,0.0
92056,2025-12-31,705,35,0.0
92056,2026-01-01,706,36,0.0
92056,2026-01-02,707,37,0.0
92056,2026-01-03,708,38,0.0
92056,2026-01-04,709,39,0.0
92056,2026-01-05,710,40,0.0
92056,2026-01-06,711,41,0.0
92056,2026-01-07,712,42,0.0
92056,2026-01-08,713,43,0.0
92056,2026-01-09,714,44,0.0
92056,2026-01-10,715,45,0.0
92056,2026-01-11,716,46,0.0
92056,2026-01-12,717,47,0.0
92056,2026-01-13,718,48,0.0
92056,2026-01-14,719,49,0.0
92056,2026-01-15,720,50,0.0
92056,2026-01-16,721,51,0.0
92056,2026-01-17,722,52,0.0
92056,2026-01-18,723,53,0.0
92056,2026-01-19,724,54,0.0
92056,2026-01-20,725,55,0.01
92056,2026-01-21,726,56,0.0
92056,2026-01-22,727,57,0.0
92056,2026-01-23,728,58,0.0
92056,2026-01-24,729,59,0.0
92056,2026-01-25,730,60,0.01
92056,2026-01-26,731,61,0.0
92056,2026-01-27,732,62,0.0
92056,2026-01-28,733,63,0.0
92056,2026-01-29,734,64,0.0
92056,2026-01-30,735,65,0.0
92056,2026-01-31,736,66,0.0
92056,2026-02-01,737,67,0.0
92056,2026-02-02,738,68,0.0
92056,2026-02-03,739,69,0.0
92056,2026-02-04,740,70,0.0
92056,2026-02-05,741,71,0.0
92056,2026-02-06,742,72,0.0
92056,2026-02-07,743,73,0.0
92056,2026-02-08,744,74,0.0
92056,2026-02-09,745,75,0.0
92056,2026-02-10,746,76,0.0
92056,2026-02-11,747,77,0.0
92056,2026-02-12,748,78,0.0
92056,2026-02-13,749,79,0.0
92056,2026-02-14,750,80,0.0
92056,2026-02-15,751,81,0.0
92056,2026-02-16,752,82,0.0
92056,2026-02-17,753,83,0.0
92056,2026-02-18,754,84,0.0
92056,2026-02-19,755,85,0.0
92056,2026-02-20,756,86,0.0
92056,2026-02-21,757,87,0.0
92056,2026-02-22,758,88,0.0
92056,2026-02-23,759,89,0.0
92056,2026-02-24,760,90,0.03
92056,2026-02-25,761,91,0.01
92056,2026-02-26,762,92,0.0
92056,2026-02-27,763,93,0.04
92056,2026-02-28,764,94,0.06
92056,2026-03-01,765,95,0.02
92056,2026-03-02,766,96,0.01
92056,2026-03-03,767,97,0.27
92056,2026-03-04,768,98,0.1
92056,2026-03-05,769,99,0.07
92058,2025-11-26,670,0,0.0
92058,2025-11-27,671,1,0.0
92058,2025-11-28,672,2,0.0
92058,2025-11-29,673,3,0.01
92058,2025-11-30,674,4,0.0
92058,2025-12-01,675,5,0.0
92058,2025-12-02,676,6,0.01
92058,2025-12-03,677,7,0.0
92058,2025-12-04,678,8,0.0
92058,2025-12-05,679,9,0.0
92058,2025-12-06,680,10,0.0
92058,2025-12-07,681,11,0.0
92058,2025-12-08,682,12,0.0
92058,2025-12-09,683,13,0.0
92058,2025-12-10,684,14,0.0
92058,2025-12-11,685,15,0.0
92058,2025-12-12,686,16,0.0
92058,2025-12-13,687,17,0.0
92058,2025-12-14,688,18,0.0
92058,2025-12-15,689,19,0.0
92058,2025-12-16,690,20,0.0
92058,2025-12-17,691,21,0.0
92058,2025-12-18,692,22,0.0
92058,2025-12-19,693,23,0.0
92058,2025-12-20,694,24,0.0
92058,2025-12-21,695,25,0.0
92058,2025-12-22,696,26,0.0
92058,2025-12-23,697,27,0.0
92058,2025-12-24,698,28,0.0
92058,2025-12-25,699,29,0.0
92058,2025-12-26,700,30,0.0
92058,2025-12-27,701,31,0.0
92058,2025-12-28,702,32,0.0
92058,2025-12-29,703,33,0.0
92058,2025-12-30,704,34,0.0
92058,2025-12-31,705,35,0.0
92058,2026-01-01,706,36,0.0
92058,2026-01-02,707,37,0.0
92058,2026-01-03,708,38,0.0
92058,2026-01-04,709,39,0.0
92058,2026-01-05,710,40,0.0
92058,2026-01-06,711,41,0.0
92058,2026-01-07,712,42,0.0
92058,2026-01-08,713,43,0.0
92058,2026-01-09,714,44,0.0
92058,2026-01-10,715,45,0.0
92058,2026-01-11,716,46,0.01
92058,2026-01-12,717,47,0.0
92058,2026-01-13,718,48,0.01
92058,2026-01-14,719,49,0.0
92058,2026-01-15,720,50,0.0
92058,2026-01-16,721,51,0.0
92058,2026-01-17,722,52,0.0
92058,2026-01-18,723,53,0.0
92058,2026-01-19,724,54,0.0
92058,2026-01-20,725,55,0.0
92058,2026-01-21,726,56,0.0
92058,2026-01-22,727,57,0.0
92058,2026-01-23,728,58,0.0
92058,2026-01-24,729,59,0.0
92058,2026-01-25,730,60,0.0
92058,2026-01-26,731,61,0.0
92058,2026-01-27,732,62,0.0
92058,2026-01-28,733,63,0.0
92058,2026-01-29,734,64,0.0
92058,2026-01-30,735,65,0.0
92058,2026-01-31,736,66,0.0
92058,2026-02-01,737,67,0.0
92058,2026-02-02,738,68,0.0
92058,2026-02-03,739,69,0.0
92058,2026-02-04,740,70,0.0
92058,2026-02-05,741,71,0.0
92058,2026-02-06,742,72,0.0
92058,2026-02-07,743,73,0.0
92058,2026-02-08,744,74,0.0
92058,2026-02-09,745,75,0.0
92058,2026-02-10,746,76,0.0
92058,2026-02-11,747,77,0.0
92058,2026-02-12,748,78,0.0
92058,2026-02-13,749,79,0.0
92058,2026-02-14,750,80,0.0
92058,2026-02-15,751,81,0.0
92058,2026-02-16,752,82,0.0
92058,2026-02-17,753,83,0.0
92058,2026-02-18,754,84,0.0
92058,2026-02-19,755,85,0.0
92058,2026-02-20,756,86,0.0
92058,2026-02-21,757,87,0.0
92058,2026-02-22,758,88,0.0
92058,2026-02-23,759,89,0.0
92058,2026-02-24,760,90,0.0
92058,2026-02-25,761,91,0.0
92058,2026-02-26,762,92,0.0
92058,2026-02-27,763,93,0.0
92058,2026-02-28,764,94,0.0
92058,2026-03-01,765,95,0.0
92058,2026-03-02,766,96,0.0
92058,2026-03-03,767,97,0.0
92058,2026-03-04,768,98,0.0
92058,2026-03-05,769,99,0.0
9206,2025-11-26,670,0,0.0
9206,2025-11-27,671,1,0.0
9206,2025-11-28,672,2,0.0
9206,2025-11-29,673,3,0.0
9206,2025-11-30,674,4,0.0
9206,2025-12-01,675,5,0.0
9206,2025-12-02,676,6,0.0
9206,2025-12-03,677,7,0.0
9206,2025-12-04,678,8,0.0
9206,2025-12-05,679,9,0.0
9206,2025-12-06,680,10,0.0
9206,2025-12-07,681,11,0.0
9206,2025-12-08,682,12,0.0
9206,2025-12-09,683,13,0.0
9206,2025-12-10,684,14,0.0
9206,2025-12-11,685,15,0.01
9206,2025-12-12,686,16,0.0
9206,2025-12-13,687,17,0.0
9206,2025-12-14,688,18,0.0
9206,2025-12-15,689,19,0.0
9206,2025-12-16,690,20,0.0
9206,2025-12-17,691,21,0.0
9206,2025-12-18,692,22,0.0
9206,2025-12-19,693,23,0.0
9206,2025-12-20,694,24,0.0
9206,2025-12-21,695,25,0.0
9206,2025-12-22,696,26,0.0
9206,2025-12-23,697,27,0.0
9206,2025-12-24,698,28,0.0
9206,2025-12-25,699,29,0.0
9206,2025-12-26,700,30,0.0
9206,2025-12-27,701,31,0.0
9206,2025-12-28,702,32,0.0
9206,2025-12-29,703,33,0.0
9206,2025-12-30,704,34,0.0
9206,2025-12-31,705,35,0.0
9206,2026-01-01,706,36,0.0
9206,2026-01-02,707,37,0.0
9206,2026-01-03,708,38,0.0
9206,2026-01-04,709,39,0.0
9206,2026-01-05,710,40,0.0
9206,2026-01-06,711,41,0.0
9206,2026-01-07,712,42,0.0
9206,2026-01-08,713,43,0.0
9206,2026-01-09,714,44,0.0
9206,2026-01-10,715,45,0.0
9206,2026-01-11,716,46,0.0
9206,2026-01-12,717,47,0.0
9206,2026-01-13,718,48,0.0
9206,2026-01-14,719,49,0.0
9206,2026-01-15,720,50,0.0
9206,2026-01-16,721,51,0.0
9206,2026-01-17,722,52,0.0
9206,2026-01-18,723,53,0.0
9206,2026-01-19,724,54,0.0
9206,2026-01-20,725,55,0.0
9206,2026-01-21,726,56,0.0
9206,2026-01-22,727,57,0.0
9206,2026-01-23,728,58,0.0
9206,2026-01-24,729,59,0.0
9206,2026-01-25,730,60,0.0
9206,2026-01-26,731,61,0.01
9206,2026-01-27,732,62,0.0
9206,2026-01-28,733,63,0.0
9206,2026-01-29,734,64,0.0
9206,2026-01-30,735,65,0.01
9206,2026-01-31,736,66,0.01
9206,2026-02-01,737,67,0.02
9206,2026-02-02,738,68,0.0
9206,2026-02-03,739,69,0.0
9206,2026-02-04,740,70,0.0
9206,2026-02-05,741,71,0.0
9206,2026-02-06,742,72,0.0
9206,2026-02-07,743,73,0.0
9206,2026-02-08,744,74,0.0
9206,2026-02-09,745,75,0.0
9206,2026-02-10,746,76,0.0
9206,2026-02-11,747,77,0.01
9206,2026-02-12,748,78,0.04
9206,2026-02-13,749,79,0.04
9206,2026-02-14,750,80,0.02
9206,2026-02-15,751,81,0.0
9206,2026-02-16,752,82,0.0
9206,2026-02-17,753,83,0.05
9206,2026-02-18,754,84,0.02
9206,2026-02-19,755,85,0.06
9206,2026-02-20,756,86,0.05
9206,2026-02-21,757,87,0.06
9206,2026-02-22,758,88,0.01
9206,2026-02-23,759,89,0.0
9206,2026-02-24,760,90,0.04
9206,2026-02-25,761,91,0.04
9206,2026-02-26,762,92,0.09
9206,2026-02-27,763,93,0.03
9206,2026-02-28,764,94,0.15
9206,2026-03-01,765,95,0.01
9206,2026-03-02,766,96,0.01
9206,2026-03-03,767,97,0.02
9206,2026-03-04,768,98,0.05
9206,2026-03-05,769,99,0.06
92062,2025-11-26,670,0,0.0
92062,2025-11-27,671,1,0.0
92062,2025-11-28,672,2,0.0
92062,2025-11-29,673,3,0.0
92062,2025-11-30,674,4,0.0
92062,2025-12-01,675,5,0.0
92062,2025-12-02,676,6,0.0
92062,2025-12-03,677,7,0.0
92062,2025-12-04,678,8,0.0
92062,2025-12-05,679,9,0.0
92062,2025-12-06,680,10,0.0
92062,2025-12-07,681,11,0.0
92062,2025-12-08,682,12,0.0
92062,2025-12-09,683,13,0.0
92062,2025-12-10,684,14,0.0
92062,2025-12-11,685,15,0.0
92062,2025-12-12,686,16,0.01
92062,2025-12-13,687,17,0.0
92062,2025-12-14,688,18,0.0
92062,2025-12-15,689,19,0.0
92062,2025-12-16,690,20,0.0
92062,2025-12-17,691,21,0.01
92062,2025-12-18,692,22,0.0
92062,2025-12-19,693,23,0.0
92062,2025-12-20,694,24,0.0
92062,2025-12-21,695,25,0.0
92062,2025-12-22,696,26,0.0
92062,2025-12-23,697,27,0.0
92062,2025-12-24,698,28,0.0
92062,2025-12-25,699,29,0.0
92062,2025-12-26,700,30,0.0
92062,2025-12-27,701,31,0.0
92062,2025-12-28,702,32,0.0
92062,2025-12-29,703,33,0.0
92062,2025-12-30,704,34,0.0
92062,2025-12-31,705,35,0.0
92062,2026-01-01,706,36,0.0
92062,2026-01-02,707,37,0.0
92062,2026-01-03,708,38,0.0
92062,2026-01-04,709,39,0.0
92062,2026-01-05,710,40,0.0
92062,2026-01-06,711,41,0.01
92062,2026-01-07,712,42,0.0
92062,2026-01-08,713,43,0.0
92062,2026-01-09,714,44,0.0
92062,2026-01-10,715,45,0.0
92062,2026-01-11,716,46,0.0
92062,2026-01-12,717,47,0.0
92062,2026-01-13,718,48,0.02
92062,2026-01-14,719,49,0.0
92062,2026-01-15,720,50,0.0
92062,2026-01-16,721,51,0.0
92062,2026-01-17,722,52,0.0
92062,2026-01-18,723,53,0.0
92062,2026-01-19,724,54,0.0
92062,2026-01-20,725,55,0.0
92062,2026-01-21,726,56,0.0
92062,2026-01-22,727,57,0.0
92062,2026-01-23,728,58,0.0
92062,2026-01-24,729,59,0.0
92062,2026-01-25,730,60,0.0
92062,2026-01-26,731,61,0.0
92062,2026-01-27,732,62,0.01
92062,2026-01-28,733,63,0.0
92062,2026-01-29,734,64,0.0
92062,2026-01-30,735,65,0.0
92062,2026-01-31,736,66,0.0
92062,2026-02-01,737,67,0.0
92062,2026-02-02,738,68,0.0
92062,2026-02-03,739,69,0.0
92062,2026-02-04,740,70,0.0
92062,2026-02-05,741,71,0.0
92062,2026-02-06,742,72,0.0
92062,2026-02-07,743,73,0.0
92062,2026-02-08,744,74,0.0
92062,2026-02-09,745,75,0.0
92062,2026-02-10,746,76,0.0
92062,2026-02-11,747,77,0.0
92062,2026-02-12,748,78,0.01
92062,2026-02-13,749,79,0.0
92062,2026-02-14,750,80,0.0
92062,2026-02-15,751,81,0.0
92062,2026-02-16,752,82,0.0
92062,2026-02-17,753,83,0.0
92062,2026-02-18,754,84,0.0
92062,2026-02-19,755,85,0.0
92062,2026-02-20,756,86,0.0
92062,2026-02-21,757,87,0.0
92062,2026-02-22,758,88,0.0
92062,2026-02-23,759,89,0.0
92062,2026-02-24,760,90,0.01
92062,2026-02-25,761,91,0.0
92062,2026-02-26,762,92,0.0
92062,2026-02-27,763,93,0.0
92062,2026-02-28,764,94,0.0
92062,2026-03-01,765,95,0.0
92062,2026-03-02,766,96,0.0
92062,2026-03-03,767,97,0.0
92062,2026-03-04,768,98,0.0
92062,2026-03-05,769,99,0.0
92064,2025-11-26,670,0,0.0
92064,2025-11-27,671,1,0.0
92064,2025-11-28,672,2,0.0
92064,2025-11-29,673,3,0.0
92064,2025-11-30,674,4,0.0
92064,2025-12-01,675,5,0.0
92064,2025-12-02,676,6,0.0
92064,2025-12-03,677,7,0.0
92064,2025-12-04,678,8,0.0
92064,2025-12-05,679,9,0.01
92064,2025-12-06,680,10,0.0
92064,2025-12-07,681,11,0.0
92064,2025-12-08,682,12,0.0
92064,2025-12-09,683,13,0.0
92064,2025-12-10,684,14,0.0
92064,2025-12-11,685,15,0.0
92064,2025-12-12,686,16,0.0
92064,2025-12-13,687,17,0.0
92064,2025-12-14,688,18,0.0
92064,2025-12-15,689,19,0.0
92064,2025-12-16,690,20,0.0
92064,2025-12-17,691,21,0.0
92064,2025-12-18,692,22,0.0
92064,2025-12-19,693,23,0.0
92064,2025-12-20,694,24,0.0
92064,2025-12-21,695,25,0.0
92064,2025-12-22,696,26,0.0
92064,2025-12-23,697,27,0.01
92064,2025-12-24,698,28,0.0
92064,2025-12-25,699,29,0.0
92064,2025-12-26,700,30,0.0
92064,2025-12-27,701,31,0.0
92064,2025-12-28,702,32,0.0
92064,2025-12-29,703,33,0.0
92064,2025-12-30,704,34,0.0
92064,2025-12-31,705,35,0.0
92064,2026-01-01,706,36,0.0
92064,2026-01-02,707,37,0.0
92064,2026-01-03,708,38,0.0
92064,2026-01-04,709,39,0.0
92064,2026-01-05,710,40,0.0
92064,2026-01-06,711,41,0.01
92064,2026-01-07,712,42,0.0
92064,2026-01-08,713,43,0.0
92064,2026-01-09,714,44,0.0
92064,2026-01-10,715,45,0.0
92064,2026-01-11,716,46,0.0
92064,2026-01-12,717,47,0.0
92064,2026-01-13,718,48,0.0
92064,2026-01-14,719,49,0.0
92064,2026-01-15,720,50,0.01
92064,2026-01-16,721,51,0.0
92064,2026-01-17,722,52,0.0
92064,2026-01-18,723,53,0.0
92064,2026-01-19,724,54,0.0
92064,2026-01-20,725,55,0.0
92064,2026-01-21,726,56,0.02
92064,2026-01-22,727,57,0.0
92064,2026-01-23,728,58,0.0
92064,2026-01-24,729,59,0.0
92064,2026-01-25,730,60,0.0
92064,2026-01-26,731,61,0.0
92064,2026-01-27,732,62,0.0
92064,2026-01-28,733,63,0.01
92064,2026-01-29,734,64,0.0
92064,2026-01-30,735,65,0.0
92064,2026-01-31,736,66,0.0
92064,2026-02-01,737,67,0.0
92064,2026-02-02,738,68,0.0
92064,2026-02-03,739,69,0.0
92064,2026-02-04,740,70,0.0
92064,2026-02-05,741,71,0.0
92064,2026-02-06,742,72,0.0
92064,2026-02-07,743,73,0.0
92064,2026-02-08,744,74,0.0
92064,2026-02-09,745,75,0.0
92064,2026-02-10,746,76,0.0
92064,2026-02-11,747,77,0.0
92064,2026-02-12,748,78,0.0
92064,2026-02-13,749,79,0.0
92064,2026-02-14,750,80,0.0
92064,2026-02-15,751,81,0.0
92064,2026-02-16,752,82,0.0
92064,2026-02-17,753,83,0.0
92064,2026-02-18,754,84,0.0
92064,2026-02-19,755,85,0.01
92064,2026-02-20,756,86,0.01
92064,2026-02-21,757,87,0.0
92064,2026-02-22,758,88,0.0
92064,2026-02-23,759,89,0.0
92064,2026-02-24,760,90,0.01
92064,2026-02-25,761,91,0.01
92064,2026-02-26,762,92,0.0
92064,2026-02-27,763,93,0.0
92064,2026-02-28,764,94,0.0
92064,2026-03-01,765,95,0.0
92064,2026-03-02,766,96,0.01
92064,2026-03-03,767,97,0.03
92064,2026-03-04,768,98,0.0
92064,2026-03-05,769,99,0.0
92066,2025-11-26,670,0,0.0
92066,2025-11-27,671,1,0.0
92066,2025-11-28,672,2,0.0
92066,2025-11-29,673,3,0.0
92066,2025-11-30,674,4,0.0
92066,2025-12-01,675,5,0.0
92066,2025-12-02,676,6,0.0
92066,2025-12-03,677,7,0.0
92066,2025-12-04,678,8,0.0
92066,2025-12-05,679,9,0.0
92066,2025-12-06,680,10,0.0
92066,2025-12-07,681,11,0.0
92066,2025-12-08,682,12,0.0
92066,2025-12-09,683,13,0.0
92066,2025-12-10,684,14,0.0
92066,2025-12-11,685,15,0.01
92066,2025-12-12,686,16,0.0
92066,2025-12-13,687,17,0.0
92066,2025-12-14,688,18,0.0
92066,2025-12-15,689,19,0.0
92066,2025-12-16,690,20,0.0
92066,2025-12-17,691,21,0.0
92066,2025-12-18,692,22,0.0
92066,2025-12-19,693,23,0.0
92066,2025-12-20,694,24,0.0
92066,2025-12-21,695,25,0.0
92066,2025-12-22,696,26,0.0
92066,2025-12-23,697,27,0.0
92066,2025-12-24,698,28,0.0
92066,2025-12-25,699,29,0.0
92066,2025-12-26,700,30,0.0
92066,2025-12-27,701,31,0.0
92066,2025-12-28,702,32,0.0
92066,2025-12-29,703,33,0.0
92066,2025-12-30,704,34,0.0
92066,2025-12-31,705,35,0.0
92066,2026-01-01,706,36,0.0
92066,2026-01-02,707,37,0.0
92066,2026-01-03,708,38,0.0
92066,2026-01-04,709,39,0.0
92066,2026-01-05,710,40,0.0
92066,2026-01-06,711,41,0.0
92066,2026-01-07,712,42,0.0
92066,2026-01-08,713,43,0.0
92066,2026-01-09,714,44,0.0
92066,2026-01-10,715,45,0.0
92066,2026-01-11,716,46,0.0
92066,2026-01-12,717,47,0.0
92066,2026-01-13,718,48,0.0
92066,2026-01-14,719,49,0.0
92066,2026-01-15,720,50,0.0
92066,2026-01-16,721,51,0.0
92066,2026-01-17,722,52,0.0
92066,2026-01-18,723,53,0.01
92066,2026-01-19,724,54,0.0
92066,2026-01-20,725,55,0.01
92066,2026-01-21,726,56,0.0
92066,2026-01-22,727,57,0.0
92066,2026-01-23,728,58,0.0
92066,2026-01-24,729,59,0.0
92066,2026-01-25,730,60,0.0
92066,2026-01-26,731,61,0.0
92066,2026-01-27,732,62,0.0
92066,2026-01-28,733,63,0.0
92066,2026-01-29,734,64,0.0
92066,2026-01-30,735,65,0.0
92066,2026-01-31,736,66,0.0
92066,2026-02-01,737,67,0.0
92066,2026-02-02,738,68,0.0
92066,2026-02-03,739,69,0.0
92066,2026-02-04,740,70,0.0
92066,2026-02-05,741,71,0.0
92066,2026-02-06,742,72,0.0
92066,2026-02-07,743,73,0.0
92066,2026-02-08,744,74,0.0
92066,2026-02-09,745,75,0.0
92066,2026-02-10,746,76,0.0
92066,2026-02-11,747,77,0.0
92066,2026-02-12,748,78,0.0
92066,2026-02-13,749,79,0.0
92066,2026-02-14,750,80,0.0
92066,2026-02-15,751,81,0.0
92066,2026-02-16,752,82,0.0
92066,2026-02-17,753,83,0.0
92066,2026-02-18,754,84,0.0
92066,2026-02-19,755,85,0.01
92066,2026-02-20,756,86,0.0
92066,2026-02-21,757,87,0.0
92066,2026-02-22,758,88,0.0
92066,2026-02-23,759,89,0.0
92066,2026-02-24,760,90,0.0
92066,2026-02-25,761,91,0.0
92066,2026-02-26,762,92,0.01
92066,2026-02-27,763,93,0.0
92066,2026-02-28,764,94,0.0
92066,2026-03-01,765,95,0.0
92066,2026-03-02,766,96,0.0
92066,2026-03-03,767,97,0.0
92066,2026-03-04,768,98,0.0
92066,2026-03-05,769,99,0.0
9207,2025-11-26,670,0,0.0
9207,2025-11-27,671,1,0.0
9207,2025-11-28,672,2,0.0
9207,2025-11-29,673,3,0.0
9207,2025-11-30,674,4,0.0
9207,2025-12-01,675,5,0.0
9207,2025-12-02,676,6,0.01
9207,2025-12-03,677,7,0.0
9207,2025-12-04,678,8,0.0
9207,2025-12-05,679,9,0.0
9207,2025-12-06,680,10,0.01
9207,2025-12-07,681,11,0.01
9207,2025-12-08,682,12,0.01
9207,2025-12-09,683,13,0.21
9207,2025-12-10,684,14,0.09
9207,2025-12-11,685,15,0.06
9207,2025-12-12,686,16,0.04
9207,2025-12-13,687,17,0.03
9207,2025-12-14,688,18,0.0
9207,2025-12-15,689,19,0.0
9207,2025-12-16,690,20,0.62
9207,2025-12-17,691,21,0.1
9207,2025-12-18,692,22,0.0
9207,2025-12-19,693,23,0.0
9207,2025-12-20,694,24,0.01
9207,2025-12-21,695,25,0.0
9207,2025-12-22,696,26,0.0
9207,2025-12-23,697,27,0.19
9207,2025-12-24,698,28,0.03
9207,2025-12-25,699,29,0.03
9207,2025-12-26,700,30,0.02
9207,2025-12-27,701,31,0.0
9207,2025-12-28,702,32,0.0
9207,2025-12-29,703,33,0.01
9207,2025-12-30,704,34,0.3
9207,2025-12-31,705,35,0.05
9207,2026-01-01,706,36,0.04
9207,2026-01-02,707,37,0.01
9207,2026-01-03,708,38,0.0
9207,2026-01-04,709,39,0.0
9207,2026-01-05,710,40,0.02
9207,2026-01-06,711,41,0.45
9207,2026-01-07,712,42,0.12
9207,2026-01-08,713,43,0.08
9207,2026-01-09,714,44,0.07
9207,2026-01-10,715,45,0.02
9207,2026-01-11,716,46,0.01
9207,2026-01-12,717,47,0.0
9207,2026-01-13,718,48,0.31
9207,2026-01-14,719,49,0.1
9207,2026-01-15,720,50,0.01
9207,2026-01-16,721,51,0.05
9207,2026-01-17,722,52,0.03
9207,2026-01-18,723,53,0.01
9207,2026-01-19,724,54,0.01
9207,2026-01-20,725,55,0.3
9207,2026-01-21,726,56,0.1
9207,2026-01-22,727,57,0.04
9207,2026-01-23,728,58,0.07
9207,2026-01-24,729,59,0.02
9207,2026-01-25,730,60,0.02
9207,2026-01-26,731,61,0.0
9207,2026-01-27,732,62,0.5
9207,2026-01-28,733,63,0.17
9207,2026-01-29,734,64,0.06
9207,2026-01-30,735,65,0.09
9207,2026-01-31,736,66,0.02
9207,2026-02-01,737,67,0.0
9207,2026-02-02,738,68,0.0
9207,2026-02-03,739,69,0.05
9207,2026-02-04,740,70,0.0
9207,2026-02-05,741,71,0.0
9207,2026-02-06,742,72,0.0
9207,2026-02-07,743,73,0.0
9207,2026-02-08,744,74,0.0
9207,2026-02-09,745,75,0.0
9207,2026-02-10,746,76,0.08
9207,2026-02-11,747,77,0.01
9207,2026-02-12,748,78,0.02
9207,2026-02-13,749,79,0.02
9207,2026-02-14,750,80,0.0
9207,2026-02-15,751,81,0.0
9207,2026-02-16,752,82,0.0
9207,2026-02-17,753,83,0.23
9207,2026-02-18,754,84,0.02
9207,2026-02-19,755,85,0.04
9207,2026-02-20,756,86,0.0
9207,2026-02-21,757,87,0.03
9207,2026-02-22,758,88,0.01
9207,2026-02-23,759,89,0.0
9207,2026-02-24,760,90,0.32
9207,2026-02-25,761,91,0.01
9207,2026-02-26,762,92,0.03
9207,2026-02-27,763,93,0.01
9207,2026-02-28,764,94,0.02
9207,2026-03-01,765,95,0.0
9207,2026-03-02,766,96,0.0
9207,2026-03-03,767,97,0.19
9207,2026-03-04,768,98,0.06
9207,2026-03-05,769,99,0.01
92072,2025-11-26,670,0,0.0
92072,2025-11-27,671,1,0.0
92072,2025-11-28,672,2,0.0
92072,2025-11-29,673,3,0.0
92072,2025-11-30,674,4,0.0
92072,2025-12-01,675,5,0.0
92072,2025-12-02,676,6,0.0
92072,2025-12-03,677,7,0.0
92072,2025-12-04,678,8,0.0
92072,2025-12-05,679,9,0.0
92072,2025-12-06,680,10,0.0
92072,2025-12-07,681,11,0.0
92072,2025-12-08,682,12,0.0
92072,2025-12-09,683,13,0.0
92072,2025-12-10,684,14,0.0
92072,2025-12-11,685,15,0.0
92072,2025-12-12,686,16,0.0
92072,2025-12-13,687,17,0.0
92072,2025-12-14,688,18,0.0
92072,2025-12-15,689,19,0.0
92072,2025-12-16,690,20,0.0
92072,2025-12-17,691,21,0.0
92072,2025-12-18,692,22,0.0
92072,2025-12-19,693,23,0.0
92072,2025-12-20,694,24,0.0
92072,2025-12-21,695,25,0.0
92072,2025-12-22,696,26,0.0
92072,2025-12-23,697,27,0.01
92072,2025-12-24,698,28,0.0
92072,2025-12-25,699,29,0.0
92072,2025-12-26,700,30,0.0
92072,2025-12-27,701,31,0.0
92072,2025-12-28,702,32,0.0
92072,2025-12-29,703,33,0.0
92072,2025-12-30,704,34,0.0
92072,2025-12-31,705,35,0.0
92072,2026-01-01,706,36,0.0
92072,2026-01-02,707,37,0.0
92072,2026-01-03,708,38,0.0
92072,2026-01-04,709,39,0.0
92072,2026-01-05,710,40,0.0
92072,2026-01-06,711,41,0.01
92072,2026-01-07,712,42,0.0
92072,2026-01-08,713,43,0.0
92072,2026-01-09,714,44,0.0
92072,2026-01-10,715,45,0.0
92072,2026-01-11,716,46,0.0
92072,2026-01-12,717,47,0.01
92072,2026-01-13,718,48,0.0
92072,2026-01-14,719,49,0.0
92072,2026-01-15,720,50,0.0
92072,2026-01-16,721,51,0.0
92072,2026-01-17,722,52,0.0
92072,2026-01-18,723,53,0.0
92072,2026-01-19,724,54,0.0
92072,2026-01-20,725,55,0.0
92072,2026-01-21,726,56,0.0
92072,2026-01-22,727,57,0.0
92072,2026-01-23,728,58,0.0
92072,2026-01-24,729,59,0.0
92072,2026-01-25,730,60,0.0
92072,2026-01-26,731,61,0.0
92072,2026-01-27,732,62,0.0
92072,2026-01-28,733,63,0.0
92072,2026-01-29,734,64,0.0
92072,2026-01-30,735,65,0.0
92072,2026-01-31,736,66,0.0
92072,2026-02-01,737,67,0.0
92072,2026-02-02,738,68,0.0
92072,2026-02-03,739,69,0.0
92072,2026-02-04,740,70,0.0
92072,2026-02-05,741,71,0.0
92072,2026-02-06,742,72,0.0
92072,2026-02-07,743,73,0.0
92072,2026-02-08,744,74,0.0
92072,2026-02-09,745,75,0.0
92072,2026-02-10,746,76,0.0
92072,2026-02-11,747,77,0.0
92072,2026-02-12,748,78,0.0
92072,2026-02-13,749,79,0.0
92072,2026-02-14,750,80,0.0
92072,2026-02-15,751,81,0.0
92072,2026-02-16,752,82,0.0
92072,2026-02-17,753,83,0.0
92072,2026-02-18,754,84,0.0
92072,2026-02-19,755,85,0.0
92072,2026-02-20,756,86,0.0
92072,2026-02-21,757,87,0.0
92072,2026-02-22,758,88,0.0
92072,2026-02-23,759,89,0.0
92072,2026-02-24,760,90,0.0
92072,2026-02-25,761,91,0.0
92072,2026-02-26,762,92,0.0
92072,2026-02-27,763,93,0.0
92072,2026-02-28,764,94,0.0
92072,2026-03-01,765,95,0.0
92072,2026-03-02,766,96,0.0
92072,2026-03-03,767,97,0.0
92072,2026-03-04,768,98,0.0
92072,2026-03-05,769,99,0.0
92074,2025-11-26,670,0,0.0
92074,2025-11-27,671,1,0.0
92074,2025-11-28,672,2,0.0
92074,2025-11-29,673,3,0.0
92074,2025-11-30,674,4,0.0
92074,2025-12-01,675,5,0.0
92074,2025-12-02,676,6,0.0
92074,2025-12-03,677,7,0.0
92074,2025-12-04,678,8,0.0
92074,2025-12-05,679,9,0.0
92074,2025-12-06,680,10,0.01
92074,2025-12-07,681,11,0.0
92074,2025-12-08,682,12,0.0
92074,2025-12-09,683,13,0.0
92074,2025-12-10,684,14,0.0
92074,2025-12-11,685,15,0.0
92074,2025-12-12,686,16,0.0
92074,2025-12-13,687,17,0.0
92074,2025-12-14,688,18,0.0
92074,2025-12-15,689,19,0.0
92074,2025-12-16,690,20,0.0
92074,2025-12-17,691,21,0.0
92074,2025-12-18,692,22,0.0
92074,2025-12-19,693,23,0.0
92074,2025-12-20,694,24,0.0
92074,2025-12-21,695,25,0.0
92074,2025-12-22,696,26,0.0
92074,2025-12-23,697,27,0.01
92074,2025-12-24,698,28,0.0
92074,2025-12-25,699,29,0.0
92074,2025-12-26,700,30,0.0
92074,2025-12-27,701,31,0.0
92074,2025-12-28,702,32,0.0
92074,2025-12-29,703,33,0.0
92074,2025-12-30,704,34,0.0
92074,2025-12-31,705,35,0.0
92074,2026-01-01,706,36,0.0
92074,2026-01-02,707,37,0.0
92074,2026-01-03,708,38,0.0
92074,2026-01-04,709,39,0.0
92074,2026-01-05,710,40,0.0
92074,2026-01-06,711,41,0.0
92074,2026-01-07,712,42,0.0
92074,2026-01-08,713,43,0.0
92074,2026-01-09,714,44,0.0
92074,2026-01-10,715,45,0.0
92074,2026-01-11,716,46,0.0
92074,2026-01-12,717,47,0.0
92074,2026-01-13,718,48,0.02
92074,2026-01-14,719,49,0.0
92074,2026-01-15,720,50,0.0
92074,2026-01-16,721,51,0.0
92074,2026-01-17,722,52,0.0
92074,2026-01-18,723,53,0.0
92074,2026-01-19,724,54,0.0
92074,2026-01-20,725,55,0.01
92074,2026-01-21,726,56,0.0
92074,2026-01-22,727,57,0.0
92074,2026-01-23,728,58,0.0
92074,2026-01-24,729,59,0.0
92074,2026-01-25,730,60,0.0
92074,2026-01-26,731,61,0.0
92074,2026-01-27,732,62,0.0
92074,2026-01-28,733,63,0.0
92074,2026-01-29,734,64,0.0
92074,2026-01-30,735,65,0.01
92074,2026-01-31,736,66,0.0
92074,2026-02-01,737,67,0.0
92074,2026-02-02,738,68,0.0
92074,2026-02-03,739,69,0.0
92074,2026-02-04,740,70,0.0
92074,2026-02-05,741,71,0.0
92074,2026-02-06,742,72,0.0
92074,2026-02-07,743,73,0.0
92074,2026-02-08,744,74,0.0
92074,2026-02-09,745,75,0.0
92074,2026-02-10,746,76,0.0
92074,2026-02-11,747,77,0.0
92074,2026-02-12,748,78,0.0
92074,2026-02-13,749,79,0.0
92074,2026-02-14,750,80,0.0
92074,2026-02-15,751,81,0.0
92074,2026-02-16,752,82,0.0
92074,2026-02-17,753,83,0.0
92074,2026-02-18,754,84,0.0
92074,2026-02-19,755,85,0.0
92074,2026-02-20,756,86,0.0
92074,2026-02-21,757,87,0.0
92074,2026-02-22,758,88,0.0
92074,2026-02-23,759,89,0.0
92074,2026-02-24,760,90,0.0
92074,2026-02-25,761,91,0.0
92074,2026-02-26,762,92,0.0
92074,2026-02-27,763,93,0.0
92074,2026-02-28,764,94,0.0
92074,2026-03-01,765,95,0.0
92074,2026-03-02,766,96,0.0
92074,2026-03-03,767,97,0.0
92074,2026-03-04,768,98,0.0
92074,2026-03-05,769,99,0.0
92076,2025-11-26,670,0,0.0
92076,2025-11-27,671,1,0.01
92076,2025-11-28,672,2,0.0
92076,2025-11-29,673,3,0.0
92076,2025-11-30,674,4,0.02
92076,2025-12-01,675,5,0.0
92076,2025-12-02,676,6,0.03
92076,2025-12-03,677,7,0.0
92076,2025-12-04,678,8,0.01
92076,2025-12-05,679,9,0.01
92076,2025-12-06,680,10,0.02
92076,2025-12-07,681,11,0.0
92076,2025-12-08,682,12,0.0
92076,2025-12-09,683,13,0.01
92076,2025-12-10,684,14,0.0
92076,2025-12-11,685,15,0.02
92076,2025-12-12,686,16,0.0
92076,2025-12-13,687,17,0.01
92076,2025-12-14,688,18,0.0
92076,2025-12-15,689,19,0.0
92076,2025-12-16,690,20,0.01
92076,2025-12-17,691,21,0.0
92076,2025-12-18,692,22,0.0
92076,2025-12-19,693,23,0.01
92076,2025-12-20,694,24,0.0
92076,2025-12-21,695,25,0.0
92076,2025-12-22,696,26,0.0
92076,2025-12-23,697,27,0.01
92076,2025-12-24,698,28,0.0
92076,2025-12-25,699,29,0.0
92076,2025-12-26,700,30,0.0
92076,2025-12-27,701,31,0.0
92076,2025-12-28,702,32,0.0
92076,2025-12-29,703,33,0.0
92076,2025-12-30,704,34,0.02
92076,2025-12-31,705,35,0.0
92076,2026-01-01,706,36,0.0
92076,2026-01-02,707,37,0.01
92076,2026-01-03,708,38,0.0
92076,2026-01-04,709,39,0.0
92076,2026-01-05,710,40,0.0
92076,2026-01-06,711,41,0.01
92076,2026-01-07,712,42,0.01
92076,2026-01-08,713,43,0.0
92076,2026-01-09,714,44,0.0
92076,2026-01-10,715,45,0.0
92076,2026-01-11,716,46,0.0
92076,2026-01-12,717,47,0.0
92076,2026-01-13,718,48,0.03
92076,2026-01-14,719,49,0.02
92076,2026-01-15,720,50,0.0
92076,2026-01-16,721,51,0.0
92076,2026-01-17,722,52,0.02
92076,2026-01-18,723,53,0.01
92076,2026-01-19,724,54,0.0
92076,2026-01-20,725,55,0.07
92076,2026-01-21,726,56,0.0
92076,2026-01-22,727,57,0.02
92076,2026-01-23,728,58,0.03
92076,2026-01-24,729,59,0.0
92076,2026-01-25,730,60,0.0
92076,2026-01-26,731,61,0.01
92076,2026-01-27,732,62,0.04
92076,2026-01-28,733,63,0.0
92076,2026-01-29,734,64,0.0
92076,2026-01-30,735,65,0.02
92076,2026-01-31,736,66,0.0
92076,2026-02-01,737,67,0.0
92076,2026-02-02,738,68,0.0
92076,2026-02-03,739,69,0.0
92076,2026-02-04,740,70,0.01
92076,2026-02-05,741,71,0.0
92076,2026-02-06,742,72,0.0
92076,2026-02-07,743,73,0.0
92076,2026-02-08,744,74,0.0
92076,2026-02-09,745,75,0.0
92076,2026-02-10,746,76,0.0
92076,2026-02-11,747,77,0.0
92076,2026-02-12,748,78,0.01
92076,2026-02-13,749,79,0.0
92076,2026-02-14,750,80,0.0
92076,2026-02-15,751,81,0.01
92076,2026-02-16,752,82,0.0
92076,2026-02-17,753,83,0.0
92076,2026-02-18,754,84,0.0
92076,2026-02-19,755,85,0.0
92076,2026-02-20,756,86,0.0
92076,2026-02-21,757,87,0.0
92076,2026-02-22,758,88,0.0
92076,2026-02-23,759,89,0.0
92076,2026-02-24,760,90,0.0
92076,2026-02-25,761,91,0.0
92076,2026-02-26,762,92,0.0
92076,2026-02-27,763,93,0.0
92076,2026-02-28,764,94,0.0
92076,2026-03-01,765,95,0.01
92076,2026-03-02,766,96,0.0
92076,2026-03-03,767,97,0.0
92076,2026-03-04,768,98,0.0
92076,2026-03-05,769,99,0.01
92078,2025-11-26,670,0,0.0
92078,2025-11-27,671,1,0.0
92078,2025-11-28,672,2,0.01
92078,2025-11-29,673,3,0.0
92078,2025-11-30,674,4,0.0
92078,2025-12-01,675,5,0.0
92078,2025-12-02,676,6,0.1
92078,2025-12-03,677,7,0.02
92078,2025-12-04,678,8,0.03
92078,2025-12-05,679,9,0.04
92078,2025-12-06,680,10,0.02
92078,2025-12-07,681,11,0.0
92078,2025-12-08,682,12,0.0
92078,2025-12-09,683,13,0.0
92078,2025-12-10,684,14,0.0
92078,2025-12-11,685,15,0.0
92078,2025-12-12,686,16,0.0
92078,2025-12-13,687,17,0.0
92078,2025-12-14,688,18,0.0
92078,2025-12-15,689,19,0.0
92078,2025-12-16,690,20,0.0
92078,2025-12-17,691,21,0.0
92078,2025-12-18,692,22,0.0
92078,2025-12-19,693,23,0.0
92078,2025-12-20,694,24,0.0
92078,2025-12-21,695,25,0.0
92078,2025-12-22,696,26,0.0
92078,2025-12-23,697,27,0.0
92078,2025-12-24,698,28,0.0
92078,2025-12-25,699,29,0.0
92078,2025-12-26,700,30,0.0
92078,2025-12-27,701,31,0.0
92078,2025-12-28,702,32,0.0
92078,2025-12-29,703,33,0.0
92078,2025-12-30,704,34,0.0
92078,2025-12-31,705,35,0.0
92078,2026-01-01,706,36,0.0
92078,2026-01-02,707,37,0.0
92078,2026-01-03,708,38,0.0
92078,2026-01-04,709,39,0.0
92078,2026-01-05,710,40,0.0
92078,2026-01-06,711,41,0.0
92078,2026-01-07,712,42,0.0
92078,2026-01-08,713,43,0.0
92078,2026-01-09,714,44,0.0
92078,2026-01-10,715,45,0.0
92078,2026-01-11,716,46,0.0
92078,2026-01-12,717,47,0.0
92078,2026-01-13,718,48,0.0
92078,2026-01-14,719,49,0.0
92078,2026-01-15,720,50,0.0
92078,2026-01-16,721,51,0.0
92078,2026-01-17,722,52,0.0
92078,2026-01-18,723,53,0.0
92078,2026-01-19,724,54,0.0
92078,2026-01-20,725,55,0.0
92078,2026-01-21,726,56,0.0
92078,2026-01-22,727,57,0.0
92078,2026-01-23,728,58,0.0
92078,2026-01-24,729,59,0.0
92078,2026-01-25,730,60,0.0
92078,2026-01-26,731,61,0.0
92078,2026-01-27,732,62,0.0
92078,2026-01-28,733,63,0.0
92078,2026-01-29,734,64,0.0
92078,2026-01-30,735,65,0.0
92078,2026-01-31,736,66,0.0
92078,2026-02-01,737,67,0.0
92078,2026-02-02,738,68,0.0
92078,2026-02-03,739,69,0.0
92078,2026-02-04,740,70,0.0
92078,2026-02-05,741,71,0.0
92078,2026-02-06,742,72,0.0
92078,2026-02-07,743,73,0.0
92078,2026-02-08,744,74,0.0
92078,2026-02-09,745,75,0.0
92078,2026-02-10,746,76,0.0
92078,2026-02-11,747,77,0.0
92078,2026-02-12,748,78,0.0
92078,2026-02-13,749,79,0.0
92078,2026-02-14,750,80,0.0
92078,2026-02-15,751,81,0.0
92078,2026-02-16,752,82,0.0
92078,2026-02-17,753,83,0.0
92078,2026-02-18,754,84,0.0
92078,2026-02-19,755,85,0.0
92078,2026-02-20,756,86,0.0
92078,2026-02-21,757,87,0.0
92078,2026-02-22,758,88,0.0
92078,2026-02-23,759,89,0.0
92078,2026-02-24,760,90,0.0
92078,2026-02-25,761,91,0.01
92078,2026-02-26,762,92,0.0
92078,2026-02-27,763,93,0.01
92078,2026-02-28,764,94,0.0
92078,2026-03-01,765,95,0.0
92078,2026-03-02,766,96,0.0
92078,2026-03-03,767,97,0.0
92078,2026-03-04,768,98,0.0
92078,2026-03-05,769,99,0.0
9208,2025-11-26,670,0,0.0
9208,2025-11-27,671,1,0.0
9208,2025-11-28,672,2,0.0
9208,2025-11-29,673,3,0.0
9208,2025-11-30,674,4,0.02
9208,2025-12-01,675,5,0.0
9208,2025-12-02,676,6,0.09
9208,2025-12-03,677,7,0.03
9208,2025-12-04,678,8,0.01
9208,2025-12-05,679,9,0.04
9208,2025-12-06,680,10,0.04
9208,2025-12-07,681,11,0.0
9208,2025-12-08,682,12,0.01
9208,2025-12-09,683,13,0.03
9208,2025-12-10,684,14,0.01
9208,2025-12-11,685,15,0.0
9208,2025-12-12,686,16,0.0
9208,2025-12-13,687,17,0.0
9208,2025-12-14,688,18,0.0
9208,2025-12-15,689,19,0.0
9208,2025-12-16,690,20,0.0
9208,2025-12-17,691,21,0.01
9208,2025-12-18,692,22,0.0
9208,2025-12-19,693,23,0.0
9208,2025-12-20,694,24,0.0
9208,2025-12-21,695,25,0.0
9208,2025-12-22,696,26,0.0
9208,2025-12-23,697,27,0.0
9208,2025-12-24,698,28,0.0
9208,2025-12-25,699,29,0.0
9208,2025-12-26,700,30,0.0
9208,2025-12-27,701,31,0.0
9208,2025-12-28,702,32,0.0
9208,2025-12-29,703,33,0.0
9208,2025-12-30,704,34,0.0
9208,2025-12-31,705,35,0.0
9208,2026-01-01,706,36,0.0
9208,2026-01-02,707,37,0.0
9208,2026-01-03,708,38,0.0
9208,2026-01-04,709,39,0.0
9208,2026-01-05,710,40,0.01
9208,2026-01-06,711,41,0.0
9208,2026-01-07,712,42,0.0
9208,2026-01-08,713,43,0.0
9208,2026-01-09,714,44,0.0
9208,2026-01-10,715,45,0.0
9208,2026-01-11,716,46,0.0
9208,2026-01-12,717,47,0.0
9208,2026-01-13,718,48,0.0
9208,2026-01-14,719,49,0.0
9208,2026-01-15,720,50,0.0
9208,2026-01-16,721,51,0.0
9208,2026-01-17,722,52,0.0
9208,2026-01-18,723,53,0.0
9208,2026-01-19,724,54,0.0
9208,2026-01-20,725,55,0.0
9208,2026-01-21,726,56,0.0
9208,2026-01-22,727,57,0.0
9208,2026-01-23,728,58,0.0
9208,2026-01-24,729,59,0.0
9208,2026-01-25,730,60,0.0
9208,2026-01-26,731,61,0.0
9208,2026-01-27,732,62,0.0
9208,2026-01-28,733,63,0.0
9208,2026-01-29,734,64,0.0
9208,2026-01-30,735,65,0.0
9208,2026-01-31,736,66,0.0
9208,2026-02-01,737,67,0.0
9208,2026-02-02,738,68,0.0
9208,2026-02-03,739,69,0.0
9208,2026-02-04,740,70,0.0
9208,2026-02-05,741,71,0.0
9208,2026-02-06,742,72,0.0
9208,2026-02-07,743,73,0.0
9208,2026-02-08,744,74,0.0
9208,2026-02-09,745,75,0.0
9208,2026-02-10,746,76,0.0
9208,2026-02-11,747,77,0.0
9208,2026-02-12,748,78,0.0
9208,2026-02-13,749,79,0.01
9208,2026-02-14,750,80,0.0
9208,2026-02-15,751,81,0.0
9208,2026-02-16,752,82,0.0
9208,2026-02-17,753,83,0.0
9208,2026-02-18,754,84,0.0
9208,2026-02-19,755,85,0.0
9208,2026-02-20,756,86,0.0
9208,2026-02-21,757,87,0.0
9208,2026-02-22,758,88,0.0
9208,2026-02-23,759,89,0.0
9208,2026-02-24,760,90,0.0
9208,2026-02-25,761,91,0.0
9208,2026-02-26,762,92,0.0
9208,2026-02-27,763,93,0.0
9208,2026-02-28,764,94,0.0
9208,2026-03-01,765,95,0.0
9208,2026-03-02,766,96,0.0
9208,2026-03-03,767,97,0.0
9208,2026-03-04,768,98,0.0
9208,2026-03-05,769,99,0.0
92082,2025-11-26,670,0,0.27
92082,2025-11-27,671,1,0.11
92082,2025-11-28,672,2,0.07
92082,2025-11-29,673,3,0.06
92082,2025-11-30,674,4,0.0
92082,2025-12-01,675,5,0.01
92082,2025-12-02,676,6,0.38
92082,2025-12-03,677,7,0.15
92082,2025-12-04,678,8,0.08
92082,2025-12-05,679,9,0.02
92082,2025-12-06,680,10,0.0
92082,2025-12-07,681,11,0.0
92082,2025-12-08,682,12,0.0
92082,2025-12-09,683,13,0.03
92082,2025-12-10,684,14,0.01
92082,2025-12-11,685,15,0.01
92082,2025-12-12,686,16,0.0
92082,2025-12-13,687,17,0.0
92082,2025-12-14,688,18,0.0
92082,2025-12-15,689,19,0.0
92082,2025-12-16,690,20,0.0
92082,2025-12-17,691,21,0.0
92082,2025-12-18,692,22,0.0
92082,2025-12-19,693,23,0.0
92082,2025-12-20,694,24,0.0
92082,2025-12-21,695,25,0.0
92082,2025-12-22,696,26,0.0
92082,2025-12-23,697,27,0.0
92082,2025-12-24,698,28,0.0
92082,2025-12-25,699,29,0.0
92082,2025-12-26,700,30,0.0
92082,2025-12-27,701,31,0.0
92082,2025-12-28,702,32,0.0
92082,2025-12-29,703,33,0.0
92082,2025-12-30,704,34,0.0
92082,2025-12-31,705,35,0.0
92082,2026-01-01,706,36,0.0
92082,2026-01-02,707,37,0.0
92082,2026-01-03,708,38,0.0
92082,2026-01-04,709,39,0.0
92082,2026-01-05,710,40,0.0
92082,2026-01-06,711,41,0.0
92082,2026-01-07,712,42,0.0
92082,2026-01-08,713,43,0.0
92082,2026-01-09,714,44,0.0
92082,2026-01-10,715,45,0.0
92082,2026-01-11,716,46,0.0
92082,2026-01-12,717,47,0.0
92082,2026-01-13,718,48,0.0
92082,2026-01-14,719,49,0.0
92082,2026-01-15,720,50,0.0
92082,2026-01-16,721,51,0.0
92082,2026-01-17,722,52,0.0
92082,2026-01-18,723,53,0.0
92082,2026-01-19,724,54,0.0
92082,2026-01-20,725,55,0.0
92082,2026-01-21,726,56,0.0
92082,2026-01-22,727,57,0.0
92082,2026-01-23,728,58,0.0
92082,2026-01-24,729,59,0.0
92082,2026-01-25,730,60,0.0
92082,2026-01-26,731,61,0.0
92082,2026-01-27,732,62,0.01
92082,2026-01-28,733,63,0.0
92082,2026-01-29,734,64,0.0
92082,2026-01-30,735,65,0.0
92082,2026-01-31,736,66,0.0
92082,2026-02-01,737,67,0.0
92082,2026-02-02,738,68,0.0
92082,2026-02-03,739,69,0.0
92082,2026-02-04,740,70,0.0
92082,2026-02-05,741,71,0.0
92082,2026-02-06,742,72,0.0
92082,2026-02-07,743,73,0.0
92082,2026-02-08,744,74,0.0
92082,2026-02-09,745,75,0.0
92082,2026-02-10,746,76,0.0
92082,2026-02-11,747,77,0.0
92082,2026-02-12,748,78,0.0
92082,2026-02-13,749,79,0.0
92082,2026-02-14,750,80,0.0
92082,2026-02-15,751,81,0.0
92082,2026-02-16,752,82,0.01
92082,2026-02-17,753,83,0.0
92082,2026-02-18,754,84,0.0
92082,2026-02-19,755,85,0.0
92082,2026-02-20,756,86,0.0
92082,2026-02-21,757,87,0.0
92082,2026-02-22,758,88,0.0
92082,2026-02-23,759,89,0.0
92082,2026-02-24,760,90,0.0
92082,2026-02-25,761,91,0.0
92082,2026-02-26,762,92,0.0
92082,2026-02-27,763,93,0.0
92082,2026-02-28,764,94,0.0
92082,2026-03-01,765,95,0.0
92082,2026-03-02,766,96,0.0
92082,2026-03-03,767,97,0.0
92082,2026-03-04,768,98,0.0
92082,2026-03-05,769,99,0.0
92084,2025-11-26,670,0,0.0
92084,2025-11-27,671,1,0.01
92084,2025-11-28,672,2,0.0
92084,2025-11-29,673,3,0.0
92084,2025-11-30,674,4,0.0
92084,2025-12-01,675,5,0.0
92084,2025-12-02,676,6,0.01
92084,2025-12-03,677,7,0.0
92084,2025-12-04,678,8,0.0
92084,2025-12-05,679,9,0.0
92084,2025-12-06,680,10,0.0
92084,2025-12-07,681,11,0.0
92084,2025-12-08,682,12,0.0
92084,2025-12-09,683,13,0.0
92084,2025-12-10,684,14,0.0
92084,2025-12-11,685,15,0.0
92084,2025-12-12,686,16,0.0
92084,2025-12-13,687,17,0.0
92084,2025-12-14,688,18,0.0
92084,2025-12-15,689,19,0.0
92084,2025-12-16,690,20,0.0
92084,2025-12-17,691,21,0.0
92084,2025-12-18,692,22,0.0
92084,2025-12-19,693,23,0.0
92084,2025-12-20,694,24,0.0
92084,2025-12-21,695,25,0.0
92084,2025-12-22,696,26,0.0
92084,2025-12-23,697,27,0.0
92084,2025-12-24,698,28,0.0
92084,2025-12-25,699,29,0.0
92084,2025-12-26,700,30,0.0
92084,2025-12-27,701,31,0.0
92084,2025-12-28,702,32,0.0
92084,2025-12-29,703,33,0.0
92084,2025-12-30,704,34,0.0
92084,2025-12-31,705,35,0.0
92084,2026-01-01,706,36,0.0
92084,2026-01-02,707,37,0.0
92084,2026-01-03,708,38,0.0
92084,2026-01-04,709,39,0.0
92084,2026-01-05,710,40,0.0
92084,2026-01-06,711,41,0.0
92084,2026-01-07,712,42,0.0
92084,2026-01-08,713,43,0.0
92084,2026-01-09,714,44,0.0
92084,2026-01-10,715,45,0.0
92084,2026-01-11,716,46,0.0
92084,2026-01-12,717,47,0.0
92084,2026-01-13,718,48,0.0
92084,2026-01-14,719,49,0.0
92084,2026-01-15,720,50,0.0
92084,2026-01-16,721,51,0.0
92084,2026-01-17,722,52,0.0
92084,2026-01-18,723,53,0.0
92084,2026-01-19,724,54,0.0
92084,2026-01-20,725,55,0.01
92084,2026-01-21,726,56,0.0
92084,2026-01-22,727,57,0.0
92084,2026-01-23,728,58,0.0
92084,2026-01-24,729,59,0.0
92084,2026-01-25,730,60,0.0
92084,2026-01-26,731,61,0.0
92084,2026-01-27,732,62,0.0
92084,2026-01-28,733,63,0.0
92084,2026-01-29,734,64,0.0
92084,2026-01-30,735,65,0.0
92084,2026-01-31,736,66,0.0
92084,2026-02-01,737,67,0.0
92084,2026-02-02,738,68,0.0
92084,2026-02-03,739,69,0.0
92084,2026-02-04,740,70,0.0
92084,2026-02-05,741,71,0.01
92084,2026-02-06,742,72,0.0
92084,2026-02-07,743,73,0.0
92084,2026-02-08,744,74,0.0
92084,2026-02-09,745,75,0.0
92084,2026-02-10,746,76,0.0
92084,2026-02-11,747,77,0.0
92084,2026-02-12,748,78,0.0
92084,2026-02-13,749,79,0.0
92084,2026-02-14,750,80,0.0
92084,2026-02-15,751,81,0.0
92084,2026-02-16,752,82,0.0
92084,2026-02-17,753,83,0.0
92084,2026-02-18,754,84,0.0
92084,2026-02-19,755,85,0.0
92084,2026-02-20,756,86,0.0
92084,2026-02-21,757,87,0.0
92084,2026-02-22,758,88,0.0
92084,2026-02-23,759,89,0.0
92084,2026-02-24,760,90,0.0
92084,2026-02-25,761,91,0.0
92084,2026-02-26,762,92,0.0
92084,2026-02-27,763,93,0.0
92084,2026-02-28,764,94,0.0
92084,2026-03-01,765,95,0.0
92084,2026-03-02,766,96,0.0
92084,2026-03-03,767,97,0.0
92084,2026-03-04,768,98,0.0
92084,2026-03-05,769,99,0.0
92086,2025-11-26,670,0,0.0
92086,2025-11-27,671,1,0.0
92086,2025-11-28,672,2,0.0
92086,2025-11-29,673,3,0.0
92086,2025-11-30,674,4,0.0
92086,2025-12-01,675,5,0.0
92086,2025-12-02,676,6,0.01
92086,2025-12-03,677,7,0.0
92086,2025-12-04,678,8,0.0
92086,2025-12-05,679,9,0.0
92086,2025-12-06,680,10,0.0
92086,2025-12-07,681,11,0.0
92086,2025-12-08,682,12,0.0
92086,2025-12-09,683,13,0.0
92086,2025-12-10,684,14,0.0
92086,2025-12-11,685,15,0.01
92086,2025-12-12,686,16,0.0
92086,2025-12-13,687,17,0.0
92086,2025-12-14,688,18,0.0
92086,2025-12-15,689,19,0.0
92086,2025-12-16,690,20,0.0
92086,2025-12-17,691,21,0.0
92086,2025-12-18,692,22,0.0
92086,2025-12-19,693,23,0.0
92086,2025-12-20,694,24,0.0
92086,2025-12-21,695,25,0.0
92086,2025-12-22,696,26,0.0
92086,2025-12-23,697,27,0.0
92086,2025-12-24,698,28,0.0
92086,2025-12-25,699,29,0.0
92086,2025-12-26,700,30,0.0
92086,2025-12-27,701,31,0.0
92086,2025-12-28,702,32,0.0
92086,2025-12-29,703,33,0.0
92086,2025-12-30,704,34,0.0
92086,2025-12-31,705,35,0.0
92086,2026-01-01,706,36,0.0
92086,2026-01-02,707,37,0.0
92086,2026-01-03,708,38,0.0
92086,2026-01-04,709,39,0.0
92086,2026-01-05,710,40,0.0
92086,2026-01-06,711,41,0.02
92086,2026-01-07,712,42,0.0
92086,2026-01-08,713,43,0.0
92086,2026-01-09,714,44,0.0
92086,2026-01-10,715,45,0.01
92086,2026-01-11,716,46,0.0
92086,2026-01-12,717,47,0.0
92086,2026-01-13,718,48,0.0
92086,2026-01-14,719,49,0.0
92086,2026-01-15,720,50,0.0
92086,2026-01-16,721,51,0.01
92086,2026-01-17,722,52,0.0
92086,2026-01-18,723,53,0.0
92086,2026-01-19,724,54,0.0
92086,2026-01-20,725,55,0.0
92086,2026-01-21,726,56,0.0
92086,2026-01-22,727,57,0.0
92086,2026-01-23,728,58,0.0
92086,2026-01-24,729,59,0.0
92086,2026-01-25,730,60,0.0
92086,2026-01-26,731,61,0.0
92086,2026-01-27,732,62,0.0
92086,2026-01-28,733,63,0.01
92086,2026-01-29,734,64,0.0
92086,2026-01-30,735,65,0.01
92086,2026-01-31,736,66,0.0
92086,2026-02-01,737,67,0.0
92086,2026-02-02,738,68,0.0
92086,2026-02-03,739,69,0.0
92086,2026-02-04,740,70,0.0
92086,2026-02-05,741,71,0.0
92086,2026-02-06,742,72,0.0
92086,2026-02-07,743,73,0.0
92086,2026-02-08,744,74,0.01
92086,2026-02-09,745,75,0.0
92086,2026-02-10,746,76,0.0
92086,2026-02-11,747,77,0.0
92086,2026-02-12,748,78,0.0
92086,2026-02-13,749,79,0.0
92086,2026-02-14,750,80,0.0
92086,2026-02-15,751,81,0.0
92086,2026-02-16,752,82,0.0
92086,2026-02-17,753,83,0.0
92086,2026-02-18,754,84,0.0
92086,2026-02-19,755,85,0.0
92086,2026-02-20,756,86,0.0
92086,2026-02-21,757,87,0.0
92086,2026-02-22,758,88,0.0
92086,2026-02-23,759,89,0.0
92086,2026-02-24,760,90,0.0
92086,2026-02-25,761,91,0.0
92086,2026-02-26,762,92,0.0
92086,2026-02-27,763,93,0.0
92086,2026-02-28,764,94,0.0
92086,2026-03-01,765,95,0.0
92086,2026-03-02,766,96,0.0
92086,2026-03-03,767,97,0.0
92086,2026-03-04,768,98,0.0
92086,2026-03-05,769,99,0.0
92088,2025-11-26,670,0,0.0
92088,2025-11-27,671,1,0.0
92088,2025-11-28,672,2,0.0
92088,2025-11-29,673,3,0.0
92088,2025-11-30,674,4,0.0
92088,2025-12-01,675,5,0.0
92088,2025-12-02,676,6,0.0
92088,2025-12-03,677,7,0.0
92088,2025-12-04,678,8,0.0
92088,2025-12-05,679,9,0.0
92088,2025-12-06,680,10,0.0
92088,2025-12-07,681,11,0.0
92088,2025-12-08,682,12,0.0
92088,2025-12-09,683,13,0.01
92088,2025-12-10,684,14,0.0
92088,2025-12-11,685,15,0.0
92088,2025-12-12,686,16,0.0
92088,2025-12-13,687,17,0.0
92088,2025-12-14,688,18,0.0
92088,2025-12-15,689,19,0.0
92088,2025-12-16,690,20,0.01
92088,2025-12-17,691,21,0.0
92088,2025-12-18,692,22,0.0
92088,2025-12-19,693,23,0.0
92088,2025-12-20,694,24,0.0
92088,2025-12-21,695,25,0.0
92088,2025-12-22,696,26,0.0
92088,2025-12-23,697,27,0.0
92088,2025-12-24,698,28,0.0
92088,2025-12-25,699,29,0.0
92088,2025-12-26,700,30,0.0
92088,2025-12-27,701,31,0.0
92088,2025-12-28,702,32,0.0
92088,2025-12-29,703,33,0.0
92088,2025-12-30,704,34,0.0
92088,2025-12-31,705,35,0.0
92088,2026-01-01,706,36,0.0
92088,2026-01-02,707,37,0.0
92088,2026-01-03,708,38,0.0
92088,2026-01-04,709,39,0.0
92088,2026-01-05,710,40,0.0
92088,2026-01-06,711,41,0.0
92088,2026-01-07,712,42,0.0
92088,2026-01-08,713,43,0.0
92088,2026-01-09,714,44,0.0
92088,2026-01-10,715,45,0.0
92088,2026-01-11,716,46,0.0
92088,2026-01-12,717,47,0.0
92088,2026-01-13,718,48,0.0
92088,2026-01-14,719,49,0.0
92088,2026-01-15,720,50,0.0
92088,2026-01-16,721,51,0.0
92088,2026-01-17,722,52,0.0
92088,2026-01-18,723,53,0.0
92088,2026-01-19,724,54,0.0
92088,2026-01-20,725,55,0.0
92088,2026-01-21,726,56,0.01
92088,2026-01-22,727,57,0.0
92088,2026-01-23,728,58,0.0
92088,2026-01-24,729,59,0.0
92088,2026-01-25,730,60,0.0
92088,2026-01-26,731,61,0.0
92088,2026-01-27,732,62,0.0
92088,2026-01-28,733,63,0.0
92088,2026-01-29,734,64,0.01
92088,2026-01-30,735,65,0.0
92088,2026-01-31,736,66,0.0
92088,2026-02-01,737,67,0.01
92088,2026-02-02,738,68,0.0
92088,2026-02-03,739,69,0.0
92088,2026-02-04,740,70,0.0
92088,2026-02-05,741,71,0.0
92088,2026-02-06,742,72,0.0
92088,2026-02-07,743,73,0.0
92088,2026-02-08,744,74,0.0
92088,2026-02-09,745,75,0.0
92088,2026-02-10,746,76,0.0
92088,2026-02-11,747,77,0.0
92088,2026-02-12,748,78,0.0
92088,2026-02-13,749,79,0.0
92088,2026-02-14,750,80,0.0
92088,2026-02-15,751,81,0.0
92088,2026-02-16,752,82,0.0
92088,2026-02-17,753,83,0.0
92088,2026-02-18,754,84,0.0
92088,2026-02-19,755,85,0.0
92088,2026-02-20,756,86,0.0
92088,2026-02-21,757,87,0.0
92088,2026-02-22,758,88,0.0
92088,2026-02-23,759,89,0.0
92088,2026-02-24,760,90,0.0
92088,2026-02-25,761,91,0.0
92088,2026-02-26,762,92,0.0
92088,2026-02-27,763,93,0.0
92088,2026-02-28,764,94,0.0
92088,2026-03-01,765,95,0.0
92088,2026-03-02,766,96,0.0
92088,2026-03-03,767,97,0.01
92088,2026-03-04,768,98,0.0
92088,2026-03-05,769,99,0.01
9209,2025-11-26,670,0,0.02
9209,2025-11-27,671,1,0.01
9209,2025-11-28,672,2,0.0
9209,2025-11-29,673,3,0.0
9209,2025-11-30,674,4,0.02
9209,2025-12-01,675,5,0.0
9209,2025-12-02,676,6,0.46
9209,2025-12-03,677,7,0.15
9209,2025-12-04,678,8,0.06
9209,2025-12-05,679,9,0.06
9209,2025-12-06,680,10,0.01
9209,2025-12-07,681,11,0.02
9209,2025-12-08,682,12,0.02
9209,2025-12-09,683,13,0.06
9209,2025-12-10,684,14,0.01
9209,2025-12-11,685,15,0.02
9209,2025-12-12,686,16,0.01
9209,2025-12-13,687,17,0.01
9209,2025-12-14,688,18,0.0
9209,2025-12-15,689,19,0.0
9209,2025-12-16,690,20,0.0
9209,2025-12-17,691,21,0.0
9209,2025-12-18,692,22,0.0
9209,2025-12-19,693,23,0.01
9209,2025-12-20,694,24,0.0
9209,2025-12-21,695,25,0.0
9209,2025-12-22,696,26,0.0
9209,2025-12-23,697,27,0.0
9209,2025-12-24,698,28,0.0
9209,2025-12-25,699,29,0.0
9209,2025-12-26,700,30,0.0
9209,2025-12-27,701,31,0.0
9209,2025-12-28,702,32,0.0
9209,2025-12-29,703,33,0.0
9209,2025-12-30,704,34,0.01
9209,2025-12-31,705,35,0.0
9209,2026-01-01,706,36,0.01
9209,2026-01-02,707,37,0.0
9209,2026-01-03,708,38,0.0
9209,2026-01-04,709,39,0.0
9209,2026-01-05,710,40,0.0
9209,2026-01-06,711,41,0.0
9209,2026-01-07,712,42,0.0
9209,2026-01-08,713,43,0.01
9209,2026-01-09,714,44,0.02
9209,2026-01-10,715,45,0.02
9209,2026-01-11,716,46,0.03
9209,2026-01-12,717,47,0.01
9209,2026-01-13,718,48,0.27
9209,2026-01-14,719,49,0.1
9209,2026-01-15,720,50,0.14
9209,2026-01-16,721,51,0.23
9209,2026-01-17,722,52,0.04
9209,2026-01-18,723,53,0.02
9209,2026-01-19,724,54,0.02
9209,2026-01-20,725,55,0.16
9209,2026-01-21,726,56,0.08
9209,2026-01-22,727,57,0.07
9209,2026-01-23,728,58,0.05
9209,2026-01-24,729,59,0.04
9209,2026-01-25,730,60,0.01
9209,2026-01-26,731,61,0.01
9209,2026-01-27,732,62,0.13
9209,2026-01-28,733,63,0.06
9209,2026-01-29,734,64,0.07
9209,2026-01-30,735,65,0.02
9209,2026-01-31,736,66,0.01
9209,2026-02-01,737,67,0.01
9209,2026-02-02,738,68,0.0
9209,2026-02-03,739,69,0.1
9209,2026-02-04,740,70,0.01
9209,2026-02-05,741,71,0.03
9209,2026-02-06,742,72,0.03
9209,2026-02-07,743,73,0.0
9209,2026-02-08,744,74,0.0
9209,2026-02-09,745,75,0.0
9209,2026-02-10,746,76,0.4
9209,2026-02-11,747,77,0.03
9209,2026-02-12,748,78,0.04
9209,2026-02-13,749,79,0.04
9209,2026-02-14,750,80,0.01
9209,2026-02-15,751,81,0.0
9209,2026-02-16,752,82,0.0
9209,2026-02-17,753,83,0.42
9209,2026-02-18,754,84,0.04
9209,2026-02-19,755,85,0.09
9209,2026-02-20,756,86,0.07
9209,2026-02-21,757,87,0.01
9209,2026-02-22,758,88,0.0
9209,2026-02-23,759,89,0.0
9209,2026-02-24,760,90,0.19
9209,2026-02-25,761,91,0.07
9209,2026-02-26,762,92,0.09
9209,2026-02-27,763,93,0.05
9209,2026-02-28,764,94,0.02
9209,2026-03-01,765,95,0.0
9209,2026-03-02,766,96,0.01
9209,2026-03-03,767,97,0.05
9209,2026-03-04,768,98,0.08
9209,2026-03-05,769,99,0.0
92092,2025-11-26,670,0,0.0
92092,2025-11-27,671,1,0.0
92092,2025-11-28,672,2,0.0
92092,2025-11-29,673,3,0.01
92092,2025-11-30,674,4,0.0
92092,2025-12-01,675,5,0.0
92092,2025-12-02,676,6,0.1
92092,2025-12-03,677,7,0.1
92092,2025-12-04,678,8,0.14
92092,2025-12-05,679,9,0.16
92092,2025-12-06,680,10,0.03
92092,2025-12-07,681,11,0.0
92092,2025-12-08,682,12,0.0
92092,2025-12-09,683,13,0.03
92092,2025-12-10,684,14,0.0
92092,2025-12-11,685,15,0.0
92092,2025-12-12,686,16,0.0
92092,2025-12-13,687,17,0.0
92092,2025-12-14,688,18,0.0
92092,2025-12-15,689,19,0.0
92092,2025-12-16,690,20,0.0
92092,2025-12-17,691,21,0.0
92092,2025-12-18,692,22,0.0
92092,2025-12-19,693,23,0.0
92092,2025-12-20,694,24,0.0
92092,2025-12-21,695,25,0.0
92092,2025-12-22,696,26,0.0
92092,2025-12-23,697,27,0.01
92092,2025-12-24,698,28,0.0
92092,2025-12-25,699,29,0.0
92092,2025-12-26,700,30,0.0
92092,2025-12-27,701,31,0.0
92092,2025-12-28,702,32,0.0
92092,2025-12-29,703,33,0.0
92092,2025-12-30,704,34,0.0
92092,2025-12-31,705,35,0.0
92092,2026-01-01,706,36,0.0
92092,2026-01-02,707,37,0.0
92092,2026-01-03,708,38,0.0
92092,2026-01-04,709,39,0.0
92092,2026-01-05,710,40,0.0
92092,2026-01-06,711,41,0.0
92092,2026-01-07,712,42,0.0
92092,2026-01-08,713,43,0.0
92092,2026-01-09,714,44,0.0
92092,2026-01-10,715,45,0.0
92092,2026-01-11,716,46,0.0
92092,2026-01-12,717,47,0.0
92092,2026-01-13,718,48,0.0
92092,2026-01-14,719,49,0.0
92092,2026-01-15,720,50,0.0
92092,2026-01-16,721,51,0.0
92092,2026-01-17,722,52,0.0
92092,2026-01-18,723,53,0.0
92092,2026-01-19,724,54,0.0
92092,2026-01-20,725,55,0.0
92092,2026-01-21,726,56,0.0
92092,2026-01-22,727,57,0.0
92092,2026-01-23,728,58,0.0
92092,2026-01-24,729,59,0.0
92092,2026-01-25,730,60,0.0
92092,2026-01-26,731,61,0.0
92092,2026-01-27,732,62,0.01
92092,2026-01-28,733,63,0.0
92092,2026-01-29,734,64,0.0
92092,2026-01-30,735,65,0.0
92092,2026-01-31,736,66,0.0
92092,2026-02-01,737,67,0.0
92092,2026-02-02,738,68,0.0
92092,2026-02-03,739,69,0.0
92092,2026-02-04,740,70,0.0
92092,2026-02-05,741,71,0.0
92092,2026-02-06,742,72,0.0
92092,2026-02-07,743,73,0.0
92092,2026-02-08,744,74,0.0
92092,2026-02-09,745,75,0.0
92092,2026-02-10,746,76,0.0
92092,2026-02-11,747,77,0.0
92092,2026-02-12,748,78,0.0
92092,2026-02-13,749,79,0.0
92092,2026-02-14,750,80,0.0
92092,2026-02-15,751,81,0.0
92092,2026-02-16,752,82,0.0
92092,2026-02-17,753,83,0.0
92092,2026-02-18,754,84,0.0
92092,2026-02-19,755,85,0.0
92092,2026-02-20,756,86,0.0
92092,2026-02-21,757,87,0.01
92092,2026-02-22,758,88,0.0
92092,2026-02-23,759,89,0.0
92092,2026-02-24,760,90,0.02
92092,2026-02-25,761,91,0.0
92092,2026-02-26,762,92,0.0
92092,2026-02-27,763,93,0.0
92092,2026-02-28,764,94,0.0
92092,2026-03-01,765,95,0.0
92092,2026-03-02,766,96,0.0
92092,2026-03-03,767,97,0.01
92092,2026-03-04,768,98,0.0
92092,2026-03-05,769,99,0.0
92096,2025-11-26,670,0,0.01
92096,2025-11-27,671,1,0.0
92096,2025-11-28,672,2,0.0
92096,2025-11-29,673,3,0.01
92096,2025-11-30,674,4,0.0
92096,2025-12-01,675,5,0.01
92096,2025-12-02,676,6,0.36
92096,2025-12-03,677,7,0.06
92096,2025-12-04,678,8,0.01
92096,2025-12-05,679,9,0.01
92096,2025-12-06,680,10,0.01
92096,2025-12-07,681,11,0.0
92096,2025-12-08,682,12,0.0
92096,2025-12-09,683,13,0.02
92096,2025-12-10,684,14,0.0
92096,2025-12-11,685,15,0.01
92096,2025-12-12,686,16,0.0
92096,2025-12-13,687,17,0.0
92096,2025-12-14,688,18,0.0
92096,2025-12-15,689,19,0.0
92096,2025-12-16,690,20,0.0
92096,2025-12-17,691,21,0.0
92096,2025-12-18,692,22,0.0
92096,2025-12-19,693,23,0.0
92096,2025-12-20,694,24,0.0
92096,2025-12-21,695,25,0.0
92096,2025-12-22,696,26,0.0
92096,2025-12-23,697,27,0.0
92096,2025-12-24,698,28,0.0
92096,2025-12-25,699,29,0.0
92096,2025-12-26,700,30,0.0
92096,2025-12-27,701,31,0.0
92096,2025-12-28,702,32,0.0
92096,2025-12-29,703,33,0.01
92096,2025-12-30,704,34,0.0
92096,2025-12-31,705,35,0.0
92096,2026-01-01,706,36,0.0
92096,2026-01-02,707,37,0.0
92096,2026-01-03,708,38,0.0
92096,2026-01-04,709,39,0.0
92096,2026-01-05,710,40,0.0
92096,2026-01-06,711,41,0.01
92096,2026-01-07,712,42,0.0
92096,2026-01-08,713,43,0.01
92096,2026-01-09,714,44,0.0
92096,2026-01-10,715,45,0.0
92096,2026-01-11,716,46,0.0
92096,2026-01-12,717,47,0.0
92096,2026-01-13,718,48,0.0
92096,2026-01-14,719,49,0.0
92096,2026-01-15,720,50,0.0
92096,2026-01-16,721,51,0.0
92096,2026-01-17,722,52,0.0
92096,2026-01-18,723,53,0.0
92096,2026-01-19,724,54,0.0
92096,2026-01-20,725,55,0.0
92096,2026-01-21,726,56,0.0
92096,2026-01-22,727,57,0.0
92096,2026-01-23,728,58,0.0
92096,2026-01-24,729,59,0.0
92096,2026-01-25,730,60,0.0
92096,2026-01-26,731,61,0.0
92096,2026-01-27,732,62,0.01
92096,2026-01-28,733,63,0.0
92096,2026-01-29,734,64,0.0
92096,2026-01-30,735,65,0.0
92096,2026-01-31,736,66,0.0
92096,2026-02-01,737,67,0.0
92096,2026-02-02,738,68,0.0
92096,2026-02-03,739,69,0.0
92096,2026-02-04,740,70,0.0
92096,2026-02-05,741,71,0.0
92096,2026-02-06,742,72,0.0
92096,2026-02-07,743,73,0.0
92096,2026-02-08,744,74,0.0
92096,2026-02-09,745,75,0.0
92096,2026-02-10,746,76,0.0
92096,2026-02-11,747,77,0.0
92096,2026-02-12,748,78,0.0
92096,2026-02-13,749,79,0.0
92096,2026-02-14,750,80,0.0
92096,2026-02-15,751,81,0.0
92096,2026-02-16,752,82,0.0
92096,2026-02-17,753,83,0.0
92096,2026-02-18,754,84,0.0
92096,2026-02-19,755,85,0.0
92096,2026-02-20,756,86,0.0
92096,2026-02-21,757,87,0.0
92096,2026-02-22,758,88,0.0
92096,2026-02-23,759,89,0.0
92096,2026-02-24,760,90,0.0
92096,2026-02-25,761,91,0.0
92096,2026-02-26,762,92,0.0
92096,2026-02-27,763,93,0.0
92096,2026-02-28,764,94,0.0
92096,2026-03-01,765,95,0.0
92096,2026-03-02,766,96,0.0
92096,2026-03-03,767,97,0.0
92096,2026-03-04,768,98,0.0
92096,2026-03-05,769,99,0.0
92098,2025-11-26,670,0,0.0
92098,2025-11-27,671,1,0.0
92098,2025-11-28,672,2,0.0
92098,2025-11-29,673,3,0.0
92098,2025-11-30,674,4,0.0
92098,2025-12-01,675,5,0.0
92098,2025-12-02,676,6,0.0
92098,2025-12-03,677,7,0.0
92098,2025-12-04,678,8,0.0
92098,2025-12-05,679,9,0.0
92098,2025-12-06,680,10,0.0
92098,2025-12-07,681,11,0.0
92098,2025-12-08,682,12,0.0
92098,2025-12-09,683,13,0.0
92098,2025-12-10,684,14,0.0
92098,2025-12-11,685,15,0.0
92098,2025-12-12,686,16,0.0
92098,2025-12-13,687,17,0.0
92098,2025-12-14,688,18,0.0
92098,2025-12-15,689,19,0.0
92098,2025-12-16,690,20,0.0
92098,2025-12-17,691,21,0.0
92098,2025-12-18,692,22,0.0
92098,2025-12-19,693,23,0.0
92098,2025-12-20,694,24,0.0
92098,2025-12-21,695,25,0.0
92098,2025-12-22,696,26,0.0
92098,2025-12-23,697,27,0.0
92098,2025-12-24,698,28,0.0
92098,2025-12-25,699,29,0.0
92098,2025-12-26,700,30,0.0
92098,2025-12-27,701,31,0.0
92098,2025-12-28,702,32,0.0
92098,2025-12-29,703,33,0.0
92098,2025-12-30,704,34,0.0
92098,2025-12-31,705,35,0.0
92098,2026-01-01,706,36,0.0
92098,2026-01-02,707,37,0.0
92098,2026-01-03,708,38,0.0
92098,2026-01-04,709,39,0.0
92098,2026-01-05,710,40,0.0
92098,2026-01-06,711,41,0.0
92098,2026-01-07,712,42,0.0
92098,2026-01-08,713,43,0.0
92098,2026-01-09,714,44,0.0
92098,2026-01-10,715,45,0.0
92098,2026-01-11,716,46,0.0
92098,2026-01-12,717,47,0.0
92098,2026-01-13,718,48,0.0
92098,2026-01-14,719,49,0.0
92098,2026-01-15,720,50,0.0
92098,2026-01-16,721,51,0.0
92098,2026-01-17,722,52,0.01
92098,2026-01-18,723,53,0.0
92098,2026-01-19,724,54,0.0
92098,2026-01-20,725,55,0.01
92098,2026-01-21,726,56,0.0
92098,2026-01-22,727,57,0.0
92098,2026-01-23,728,58,0.0
92098,2026-01-24,729,59,0.0
92098,2026-01-25,730,60,0.0
92098,2026-01-26,731,61,0.0
92098,2026-01-27,732,62,0.0
92098,2026-01-28,733,63,0.0
92098,2026-01-29,734,64,0.0
92098,2026-01-30,735,65,0.0
92098,2026-01-31,736,66,0.0
92098,2026-02-01,737,67,0.0
92098,2026-02-02,738,68,0.0
92098,2026-02-03,739,69,0.0
92098,2026-02-04,740,70,0.0
92098,2026-02-05,741,71,0.0
92098,2026-02-06,742,72,0.0
92098,2026-02-07,743,73,0.0
92098,2026-02-08,744,74,0.0
92098,2026-02-09,745,75,0.0
92098,2026-02-10,746,76,0.0
92098,2026-02-11,747,77,0.0
92098,2026-02-12,748,78,0.0
92098,2026-02-13,749,79,0.0
92098,2026-02-14,750,80,0.0
92098,2026-02-15,751,81,0.0
92098,2026-02-16,752,82,0.0
92098,2026-02-17,753,83,0.0
92098,2026-02-18,754,84,0.0
92098,2026-02-19,755,85,0.0
92098,2026-02-20,756,86,0.0
92098,2026-02-21,757,87,0.0
92098,2026-02-22,758,88,0.0
92098,2026-02-23,759,89,0.0
92098,2026-02-24,760,90,0.0
92098,2026-02-25,761,91,0.0
92098,2026-02-26,762,92,0.0
92098,2026-02-27,763,93,0.0
92098,2026-02-28,764,94,0.0
92098,2026-03-01,765,95,0.0
92098,2026-03-02,766,96,0.0
92098,2026-03-03,767,97,0.01
92098,2026-03-04,768,98,0.0
92098,2026-03-05,769,99,0.0
9210,2025-11-26,670,0,0.01
9210,2025-11-27,671,1,0.0
9210,2025-11-28,672,2,0.0
9210,2025-11-29,673,3,0.0
9210,2025-11-30,674,4,0.0
9210,2025-12-01,675,5,0.0
9210,2025-12-02,676,6,0.0
9210,2025-12-03,677,7,0.0
9210,2025-12-04,678,8,0.0
9210,2025-12-05,679,9,0.0
9210,2025-12-06,680,10,0.0
9210,2025-12-07,681,11,0.0
9210,2025-12-08,682,12,0.0
9210,2025-12-09,683,13,0.0
9210,2025-12-10,684,14,0.0
9210,2025-12-11,685,15,0.0
9210,2025-12-12,686,16,0.0
9210,2025-12-13,687,17,0.01
9210,2025-12-14,688,18,0.0
9210,2025-12-15,689,19,0.0
9210,2025-12-16,690,20,0.0
9210,2025-12-17,691,21,0.0
9210,2025-12-18,692,22,0.0
9210,2025-12-19,693,23,0.0
9210,2025-12-20,694,24,0.0
9210,2025-12-21,695,25,0.0
9210,2025-12-22,696,26,0.0
9210,2025-12-23,697,27,0.0
9210,2025-12-24,698,28,0.0
9210,2025-12-25,699,29,0.0
9210,2025-12-26,700,30,0.0
9210,2025-12-27,701,31,0.0
9210,2025-12-28,702,32,0.0
9210,2025-12-29,703,33,0.0
9210,2025-12-30,704,34,0.0
9210,2025-12-31,705,35,0.0
9210,2026-01-01,706,36,0.0
9210,2026-01-02,707,37,0.0
9210,2026-01-03,708,38,0.0
9210,2026-01-04,709,39,0.0
9210,2026-01-05,710,40,0.0
9210,2026-01-06,711,41,0.0
9210,2026-01-07,712,42,0.0
9210,2026-01-08,713,43,0.0
9210,2026-01-09,714,44,0.0
9210,2026-01-10,715,45,0.0
9210,2026-01-11,716,46,0.0
9210,2026-01-12,717,47,0.0
9210,2026-01-13,718,48,0.0
9210,2026-01-14,719,49,0.0
9210,2026-01-15,720,50,0.0
9210,2026-01-16,721,51,0.0
9210,2026-01-17,722,52,0.0
9210,2026-01-18,723,53,0.0
9210,2026-01-19,724,54,0.0
9210,2026-01-20,725,55,0.0
9210,2026-01-21,726,56,0.0
9210,2026-01-22,727,57,0.0
9210,2026-01-23,728,58,0.0
9210,2026-01-24,729,59,0.0
9210,2026-01-25,730,60,0.0
9210,2026-01-26,731,61,0.0
9210,2026-01-27,732,62,0.0
9210,2026-01-28,733,63,0.0
9210,2026-01-29,734,64,0.0
9210,2026-01-30,735,65,0.0
9210,2026-01-31,736,66,0.0
9210,2026-02-01,737,67,0.0
9210,2026-02-02,738,68,0.0
9210,2026-02-03,739,69,0.0
9210,2026-02-04,740,70,0.0
9210,2026-02-05,741,71,0.0
9210,2026-02-06,742,72,0.0
9210,2026-02-07,743,73,0.0
9210,2026-02-08,744,74,0.0
9210,2026-02-09,745,75,0.0
9210,2026-02-10,746,76,0.0
9210,2026-02-11,747,77,0.0
9210,2026-02-12,748,78,0.0
9210,2026-02-13,749,79,0.0
9210,2026-02-14,750,80,0.0
9210,2026-02-15,751,81,0.01
9210,2026-02-16,752,82,0.0
9210,2026-02-17,753,83,0.0
9210,2026-02-18,754,84,0.0
9210,2026-02-19,755,85,0.0
9210,2026-02-20,756,86,0.0
9210,2026-02-21,757,87,0.0
9210,2026-02-22,758,88,0.0
9210,2026-02-23,759,89,0.0
9210,2026-02-24,760,90,0.0
9210,2026-02-25,761,91,0.0
9210,2026-02-26,762,92,0.0
9210,2026-02-27,763,93,0.0
9210,2026-02-28,764,94,0.0
9210,2026-03-01,765,95,0.0
9210,2026-03-02,766,96,0.0
9210,2026-03-03,767,97,0.0
9210,2026-03-04,768,98,0.0
9210,2026-03-05,769,99,0.0
92104,2025-11-26,670,0,0.0
92104,2025-11-27,671,1,0.0
92104,2025-11-28,672,2,0.0
92104,2025-11-29,673,3,0.0
92104,2025-11-30,674,4,0.0
92104,2025-12-01,675,5,0.0
92104,2025-12-02,676,6,0.0
92104,2025-12-03,677,7,0.0
92104,2025-12-04,678,8,0.0
92104,2025-12-05,679,9,0.0
92104,2025-12-06,680,10,0.01
92104,2025-12-07,681,11,0.0
92104,2025-12-08,682,12,0.0
92104,2025-12-09,683,13,0.0
92104,2025-12-10,684,14,0.0
92104,2025-12-11,685,15,0.0
92104,2025-12-12,686,16,0.0
92104,2025-12-13,687,17,0.0
92104,2025-12-14,688,18,0.0
92104,2025-12-15,689,19,0.0
92104,2025-12-16,690,20,0.01
92104,2025-12-17,691,21,0.0
92104,2025-12-18,692,22,0.0
92104,2025-12-19,693,23,0.0
92104,2025-12-20,694,24,0.0
92104,2025-12-21,695,25,0.0
92104,2025-12-22,696,26,0.0
92104,2025-12-23,697,27,0.0
92104,2025-12-24,698,28,0.0
92104,2025-12-25,699,29,0.0
92104,2025-12-26,700,30,0.0
92104,2025-12-27,701,31,0.0
92104,2025-12-28,702,32,0.0
92104,2025-12-29,703,33,0.0
92104,2025-12-30,704,34,0.0
92104,2025-12-31,705,35,0.0
92104,2026-01-01,706,36,0.0
92104,2026-01-02,707,37,0.0
92104,2026-01-03,708,38,0.0
92104,2026-01-04,709,39,0.0
92104,2026-01-05,710,40,0.0
92104,2026-01-06,711,41,0.01
92104,2026-01-07,712,42,0.0
92104,2026-01-08,713,43,0.0
92104,2026-01-09,714,44,0.0
92104,2026-01-10,715,45,0.0
92104,2026-01-11,716,46,0.0
92104,2026-01-12,717,47,0.0
92104,2026-01-13,718,48,0.0
92104,2026-01-14,719,49,0.0
92104,2026-01-15,720,50,0.0
92104,2026-01-16,721,51,0.0
92104,2026-01-17,722,52,0.0
92104,2026-01-18,723,53,0.0
92104,2026-01-19,724,54,0.0
92104,2026-01-20,725,55,0.01
92104,2026-01-21,726,56,0.0
92104,2026-01-22,727,57,0.0
92104,2026-01-23,728,58,0.0
92104,2026-01-24,729,59,0.0
92104,2026-01-25,730,60,0.01
92104,2026-01-26,731,61,0.0
92104,2026-01-27,732,62,0.0
92104,2026-01-28,733,63,0.0
92104,2026-01-29,734,64,0.0
92104,2026-01-30,735,65,0.0
92104,2026-01-31,736,66,0.0
92104,2026-02-01,737,67,0.0
92104,2026-02-02,738,68,0.0
92104,2026-02-03,739,69,0.0
92104,2026-02-04,740,70,0.0
92104,2026-02-05,741,71,0.0
92104,2026-02-06,742,72,0.0
92104,2026-02-07,743,73,0.0
92104,2026-02-08,744,74,0.0
92104,2026-02-09,745,75,0.0
92104,2026-02-10,746,76,0.0
92104,2026-02-11,747,77,0.0
92104,2026-02-12,748,78,0.0
92104,2026-02-13,749,79,0.0
92104,2026-02-14,750,80,0.0
92104,2026-02-15,751,81,0.0
92104,2026-02-16,752,82,0.0
92104,2026-02-17,753,83,0.0
92104,2026-02-18,754,84,0.0
92104,2026-02-19,755,85,0.01
92104,2026-02-20,756,86,0.0
92104,2026-02-21,757,87,0.0
92104,2026-02-22,758,88,0.01
92104,2026-02-23,759,89,0.0
92104,2026-02-24,760,90,0.0
92104,2026-02-25,761,91,0.0
92104,2026-02-26,762,92,0.0
92104,2026-02-27,763,93,0.0
92104,2026-02-28,764,94,0.0
92104,2026-03-01,765,95,0.0
92104,2026-03-02,766,96,0.01
92104,2026-03-03,767,97,0.0
92104,2026-03-04,768,98,0.0
92104,2026-03-05,769,99,0.0
92106,2025-11-26,670,0,0.0
92106,2025-11-27,671,1,0.0
92106,2025-11-28,672,2,0.0
92106,2025-11-29,673,3,0.0
92106,2025-11-30,674,4,0.0
92106,2025-12-01,675,5,0.0
92106,2025-12-02,676,6,0.0
92106,2025-12-03,677,7,0.0
92106,2025-12-04,678,8,0.0
92106,2025-12-05,679,9,0.0
92106,2025-12-06,680,10,0.0
92106,2025-12-07,681,11,0.0
92106,2025-12-08,682,12,0.0
92106,2025-12-09,683,13,0.0
92106,2025-12-10,684,14,0.0
92106,2025-12-11,685,15,0.0
92106,2025-12-12,686,16,0.0
92106,2025-12-13,687,17,0.0
92106,2025-12-14,688,18,0.0
92106,2025-12-15,689,19,0.0
92106,2025-12-16,690,20,0.0
92106,2025-12-17,691,21,0.0
92106,2025-12-18,692,22,0.0
92106,2025-12-19,693,23,0.0
92106,2025-12-20,694,24,0.0
92106,2025-12-21,695,25,0.0
92106,2025-12-22,696,26,0.0
92106,2025-12-23,697,27,0.0
92106,2025-12-24,698,28,0.0
92106,2025-12-25,699,29,0.0
92106,2025-12-26,700,30,0.0
92106,2025-12-27,701,31,0.0
92106,2025-12-28,702,32,0.0
92106,2025-12-29,703,33,0.0
92106,2025-12-30,704,34,0.0
92106,2025-12-31,705,35,0.0
92106,2026-01-01,706,36,0.01
92106,2026-01-02,707,37,0.0
92106,2026-01-03,708,38,0.0
92106,2026-01-04,709,39,0.0
92106,2026-01-05,710,40,0.0
92106,2026-01-06,711,41,0.0
92106,2026-01-07,712,42,0.0
92106,2026-01-08,713,43,0.0
92106,2026-01-09,714,44,0.0
92106,2026-01-10,715,45,0.0
92106,2026-01-11,716,46,0.0
92106,2026-01-12,717,47,0.0
92106,2026-01-13,718,48,0.0
92106,2026-01-14,719,49,0.0
92106,2026-01-15,720,50,0.0
92106,2026-01-16,721,51,0.01
92106,2026-01-17,722,52,0.0
92106,2026-01-18,723,53,0.0
92106,2026-01-19,724,54,0.0
92106,2026-01-20,725,55,0.0
92106,2026-01-21,726,56,0.0
92106,2026-01-22,727,57,0.0
92106,2026-01-23,728,58,0.0
92106,2026-01-24,729,59,0.0
92106,2026-01-25,730,60,0.0
92106,2026-01-26,731,61,0.0
92106,2026-01-27,732,62,0.0
92106,2026-01-28,733,63,0.0
92106,2026-01-29,734,64,0.0
92106,2026-01-30,735,65,0.0
92106,2026-01-31,736,66,0.0
92106,2026-02-01,737,67,0.0
92106,2026-02-02,738,68,0.0
92106,2026-02-03,739,69,0.0
92106,2026-02-04,740,70,0.0
92106,2026-02-05,741,71,0.0
92106,2026-02-06,742,72,0.0
92106,2026-02-07,743,73,0.0
92106,2026-02-08,744,74,0.0
92106,2026-02-09,745,75,0.0
92106,2026-02-10,746,76,0.0
92106,2026-02-11,747,77,0.0
92106,2026-02-12,748,78,0.0
92106,2026-02-13,749,79,0.0
92106,2026-02-14,750,80,0.0
92106,2026-02-15,751,81,0.0
92106,2026-02-16,752,82,0.0
92106,2026-02-17,753,83,0.0
92106,2026-02-18,754,84,0.0
92106,2026-02-19,755,85,0.0
92106,2026-02-20,756,86,0.0
92106,2026-02-21,757,87,0.0
92106,2026-02-22,758,88,0.0
92106,2026-02-23,759,89,0.0
92106,2026-02-24,760,90,0.0
92106,2026-02-25,761,91,0.0
92106,2026-02-26,762,92,0.0
92106,2026-02-27,763,93,0.0
92106,2026-02-28,764,94,0.0
92106,2026-03-01,765,95,0.0
92106,2026-03-02,766,96,0.0
92106,2026-03-03,767,97,0.0
92106,2026-03-04,768,98,0.0
92106,2026-03-05,769,99,0.0
92108,2025-11-26,670,0,0.0
92108,2025-11-27,671,1,0.0
92108,2025-11-28,672,2,0.0
92108,2025-11-29,673,3,0.0
92108,2025-11-30,674,4,0.0
92108,2025-12-01,675,5,0.0
92108,2025-12-02,676,6,0.0
92108,2025-12-03,677,7,0.0
92108,2025-12-04,678,8,0.0
92108,2025-12-05,679,9,0.0
92108,2025-12-06,680,10,0.0
92108,2025-12-07,681,11,0.0
92108,2025-12-08,682,12,0.0
92108,2025-12-09,683,13,0.0
92108,2025-12-10,684,14,0.0
92108,2025-12-11,685,15,0.0
92108,2025-12-12,686,16,0.0
92108,2025-12-13,687,17,0.0
92108,2025-12-14,688,18,0.0
92108,2025-12-15,689,19,0.0
92108,2025-12-16,690,20,0.0
92108,2025-12-17,691,21,0.0
92108,2025-12-18,692,22,0.0
92108,2025-12-19,693,23,0.0
92108,2025-12-20,694,24,0.0
92108,2025-12-21,695,25,0.0
92108,2025-12-22,696,26,0.0
92108,2025-12-23,697,27,0.0
92108,2025-12-24,698,28,0.0
92108,2025-12-25,699,29,0.0
92108,2025-12-26,700,30,0.0
92108,2025-12-27,701,31,0.0
92108,2025-12-28,702,32,0.0
92108,2025-12-29,703,33,0.0
92108,2025-12-30,704,34,0.0
92108,2025-12-31,705,35,0.0
92108,2026-01-01,706,36,0.0
92108,2026-01-02,707,37,0.0
92108,2026-01-03,708,38,0.0
92108,2026-01-04,709,39,0.0
92108,2026-01-05,710,40,0.0
92108,2026-01-06,711,41,0.0
92108,2026-01-07,712,42,0.0
92108,2026-01-08,713,43,0.0
92108,2026-01-09,714,44,0.0
92108,2026-01-10,715,45,0.0
92108,2026-01-11,716,46,0.0
92108,2026-01-12,717,47,0.0
92108,2026-01-13,718,48,0.0
92108,2026-01-14,719,49,0.0
92108,2026-01-15,720,50,0.0
92108,2026-01-16,721,51,0.0
92108,2026-01-17,722,52,0.0
92108,2026-01-18,723,53,0.0
92108,2026-01-19,724,54,0.0
92108,2026-01-20,725,55,0.0
92108,2026-01-21,726,56,0.0
92108,2026-01-22,727,57,0.0
92108,2026-01-23,728,58,0.0
92108,2026-01-24,729,59,0.0
92108,2026-01-25,730,60,0.0
92108,2026-01-26,731,61,0.0
92108,2026-01-27,732,62,0.0
92108,2026-01-28,733,63,0.0
92108,2026-01-29,734,64,0.0
92108,2026-01-30,735,65,0.0
92108,2026-01-31,736,66,0.0
92108,2026-02-01,737,67,0.0
92108,2026-02-02,738,68,0.0
92108,2026-02-03,739,69,0.0
92108,2026-02-04,740,70,0.0
92108,2026-02-05,741,71,0.0
92108,2026-02-06,742,72,0.0
92108,2026-02-07,743,73,0.0
92108,2026-02-08,744,74,0.0
92108,2026-02-09,745,75,0.0
92108,2026-02-10,746,76,0.0
92108,2026-02-11,747,77,0.0
92108,2026-02-12,748,78,0.0
92108,2026-02-13,749,79,0.0
92108,2026-02-14,750,80,0.0
92108,2026-02-15,751,81,0.0
92108,2026-02-16,752,82,0.0
92108,2026-02-17,753,83,0.02
92108,2026-02-18,754,84,0.0
92108,2026-02-19,755,85,0.0
92108,2026-02-20,756,86,0.0
92108,2026-02-21,757,87,0.0
92108,2026-02-22,758,88,0.0
92108,2026-02-23,759,89,0.0
92108,2026-02-24,760,90,0.0
92108,2026-02-25,761,91,0.0
92108,2026-02-26,762,92,0.01
92108,2026-02-27,763,93,0.0
92108,2026-02-28,764,94,0.0
92108,2026-03-01,765,95,0.0
92108,2026-03-02,766,96,0.0
92108,2026-03-03,767,97,0.01
92108,2026-03-04,768,98,0.0
92108,2026-03-05,769,99,0.0
9311dx,2025-11-26,670,0,0.0
9311dx,2025-11-27,671,1,0.02
9311dx,2025-11-28,672,2,0.02
9311dx,2025-11-29,673,3,0.0
9311dx,2025-11-30,674,4,0.0
9311dx,2025-12-01,675,5,0.0
9311dx,2025-12-02,676,6,0.27
9311dx,2025-12-03,677,7,0.09
9311dx,2025-12-04,678,8,0.05
9311dx,2025-12-05,679,9,0.04
9311dx,2025-12-06,680,10,0.01
9311dx,2025-12-07,681,11,0.0
9311dx,2025-12-08,682,12,0.0
9311dx,2025-12-09,683,13,0.03
9311dx,2025-12-10,684,14,0.0
9311dx,2025-12-11,685,15,0.0
9311dx,2025-12-12,686,16,0.0
9311dx,2025-12-13,687,17,0.0
9311dx,2025-12-14,688,18,0.0
9311dx,2025-12-15,689,19,0.0
9311dx,2025-12-16,690,20,0.0
9311dx,2025-12-17,691,21,0.0
9311dx,2025-12-18,692,22,0.0
9311dx,2025-12-19,693,23,0.0
9311dx,2025-12-20,694,24,0.0
9311dx,2025-12-21,695,25,0.0
9311dx,2025-12-22,696,26,0.0
9311dx,2025-12-23,697,27,0.0
9311dx,2025-12-24,698,28,0.0
9311dx,2025-12-25,699,29,0.0
9311dx,2025-12-26,700,30,0.0
9311dx,2025-12-27,701,31,0.0
9311dx,2025-12-28,702,32,0.0
9311dx,2025-12-29,703,33,0.0
9311dx,2025-12-30,704,34,0.0
9311dx,2025-12-31,705,35,0.01
9311dx,2026-01-01,706,36,0.0
9311dx,2026-01-02,707,37,0.0
9311dx,2026-01-03,708,38,0.0
9311dx,2026-01-04,709,39,0.0
9311dx,2026-01-05,710,40,0.0
9311dx,2026-01-06,711,41,0.0
9311dx,2026-01-07,712,42,0.0
9311dx,2026-01-08,713,43,0.0
9311dx,2026-01-09,714,44,0.0
9311dx,2026-01-10,715,45,0.0
9311dx,2026-01-11,716,46,0.0
9311dx,2026-01-12,717,47,0.0
9311dx,2026-01-13,718,48,0.0
9311dx,2026-01-14,719,49,0.0
9311dx,2026-01-15,720,50,0.0
9311dx,2026-01-16,721,51,0.0
9311dx,2026-01-17,722,52,0.0
9311dx,2026-01-18,723,53,0.0
9311dx,2026-01-19,724,54,0.0
9311dx,2026-01-20,725,55,0.02
9311dx,2026-01-21,726,56,0.0
9311dx,2026-01-22,727,57,0.01
9311dx,2026-01-23,728,58,0.0
9311dx,2026-01-24,729,59,0.0
9311dx,2026-01-25,730,60,0.0
9311dx,2026-01-26,731,61,0.0
9311dx,2026-01-27,732,62,0.03
9311dx,2026-01-28,733,63,0.0
9311dx,2026-01-29,734,64,0.0
9311dx,2026-01-30,735,65,0.0
9311dx,2026-01-31,736,66,0.0
9311dx,2026-02-01,737,67,0.0
9311dx,2026-02-02,738,68,0.0
9311dx,2026-02-03,739,69,0.0
9311dx,2026-02-04,740,70,0.0
9311dx,2026-02-05,741,71,0.0
9311dx,2026-02-06,742,72,0.0
9311dx,2026-02-07,743,73,0.0
9311dx,2026-02-08,744,74,0.0
9311dx,2026-02-09,745,75,0.0
9311dx,2026-02-10,746,76,0.0
9311dx,2026-02-11,747,77,0.0
9311dx,2026-02-12,748,78,0.0
9311dx,2026-02-13,749,79,0.04
9311dx,2026-02-14,750,80,0.0
9311dx,2026-02-15,751,81,0.01
9311dx,2026-02-16,752,82,0.0
9311dx,2026-02-17,753,83,0.15
9311dx,2026-02-18,754,84,0.07
9311dx,2026-02-19,755,85,0.12
9311dx,2026-02-20,756,86,0.37
9311dx,2026-02-21,757,87,0.49
9311dx,2026-02-22,758,88,0.16
9311dx,2026-02-23,759,89,0.01
9311dx,2026-02-24,760,90,0.25
9311dx,2026-02-25,761,91,0.07
9311dx,2026-02-26,762,92,0.24
9311dx,2026-02-27,763,93,0.35
9311dx,2026-02-28,764,94,0.44
9311dx,2026-03-01,765,95,0.0
9311dx,2026-03-02,766,96,0.01
9311dx,2026-03-03,767,97,0.34
9311dx,2026-03-04,768,98,0.03
9311dx,2026-03-05,769,99,0.03
9311fz,2025-11-26,670,0,0.01
9311fz,2025-11-27,671,1,0.04
9311fz,2025-11-28,672,2,0.03
9311fz,2025-11-29,673,3,0.04
9311fz,2025-11-30,674,4,0.05
9311fz,2025-12-01,675,5,0.03
9311fz,2025-12-02,676,6,0.75
9311fz,2025-12-03,677,7,0.28
9311fz,2025-12-04,678,8,0.18
9311fz,2025-12-05,679,9,0.11
9311fz,2025-12-06,680,10,0.04
9311fz,2025-12-07,681,11,0.01
9311fz,2025-12-08,682,12,0.01
9311fz,2025-12-09,683,13,0.28
9311fz,2025-12-10,684,14,0.03
9311fz,2025-12-11,685,15,0.01
9311fz,2025-12-12,686,16,0.02
9311fz,2025-12-13,687,17,0.0
9311fz,2025-12-14,688,18,0.0
9311fz,2025-12-15,689,19,0.0
9311fz,2025-12-16,690,20,0.05
9311fz,2025-12-17,691,21,0.01
9311fz,2025-12-18,692,22,0.06
9311fz,2025-12-19,693,23,0.0
9311fz,2025-12-20,694,24,0.01
9311fz,2025-12-21,695,25,0.0
9311fz,2025-12-22,696,26,0.0
9311fz,2025-12-23,697,27,0.1
9311fz,2025-12-24,698,28,0.01
9311fz,2025-12-25,699,29,0.05
9311fz,2025-12-26,700,30,0.01
9311fz,2025-12-27,701,31,0.0
9311fz,2025-12-28,702,32,0.0
9311fz,2025-12-29,703,33,0.01
9311fz,2025-12-30,704,34,0.05
9311fz,2025-12-31,705,35,0.03
9311fz,2026-01-01,706,36,0.01
9311fz,2026-01-02,707,37,0.01
9311fz,2026-01-03,708,38,0.0
9311fz,2026-01-04,709,39,0.01
9311fz,2026-01-05,710,40,0.0
9311fz,2026-01-06,711,41,0.21
9311fz,2026-01-07,712,42,0.07
9311fz,2026-01-08,713,43,0.05
9311fz,2026-01-09,714,44,0.04
9311fz,2026-01-10,715,45,0.06
9311fz,2026-01-11,716,46,0.02
9311fz,2026-01-12,717,47,0.0
9311fz,2026-01-13,718,48,0.21
9311fz,2026-01-14,719,49,0.1
9311fz,2026-01-15,720,50,0.04
9311fz,2026-01-16,721,51,0.04
9311fz,2026-01-17,722,52,0.03
9311fz,2026-01-18,723,53,0.0
9311fz,2026-01-19,724,54,0.0
9311fz,2026-01-20,725,55,0.19
9311fz,2026-01-21,726,56,0.02
9311fz,2026-01-22,727,57,0.03
9311fz,2026-01-23,728,58,0.01
9311fz,2026-01-24,729,59,0.01
9311fz,2026-01-25,730,60,0.0
9311fz,2026-01-26,731,61,0.0
9311fz,2026-01-27,732,62,0.08
9311fz,2026-01-28,733,63,0.03
9311fz,2026-01-29,734,64,0.03
9311fz,2026-01-30,735,65,0.03
9311fz,2026-01-31,736,66,0.01
9311fz,2026-02-01,737,67,0.0
9311fz,2026-02-02,738,68,0.0
9311fz,2026-02-03,739,69,0.04
9311fz,2026-02-04,740,70,0.02
9311fz,2026-02-05,741,71,0.01
9311fz,2026-02-06,742,72,0.01
9311fz,2026-02-07,743,73,0.01
9311fz,2026-02-08,744,74,0.01
9311fz,2026-02-09,745,75,0.01
9311fz,2026-02-10,746,76,0.21
9311fz,2026-02-11,747,77,0.04
9311fz,2026-02-12,748,78,0.02
9311fz,2026-02-13,749,79,0.02
9311fz,2026-02-14,750,80,0.03
9311fz,2026-02-15,751,81,0.0
9311fz,2026-02-16,752,82,0.01
9311fz,2026-02-17,753,83,0.18
9311fz,2026-02-18,754,84,0.08
9311fz,2026-02-19,755,85,0.05
9311fz,2026-02-20,756,86,0.02
9311fz,2026-02-21,757,87,0.03
9311fz,2026-02-22,758,88,0.01
9311fz,2026-02-23,759,89,0.0
9311fz,2026-02-24,760,90,0.07
9311fz,2026-02-25,761,91,0.03
9311fz,2026-02-26,762,92,0.02
9311fz,2026-02-27,763,93,0.01
9311fz,2026-02-28,764,94,0.0
9311fz,2026-03-01,765,95,0.0
9311fz,2026-03-02,766,96,0.0
9311fz,2026-03-03,767,97,0.03
9311fz,2026-03-04,768,98,0.02
9311fz,2026-03-05,769,99,0.04
9311sf,2025-11-26,670,0,0.0
9311sf,2025-11-27,671,1,0.0
9311sf,2025-11-28,672,2,0.0
9311sf,2025-11-29,673,3,0.0
9311sf,2025-11-30,674,4,0.0
9311sf,2025-12-01,675,5,0.0
9311sf,2025-12-02,676,6,0.01
9311sf,2025-12-03,677,7,0.01
9311sf,2025-12-04,678,8,0.0
9311sf,2025-12-05,679,9,0.0
9311sf,2025-12-06,680,10,0.0
9311sf,2025-12-07,681,11,0.0
9311sf,2025-12-08,682,12,0.0
9311sf,2025-12-09,683,13,0.0
9311sf,2025-12-10,684,14,0.0
9311sf,2025-12-11,685,15,0.0
9311sf,2025-12-12,686,16,0.0
9311sf,2025-12-13,687,17,0.0
9311sf,2025-12-14,688,18,0.0
9311sf,2025-12-15,689,19,0.0
9311sf,2025-12-16,690,20,0.0
9311sf,2025-12-17,691,21,0.0
9311sf,2025-12-18,692,22,0.0
9311sf,2025-12-19,693,23,0.0
9311sf,2025-12-20,694,24,0.0
9311sf,2025-12-21,695,25,0.0
9311sf,2025-12-22,696,26,0.0
9311sf,2025-12-23,697,27,0.0
9311sf,2025-12-24,698,28,0.0
9311sf,2025-12-25,699,29,0.0
9311sf,2025-12-26,700,30,0.0
9311sf,2025-12-27,701,31,0.0
9311sf,2025-12-28,702,32,0.0
9311sf,2025-12-29,703,33,0.0
9311sf,2025-12-30,704,34,0.0
9311sf,2025-12-31,705,35,0.0
9311sf,2026-01-01,706,36,0.0
9311sf,2026-01-02,707,37,0.0
9311sf,2026-01-03,708,38,0.0
9311sf,2026-01-04,709,39,0.0
9311sf,2026-01-05,710,40,0.0
9311sf,2026-01-06,711,41,0.04
9311sf,2026-01-07,712,42,0.01
9311sf,2026-01-08,713,43,0.0
9311sf,2026-01-09,714,44,0.0
9311sf,2026-01-10,715,45,0.01
9311sf,2026-01-11,716,46,0.0
9311sf,2026-01-12,717,47,0.0
9311sf,2026-01-13,718,48,0.02
9311sf,2026-01-14,719,49,0.0
9311sf,2026-01-15,720,50,0.0
9311sf,2026-01-16,721,51,0.0
9311sf,2026-01-17,722,52,0.0
9311sf,2026-01-18,723,53,0.01
9311sf,2026-01-19,724,54,0.0
9311sf,2026-01-20,725,55,0.02
9311sf,2026-01-21,726,56,0.0
9311sf,2026-01-22,727,57,0.0
9311sf,2026-01-23,728,58,0.02
9311sf,2026-01-24,729,59,0.01
9311sf,2026-01-25,730,60,0.0
9311sf,2026-01-26,731,61,0.0
9311sf,2026-01-27,732,62,0.0
9311sf,2026-01-28,733,63,0.02
9311sf,2026-01-29,734,64,0.0
9311sf,2026-01-30,735,65,0.01
9311sf,2026-01-31,736,66,0.01
9311sf,2026-02-01,737,67,0.01
9311sf,2026-02-02,738,68,0.0
9311sf,2026-02-03,739,69,0.01
9311sf,2026-02-04,740,70,0.0
9311sf,2026-02-05,741,71,0.0
9311sf,2026-02-06,742,72,0.0
9311sf,2026-02-07,743,73,0.0
9311sf,2026-02-08,744,74,0.0
9311sf,2026-02-09,745,75,0.0
9311sf,2026-02-10,746,76,0.0
9311sf,2026-02-11,747,77,0.01
9311sf,2026-02-12,748,78,0.0
9311sf,2026-02-13,749,79,0.02
9311sf,2026-02-14,750,80,0.0
9311sf,2026-02-15,751,81,0.0
9311sf,2026-02-16,752,82,0.0
9311sf,2026-02-17,753,83,0.01
9311sf,2026-02-18,754,84,0.01
9311sf,2026-02-19,755,85,0.01
9311sf,2026-02-20,756,86,0.05
9311sf,2026-02-21,757,87,0.03
9311sf,2026-02-22,758,88,0.03
9311sf,2026-02-23,759,89,0.02
9311sf,2026-02-24,760,90,0.14
9311sf,2026-02-25,761,91,0.08
9311sf,2026-02-26,762,92,0.02
9311sf,2026-02-27,763,93,0.05
9311sf,2026-02-28,764,94,0.0
9311sf,2026-03-01,765,95,0.0
9311sf,2026-03-02,766,96,0.0
9311sf,2026-03-03,767,97,0.09
9311sf,2026-03-04,768,98,0.02
9311sf,2026-03-05,769,99,0.01
9311ub,2025-11-26,670,0,0.91
9311ub,2025-11-27,671,1,0.74
9311ub,2025-11-28,672,2,0.45
9311ub,2025-11-29,673,3,0.73
9311ub,2025-11-30,674,4,0.22
9311ub,2025-12-01,675,5,0.09
9311ub,2025-12-02,676,6,1.36
9311ub,2025-12-03,677,7,0.61
9311ub,2025-12-04,678,8,0.47
9311ub,2025-12-05,679,9,0.17
9311ub,2025-12-06,680,10,0.09
9311ub,2025-12-07,681,11,0.01
9311ub,2025-12-08,682,12,0.0
9311ub,2025-12-09,683,13,0.34
9311ub,2025-12-10,684,14,0.04
9311ub,2025-12-11,685,15,0.0
9311ub,2025-12-12,686,16,0.01
9311ub,2025-12-13,687,17,0.0
9311ub,2025-12-14,688,18,0.0
9311ub,2025-12-15,689,19,0.0
9311ub,2025-12-16,690,20,0.13
9311ub,2025-12-17,691,21,0.0
9311ub,2025-12-18,692,22,0.01
9311ub,2025-12-19,693,23,0.0
9311ub,2025-12-20,694,24,0.0
9311ub,2025-12-21,695,25,0.0
9311ub,2025-12-22,696,26,0.0
9311ub,2025-12-23,697,27,0.08
9311ub,2025-12-24,698,28,0.02
9311ub,2025-12-25,699,29,0.01
9311ub,2025-12-26,700,30,0.02
9311ub,2025-12-27,701,31,0.0
9311ub,2025-12-28,702,32,0.01
9311ub,2025-12-29,703,33,0.0
9311ub,2025-12-30,704,34,0.06
9311ub,2025-12-31,705,35,0.04
9311ub,2026-01-01,706,36,0.03
9311ub,2026-01-02,707,37,0.0
9311ub,2026-01-03,708,38,0.05
9311ub,2026-01-04,709,39,0.0
9311ub,2026-01-05,710,40,0.0
9311ub,2026-01-06,711,41,0.92
9311ub,2026-01-07,712,42,0.22
9311ub,2026-01-08,713,43,0.23
9311ub,2026-01-09,714,44,0.1
9311ub,2026-01-10,715,45,0.07
9311ub,2026-01-11,716,46,0.03
9311ub,2026-01-12,717,47,0.08
9311ub,2026-01-13,718,48,0.84
9311ub,2026-01-14,719,49,0.49
9311ub,2026-01-15,720,50,0.12
9311ub,2026-01-16,721,51,0.04
9311ub,2026-01-17,722,52,0.13
9311ub,2026-01-18,723,53,0.03
9311ub,2026-01-19,724,54,0.06
9311ub,2026-01-20,725,55,0.54
9311ub,2026-01-21,726,56,0.32
9311ub,2026-01-22,727,57,0.12
9311ub,2026-01-23,728,58,0.15
9311ub,2026-01-24,729,59,0.05
9311ub,2026-01-25,730,60,0.0
9311ub,2026-01-26,731,61,0.01
9311ub,2026-01-27,732,62,0.85
9311ub,2026-01-28,733,63,0.29
9311ub,2026-01-29,734,64,0.17
9311ub,2026-01-30,735,65,0.08
9311ub,2026-01-31,736,66,0.19
9311ub,2026-02-01,737,67,0.01
9311ub,2026-02-02,738,68,0.0
9311ub,2026-02-03,739,69,0.33
9311ub,2026-02-04,740,70,0.26
9311ub,2026-02-05,741,71,0.63
9311ub,2026-02-06,742,72,0.27
9311ub,2026-02-07,743,73,0.21
9311ub,2026-02-08,744,74,0.04
9311ub,2026-02-09,745,75,0.01
9311ub,2026-02-10,746,76,0.23
9311ub,2026-02-11,747,77,0.15
9311ub,2026-02-12,748,78,0.25
9311ub,2026-02-13,749,79,0.19
9311ub,2026-02-14,750,80,0.17
9311ub,2026-02-15,751,81,0.02
9311ub,2026-02-16,752,82,0.0
9311ub,2026-02-17,753,83,0.59
9311ub,2026-02-18,754,84,0.31
9311ub,2026-02-19,755,85,0.18
9311ub,2026-02-20,756,86,0.33
9311ub,2026-02-21,757,87,0.24
9311ub,2026-02-22,758,88,0.1
9311ub,2026-02-23,759,89,0.02
9311ub,2026-02-24,760,90,0.81
9311ub,2026-02-25,761,91,0.59
9311ub,2026-02-26,762,92,0.23
9311ub,2026-02-27,763,93,0.36
9311ub,2026-02-28,764,94,0.33
9311ub,2026-03-01,765,95,0.04
9311ub,2026-03-02,766,96,0.03
9311ub,2026-03-03,767,97,0.54
9311ub,2026-03-04,768,98,0.34
9311ub,2026-03-05,769,99,0.2
9312dx,2025-11-26,670,0,0.01
9312dx,2025-11-27,671,1,0.0
9312dx,2025-11-28,672,2,0.01
9312dx,2025-11-29,673,3,0.0
9312dx,2025-11-30,674,4,0.01
9312dx,2025-12-01,675,5,0.0
9312dx,2025-12-02,676,6,0.65
9312dx,2025-12-03,677,7,0.48
9312dx,2025-12-04,678,8,0.22
9312dx,2025-12-05,679,9,0.42
9312dx,2025-12-06,680,10,0.39
9312dx,2025-12-07,681,11,0.09
9312dx,2025-12-08,682,12,0.03
9312dx,2025-12-09,683,13,0.36
9312dx,2025-12-10,684,14,0.22
9312dx,2025-12-11,685,15,0.06
9312dx,2025-12-12,686,16,0.03
9312dx,2025-12-13,687,17,0.12
9312dx,2025-12-14,688,18,0.02
9312dx,2025-12-15,689,19,0.0
9312dx,2025-12-16,690,20,0.43
9312dx,2025-12-17,691,21,0.12
9312dx,2025-12-18,692,22,0.03
9312dx,2025-12-19,693,23,0.12
9312dx,2025-12-20,694,24,0.08
9312dx,2025-12-21,695,25,0.02
9312dx,2025-12-22,696,26,0.0
9312dx,2025-12-23,697,27,0.47
9312dx,2025-12-24,698,28,0.11
9312dx,2025-12-25,699,29,0.13
9312dx,2025-12-26,700,30,0.09
9312dx,2025-12-27,701,31,0.12
9312dx,2025-12-28,702,32,0.01
9312dx,2025-12-29,703,33,0.0
9312dx,2025-12-30,704,34,0.19
9312dx,2025-12-31,705,35,0.12
9312dx,2026-01-01,706,36,0.27
9312dx,2026-01-02,707,37,0.26
9312dx,2026-01-03,708,38,0.09
9312dx,2026-01-04,709,39,0.03
9312dx,2026-01-05,710,40,0.0
9312dx,2026-01-06,711,41,0.44
9312dx,2026-01-07,712,42,0.29
9312dx,2026-01-08,713,43,0.33
9312dx,2026-01-09,714,44,0.59
9312dx,2026-01-10,715,45,0.92
9312dx,2026-01-11,716,46,0.14
9312dx,2026-01-12,717,47,0.06
9312dx,2026-01-13,718,48,1.44
9312dx,2026-01-14,719,49,0.88
9312dx,2026-01-15,720,50,0.67
9312dx,2026-01-16,721,51,1.23
9312dx,2026-01-17,722,52,0.75
9312dx,2026-01-18,723,53,0.11
9312dx,2026-01-19,724,54,0.07
9312dx,2026-01-20,725,55,1.6
9312dx,2026-01-21,726,56,0.64
9312dx,2026-01-22,727,57,0.38
9312dx,2026-01-23,728,58,0.84
9312dx,2026-01-24,729,59,0.52
9312dx,2026-01-25,730,60,0.07
9312dx,2026-01-26,731,61,0.06
9312dx,2026-01-27,732,62,1.59
9312dx,2026-01-28,733,63,0.61
9312dx,2026-01-29,734,64,0.68
9312dx,2026-01-30,735,65,0.63
9312dx,2026-01-31,736,66,0.36
9312dx,2026-02-01,737,67,0.27
9312dx,2026-02-02,738,68,0.07
9312dx,2026-02-03,739,69,1.48
9312dx,2026-02-04,740,70,0.84
9312dx,2026-02-05,741,71,0.49
9312dx,2026-02-06,742,72,0.42
9312dx,2026-02-07,743,73,0.55
9312dx,2026-02-08,744,74,0.05
9312dx,2026-02-09,745,75,0.02
9312dx,2026-02-10,746,76,2.66
9312dx,2026-02-11,747,77,1.07
9312dx,2026-02-12,748,78,0.48
9312dx,2026-02-13,749,79,0.7
9312dx,2026-02-14,750,80,0.37
9312dx,2026-02-15,751,81,0.04
9312dx,2026-02-16,752,82,0.0
9312dx,2026-02-17,753,83,3.02
9312dx,2026-02-18,754,84,0.88
9312dx,2026-02-19,755,85,0.43
9312dx,2026-02-20,756,86,0.44
9312dx,2026-02-21,757,87,0.29
9312dx,2026-02-22,758,88,0.02
9312dx,2026-02-23,759,89,0.01
9312dx,2026-02-24,760,90,2.67
9312dx,2026-02-25,761,91,0.86
9312dx,2026-02-26,762,92,0.43
9312dx,2026-02-27,763,93,0.18
9312dx,2026-02-28,764,94,0.23
9312dx,2026-03-01,765,95,0.02
9312dx,2026-03-02,766,96,0.02
9312dx,2026-03-03,767,97,2.46
9312dx,2026-03-04,768,98,0.57
9312dx,2026-03-05,769,99,0.61
9312fz,2025-11-26,670,0,0.0
9312fz,2025-11-27,671,1,0.01
9312fz,2025-11-28,672,2,0.01
9312fz,2025-11-29,673,3,0.03
9312fz,2025-11-30,674,4,0.02
9312fz,2025-12-01,675,5,0.0
9312fz,2025-12-02,676,6,0.98
9312fz,2025-12-03,677,7,0.21
9312fz,2025-12-04,678,8,0.24
9312fz,2025-12-05,679,9,0.04
9312fz,2025-12-06,680,10,0.02
9312fz,2025-12-07,681,11,0.0
9312fz,2025-12-08,682,12,0.01
9312fz,2025-12-09,683,13,0.24
9312fz,2025-12-10,684,14,0.06
9312fz,2025-12-11,685,15,0.03
9312fz,2025-12-12,686,16,0.02
9312fz,2025-12-13,687,17,0.02
9312fz,2025-12-14,688,18,0.0
9312fz,2025-12-15,689,19,0.0
9312fz,2025-12-16,690,20,0.09
9312fz,2025-12-17,691,21,0.0
9312fz,2025-12-18,692,22,0.0
9312fz,2025-12-19,693,23,0.04
9312fz,2025-12-20,694,24,0.04
9312fz,2025-12-21,695,25,0.01
9312fz,2025-12-22,696,26,0.01
9312fz,2025-12-23,697,27,0.12
9312fz,2025-12-24,698,28,0.02
9312fz,2025-12-25,699,29,0.04
9312fz,2025-12-26,700,30,0.02
9312fz,2025-12-27,701,31,0.06
9312fz,2025-12-28,702,32,0.01
9312fz,2025-12-29,703,33,0.02
9312fz,2025-12-30,704,34,0.4
9312fz,2025-12-31,705,35,0.03
9312fz,2026-01-01,706,36,0.04
9312fz,2026-01-02,707,37,0.06
9312fz,2026-01-03,708,38,0.04
9312fz,2026-01-04,709,39,0.03
9312fz,2026-01-05,710,40,0.02
9312fz,2026-01-06,711,41,0.25
9312fz,2026-01-07,712,42,0.04
9312fz,2026-01-08,713,43,0.13
9312fz,2026-01-09,714,44,0.05
9312fz,2026-01-10,715,45,0.02
9312fz,2026-01-11,716,46,0.01
9312fz,2026-01-12,717,47,0.01
9312fz,2026-01-13,718,48,0.37
9312fz,2026-01-14,719,49,0.0
9312fz,2026-01-15,720,50,0.03
9312fz,2026-01-16,721,51,0.02
9312fz,2026-01-17,722,52,0.01
9312fz,2026-01-18,723,53,0.0
9312fz,2026-01-19,724,54,0.02
9312fz,2026-01-20,725,55,0.39
9312fz,2026-01-21,726,56,0.01
9312fz,2026-01-22,727,57,0.09
9312fz,2026-01-23,728,58,0.04
9312fz,2026-01-24,729,59,0.0
9312fz,2026-01-25,730,60,0.0
9312fz,2026-01-26,731,61,0.02
9312fz,2026-01-27,732,62,0.4
9312fz,2026-01-28,733,63,0.04
9312fz,2026-01-29,734,64,0.07
9312fz,2026-01-30,735,65,0.01
9312fz,2026-01-31,736,66,0.01
9312fz,2026-02-01,737,67,0.02
9312fz,2026-02-02,738,68,0.01
9312fz,2026-02-03,739,69,0.02
9312fz,2026-02-04,740,70,0.03
9312fz,2026-02-05,741,71,0.08
9312fz,2026-02-06,742,72,0.05
9312fz,2026-02-07,743,73,0.07
9312fz,2026-02-08,744,74,0.01
9312fz,2026-02-09,745,75,0.01
9312fz,2026-02-10,746,76,0.69
9312fz,2026-02-11,747,77,0.2
9312fz,2026-02-12,748,78,0.09
9312fz,2026-02-13,749,79,0.09
9312fz,2026-02-14,750,80,0.21
9312fz,2026-02-15,751,81,0.07
9312fz,2026-02-16,752,82,0.02
9312fz,2026-02-17,753,83,0.8
9312fz,2026-02-18,754,84,0.43
9312fz,2026-02-19,755,85,0.45
9312fz,2026-02-20,756,86,0.33
9312fz,2026-02-21,757,87,0.3
9312fz,2026-02-22,758,88,0.02
9312fz,2026-02-23,759,89,0.01
9312fz,2026-02-24,760,90,2.15
9312fz,2026-02-25,761,91,0.8
9312fz,2026-02-26,762,92,0.57
9312fz,2026-02-27,763,93,0.41
9312fz,2026-02-28,764,94,0.47
9312fz,2026-03-01,765,95,0.14
9312fz,2026-03-02,766,96,0.04
9312fz,2026-03-03,767,97,1.19
9312fz,2026-03-04,768,98,0.27
9312fz,2026-03-05,769,99,0.22
9312sf,2025-11-26,670,0,0.15
9312sf,2025-11-27,671,1,0.09
9312sf,2025-11-28,672,2,0.06
9312sf,2025-11-29,673,3,0.04
9312sf,2025-11-30,674,4,0.01
9312sf,2025-12-01,675,5,0.01
9312sf,2025-12-02,676,6,1.97
9312sf,2025-12-03,677,7,1.17
9312sf,2025-12-04,678,8,0.87
9312sf,2025-12-05,679,9,0.34
9312sf,2025-12-06,680,10,0.15
9312sf,2025-12-07,681,11,0.01
9312sf,2025-12-08,682,12,0.0
9312sf,2025-12-09,683,13,0.06
9312sf,2025-12-10,684,14,0.01
9312sf,2025-12-11,685,15,0.02
9312sf,2025-12-12,686,16,0.01
9312sf,2025-12-13,687,17,0.0
9312sf,2025-12-14,688,18,0.0
9312sf,2025-12-15,689,19,0.0
9312sf,2025-12-16,690,20,0.01
9312sf,2025-12-17,691,21,0.0
9312sf,2025-12-18,692,22,0.0
9312sf,2025-12-19,693,23,0.0
9312sf,2025-12-20,694,24,0.0
9312sf,2025-12-21,695,25,0.0
9312sf,2025-12-22,696,26,0.0
9312sf,2025-12-23,697,27,0.02
9312sf,2025-12-24,698,28,0.0
9312sf,2025-12-25,699,29,0.0
9312sf,2025-12-26,700,30,0.0
9312sf,2025-12-27,701,31,0.0
9312sf,2025-12-28,702,32,0.0
9312sf,2025-12-29,703,33,0.0
9312sf,2025-12-30,704,34,0.01
9312sf,2025-12-31,705,35,0.0
9312sf,2026-01-01,706,36,0.0
9312sf,2026-01-02,707,37,0.06
9312sf,2026-01-03,708,38,0.02
9312sf,2026-01-04,709,39,0.01
9312sf,2026-01-05,710,40,0.01
9312sf,2026-01-06,711,41,0.08
9312sf,2026-01-07,712,42,0.15
9312sf,2026-01-08,713,43,0.09
9312sf,2026-01-09,714,44,0.08
9312sf,2026-01-10,715,45,0.02
9312sf,2026-01-11,716,46,0.03
9312sf,2026-01-12,717,47,0.0
9312sf,2026-01-13,718,48,0.14
9312sf,2026-01-14,719,49,0.03
9312sf,2026-01-15,720,50,0.14
9312sf,2026-01-16,721,51,0.03
9312sf,2026-01-17,722,52,0.02
9312sf,2026-01-18,723,53,0.01
9312sf,2026-01-19,724,54,0.0
9312sf,2026-01-20,725,55,0.11
9312sf,2026-01-21,726,56,0.03
9312sf,2026-01-22,727,57,0.11
9312sf,2026-01-23,728,58,0.22
9312sf,2026-01-24,729,59,0.07
9312sf,2026-01-25,730,60,0.03
9312sf,2026-01-26,731,61,0.0
9312sf,2026-01-27,732,62,0.12
9312sf,2026-01-28,733,63,0.05
9312sf,2026-01-29,734,64,0.04
9312sf,2026-01-30,735,65,0.04
9312sf,2026-01-31,736,66,0.11
9312sf,2026-02-01,737,67,0.02
9312sf,2026-02-02,738,68,0.0
9312sf,2026-02-03,739,69,0.03
9312sf,2026-02-04,740,70,0.0
9312sf,2026-02-05,741,71,0.02
9312sf,2026-02-06,742,72,0.03
9312sf,2026-02-07,743,73,0.03
9312sf,2026-02-08,744,74,0.02
9312sf,2026-02-09,745,75,0.0
9312sf,2026-02-10,746,76,0.08
9312sf,2026-02-11,747,77,0.01
9312sf,2026-02-12,748,78,0.02
9312sf,2026-02-13,749,79,0.07
9312sf,2026-02-14,750,80,0.01
9312sf,2026-02-15,751,81,0.0
9312sf,2026-02-16,752,82,0.0
9312sf,2026-02-17,753,83,0.05
9312sf,2026-02-18,754,84,0.02
9312sf,2026-02-19,755,85,0.05
9312sf,2026-02-20,756,86,0.1
9312sf,2026-02-21,757,87,0.07
9312sf,2026-02-22,758,88,0.01
9312sf,2026-02-23,759,89,0.0
9312sf,2026-02-24,760,90,0.05
9312sf,2026-02-25,761,91,0.03
9312sf,2026-02-26,762,92,0.04
9312sf,2026-02-27,763,93,0.06
9312sf,2026-02-28,764,94,0.04
9312sf,2026-03-01,765,95,0.02
9312sf,2026-03-02,766,96,0.0
9312sf,2026-03-03,767,97,0.06
9312sf,2026-03-04,768,98,0.03
9312sf,2026-03-05,769,99,0.01
9312ub,2025-11-26,670,0,0.53
9312ub,2025-11-27,671,1,0.92
9312ub,2025-11-28,672,2,0.5
9312ub,2025-11-29,673,3,0.31
9312ub,2025-11-30,674,4,0.33
9312ub,2025-12-01,675,5,0.48
9312ub,2025-12-02,676,6,1.99
9312ub,2025-12-03,677,7,1.78
9312ub,2025-12-04,678,8,1.0
9312ub,2025-12-05,679,9,0.92
9312ub,2025-12-06,680,10,0.75
9312ub,2025-12-07,681,11,0.13
9312ub,2025-12-08,682,12,0.07
9312ub,2025-12-09,683,13,1.62
9312ub,2025-12-10,684,14,0.67
9312ub,2025-12-11,685,15,0.28
9312ub,2025-12-12,686,16,0.25
9312ub,2025-12-13,687,17,0.14
9312ub,2025-12-14,688,18,0.04
9312ub,2025-12-15,689,19,0.04
9312ub,2025-12-16,690,20,2.21
9312ub,2025-12-17,691,21,0.57
9312ub,2025-12-18,692,22,0.32
9312ub,2025-12-19,693,23,0.36
9312ub,2025-12-20,694,24,0.14
9312ub,2025-12-21,695,25,0.01
9312ub,2025-12-22,696,26,0.0
9312ub,2025-12-23,697,27,1.99
9312ub,2025-12-24,698,28,0.48
9312ub,2025-12-25,699,29,0.48
9312ub,2025-12-26,700,30,0.3
9312ub,2025-12-27,701,31,0.12
9312ub,2025-12-28,702,32,0.04
9312ub,2025-12-29,703,33,0.09
9312ub,2025-12-30,704,34,2.52
9312ub,2025-12-31,705,35,0.62
9312ub,2026-01-01,706,36,0.48
9312ub,2026-01-02,707,37,0.39
9312ub,2026-01-03,708,38,0.55
9312ub,2026-01-04,709,39,0.08
9312ub,2026-01-05,710,40,0.11
9312ub,2026-01-06,711,41,2.44
9312ub,2026-01-07,712,42,0.99
9312ub,2026-01-08,713,43,0.99
9312ub,2026-01-09,714,44,0.72
9312ub,2026-01-10,715,45,0.66
9312ub,2026-01-11,716,46,0.13
9312ub,2026-01-12,717,47,0.06
9312ub,2026-01-13,718,48,1.99
9312ub,2026-01-14,719,49,0.97
9312ub,2026-01-15,720,50,0.32
9312ub,2026-01-16,721,51,0.59
9312ub,2026-01-17,722,52,0.71
9312ub,2026-01-18,723,53,0.08
9312ub,2026-01-19,724,54,0.08
9312ub,2026-01-20,725,55,1.07
9312ub,2026-01-21,726,56,0.73
9312ub,2026-01-22,727,57,0.5
9312ub,2026-01-23,728,58,0.33
9312ub,2026-01-24,729,59,0.44
9312ub,2026-01-25,730,60,0.08
9312ub,2026-01-26,731,61,0.08
9312ub,2026-01-27,732,62,0.69
9312ub,2026-01-28,733,63,0.48
9312ub,2026-01-29,734,64,0.53
9312ub,2026-01-30,735,65,0.64
9312ub,2026-01-31,736,66,0.62
9312ub,2026-02-01,737,67,0.17
9312ub,2026-02-02,738,68,0.02
9312ub,2026-02-03,739,69,1.08
9312ub,2026-02-04,740,70,0.26
9312ub,2026-02-05,741,71,0.21
9312ub,2026-02-06,742,72,0.54
9312ub,2026-02-07,743,73,0.21
9312ub,2026-02-08,744,74,0.04
9312ub,2026-02-09,745,75,0.02
9312ub,2026-02-10,746,76,2.32
9312ub,2026-02-11,747,77,0.59
9312ub,2026-02-12,748,78,0.32
9312ub,2026-02-13,749,79,0.18
9312ub,2026-02-14,750,80,0.13
9312ub,2026-02-15,751,81,0.0
9312ub,2026-02-16,752,82,0.06
9312ub,2026-02-17,753,83,2.82
9312ub,2026-02-18,754,84,0.81
9312ub,2026-02-19,755,85,0.5
9312ub,2026-02-20,756,86,0.26
9312ub,2026-02-21,757,87,0.14
9312ub,2026-02-22,758,88,0.07
9312ub,2026-02-23,759,89,0.03
9312ub,2026-02-24,760,90,2.77
9312ub,2026-02-25,761,91,0.65
9312ub,2026-02-26,762,92,0.45
9312ub,2026-02-27,763,93,0.35
9312ub,2026-02-28,764,94,0.17
9312ub,2026-03-01,765,95,0.03
9312ub,2026-03-02,766,96,0.0
9312ub,2026-03-03,767,97,1.68
9312ub,2026-03-04,768,98,0.62
9312ub,2026-03-05,769,99,0.57
9313dx,2025-11-26,670,0,0.02
9313dx,2025-11-27,671,1,0.0
9313dx,2025-11-28,672,2,0.0
9313dx,2025-11-29,673,3,0.0
9313dx,2025-11-30,674,4,0.0
9313dx,2025-12-01,675,5,0.0
9313dx,2025-12-02,676,6,0.0
9313dx,2025-12-03,677,7,0.0
9313dx,2025-12-04,678,8,0.0
9313dx,2025-12-05,679,9,0.0
9313dx,2025-12-06,680,10,0.0
9313dx,2025-12-07,681,11,0.0
9313dx,2025-12-08,682,12,0.0
9313dx,2025-12-09,683,13,0.0
9313dx,2025-12-10,684,14,0.0
9313dx,2025-12-11,685,15,0.0
9313dx,2025-12-12,686,16,0.0
9313dx,2025-12-13,687,17,0.0
9313dx,2025-12-14,688,18,0.0
9313dx,2025-12-15,689,19,0.0
9313dx,2025-12-16,690,20,0.0
9313dx,2025-12-17,691,21,0.0
9313dx,2025-12-18,692,22,0.0
9313dx,2025-12-19,693,23,0.0
9313dx,2025-12-20,694,24,0.0
9313dx,2025-12-21,695,25,0.0
9313dx,2025-12-22,696,26,0.0
9313dx,2025-12-23,697,27,0.02
9313dx,2025-12-24,698,28,0.01
9313dx,2025-12-25,699,29,0.0
9313dx,2025-12-26,700,30,0.0
9313dx,2025-12-27,701,31,0.01
9313dx,2025-12-28,702,32,0.0
9313dx,2025-12-29,703,33,0.0
9313dx,2025-12-30,704,34,0.21
9313dx,2025-12-31,705,35,0.02
9313dx,2026-01-01,706,36,0.0
9313dx,2026-01-02,707,37,0.04
9313dx,2026-01-03,708,38,0.0
9313dx,2026-01-04,709,39,0.0
9313dx,2026-01-05,710,40,0.0
9313dx,2026-01-06,711,41,0.02
9313dx,2026-01-07,712,42,0.0
9313dx,2026-01-08,713,43,0.09
9313dx,2026-01-09,714,44,0.05
9313dx,2026-01-10,715,45,0.01
9313dx,2026-01-11,716,46,0.0
9313dx,2026-01-12,717,47,0.01
9313dx,2026-01-13,718,48,0.12
9313dx,2026-01-14,719,49,0.01
9313dx,2026-01-15,720,50,0.0
9313dx,2026-01-16,721,51,0.0
9313dx,2026-01-17,722,52,0.01
9313dx,2026-01-18,723,53,0.0
9313dx,2026-01-19,724,54,0.0
9313dx,2026-01-20,725,55,0.19
9313dx,2026-01-21,726,56,0.03
9313dx,2026-01-22,727,57,0.02
9313dx,2026-01-23,728,58,0.0
9313dx,2026-01-24,729,59,0.01
9313dx,2026-01-25,730,60,0.01
9313dx,2026-01-26,731,61,0.0
9313dx,2026-01-27,732,62,0.06
9313dx,2026-01-28,733,63,0.0
9313dx,2026-01-29,734,64,0.02
9313dx,2026-01-30,735,65,0.03
9313dx,2026-01-31,736,66,0.01
9313dx,2026-02-01,737,67,0.01
9313dx,2026-02-02,738,68,0.0
9313dx,2026-02-03,739,69,0.06
9313dx,2026-02-04,740,70,0.0
9313dx,2026-02-05,741,71,0.0
9313dx,2026-02-06,742,72,0.0
9313dx,2026-02-07,743,73,0.0
9313dx,2026-02-08,744,74,0.0
9313dx,2026-02-09,745,75,0.0
9313dx,2026-02-10,746,76,0.02
9313dx,2026-02-11,747,77,0.0
9313dx,2026-02-12,748,78,0.01
9313dx,2026-02-13,749,79,0.0
9313dx,2026-02-14,750,80,0.0
9313dx,2026-02-15,751,81,0.0
9313dx,2026-02-16,752,82,0.0
9313dx,2026-02-17,753,83,0.06
9313dx,2026-02-18,754,84,0.09
9313dx,2026-02-19,755,85,0.02
9313dx,2026-02-20,756,86,0.0
9313dx,2026-02-21,757,87,0.01
9313dx,2026-02-22,758,88,0.01
9313dx,2026-02-23,759,89,0.0
9313dx,2026-02-24,760,90,0.23
9313dx,2026-02-25,761,91,0.24
9313dx,2026-02-26,762,92,0.13
9313dx,2026-02-27,763,93,0.05
9313dx,2026-02-28,764,94,0.03
9313dx,2026-03-01,765,95,0.0
9313dx,2026-03-02,766,96,0.0
9313dx,2026-03-03,767,97,0.51
9313dx,2026-03-04,768,98,0.4
9313dx,2026-03-05,769,99,0.07
9313fz,2025-11-26,670,0,0.0
9313fz,2025-11-27,671,1,0.0
9313fz,2025-11-28,672,2,0.01
9313fz,2025-11-29,673,3,0.02
9313fz,2025-11-30,674,4,0.01
9313fz,2025-12-01,675,5,0.01
9313fz,2025-12-02,676,6,0.08
9313fz,2025-12-03,677,7,0.04
9313fz,2025-12-04,678,8,0.08
9313fz,2025-12-05,679,9,0.1
9313fz,2025-12-06,680,10,0.04
9313fz,2025-12-07,681,11,0.01
9313fz,2025-12-08,682,12,0.0
9313fz,2025-12-09,683,13,0.01
9313fz,2025-12-10,684,14,0.0
9313fz,2025-12-11,685,15,0.0
9313fz,2025-12-12,686,16,0.02
9313fz,2025-12-13,687,17,0.0
9313fz,2025-12-14,688,18,0.01
9313fz,2025-12-15,689,19,0.0
9313fz,2025-12-16,690,20,0.01
9313fz,2025-12-17,691,21,0.0
9313fz,2025-12-18,692,22,0.01
9313fz,2025-12-19,693,23,0.0
9313fz,2025-12-20,694,24,0.0
9313fz,2025-12-21,695,25,0.0
9313fz,2025-12-22,696,26,0.0
9313fz,2025-12-23,697,27,0.0
9313fz,2025-12-24,698,28,0.0
9313fz,2025-12-25,699,29,0.0
9313fz,2025-12-26,700,30,0.0
9313fz,2025-12-27,701,31,0.0
9313fz,2025-12-28,702,32,0.0
9313fz,2025-12-29,703,33,0.0
9313fz,2025-12-30,704,34,0.0
9313fz,2025-12-31,705,35,0.0
9313fz,2026-01-01,706,36,0.0
9313fz,2026-01-02,707,37,0.0
9313fz,2026-01-03,708,38,0.0
9313fz,2026-01-04,709,39,0.0
9313fz,2026-01-05,710,40,0.0
9313fz,2026-01-06,711,41,0.0
9313fz,2026-01-07,712,42,0.0
9313fz,2026-01-08,713,43,0.0
9313fz,2026-01-09,714,44,0.0
9313fz,2026-01-10,715,45,0.0
9313fz,2026-01-11,716,46,0.0
9313fz,2026-01-12,717,47,0.0
9313fz,2026-01-13,718,48,0.0
9313fz,2026-01-14,719,49,0.0
9313fz,2026-01-15,720,50,0.0
9313fz,2026-01-16,721,51,0.0
9313fz,2026-01-17,722,52,0.0
9313fz,2026-01-18,723,53,0.0
9313fz,2026-01-19,724,54,0.0
9313fz,2026-01-20,725,55,0.0
9313fz,2026-01-21,726,56,0.0
9313fz,2026-01-22,727,57,0.0
9313fz,2026-01-23,728,58,0.0
9313fz,2026-01-24,729,59,0.0
9313fz,2026-01-25,730,60,0.0
9313fz,2026-01-26,731,61,0.0
9313fz,2026-01-27,732,62,0.0
9313fz,2026-01-28,733,63,0.0
9313fz,2026-01-29,734,64,0.0
9313fz,2026-01-30,735,65,0.0
9313fz,2026-01-31,736,66,0.0
9313fz,2026-02-01,737,67,0.0
9313fz,2026-02-02,738,68,0.0
9313fz,2026-02-03,739,69,0.0
9313fz,2026-02-04,740,70,0.0
9313fz,2026-02-05,741,71,0.0
9313fz,2026-02-06,742,72,0.0
9313fz,2026-02-07,743,73,0.0
9313fz,2026-02-08,744,74,0.0
9313fz,2026-02-09,745,75,0.0
9313fz,2026-02-10,746,76,0.0
9313fz,2026-02-11,747,77,0.0
9313fz,2026-02-12,748,78,0.0
9313fz,2026-02-13,749,79,0.0
9313fz,2026-02-14,750,80,0.01
9313fz,2026-02-15,751,81,0.0
9313fz,2026-02-16,752,82,0.0
9313fz,2026-02-17,753,83,0.0
9313fz,2026-02-18,754,84,0.0
9313fz,2026-02-19,755,85,0.0
9313fz,2026-02-20,756,86,0.0
9313fz,2026-02-21,757,87,0.0
9313fz,2026-02-22,758,88,0.0
9313fz,2026-02-23,759,89,0.0
9313fz,2026-02-24,760,90,0.01
9313fz,2026-02-25,761,91,0.0
9313fz,2026-02-26,762,92,0.0
9313fz,2026-02-27,763,93,0.0
9313fz,2026-02-28,764,94,0.0
9313fz,2026-03-01,765,95,0.04
9313fz,2026-03-02,766,96,0.0
9313fz,2026-03-03,767,97,0.18
9313fz,2026-03-04,768,98,0.16
9313fz,2026-03-05,769,99,0.16
9313sf,2025-11-26,670,0,0.0
9313sf,2025-11-27,671,1,0.0
9313sf,2025-11-28,672,2,0.0
9313sf,2025-11-29,673,3,0.0
9313sf,2025-11-30,674,4,0.0
9313sf,2025-12-01,675,5,0.0
9313sf,2025-12-02,676,6,0.0
9313sf,2025-12-03,677,7,0.0
9313sf,2025-12-04,678,8,0.0
9313sf,2025-12-05,679,9,0.0
9313sf,2025-12-06,680,10,0.0
9313sf,2025-12-07,681,11,0.0
9313sf,2025-12-08,682,12,0.0
9313sf,2025-12-09,683,13,0.0
9313sf,2025-12-10,684,14,0.0
9313sf,2025-12-11,685,15,0.0
9313sf,2025-12-12,686,16,0.0
9313sf,2025-12-13,687,17,0.0
9313sf,2025-12-14,688,18,0.0
9313sf,2025-12-15,689,19,0.0
9313sf,2025-12-16,690,20,0.0
9313sf,2025-12-17,691,21,0.0
9313sf,2025-12-18,692,22,0.0
9313sf,2025-12-19,693,23,0.0
9313sf,2025-12-20,694,24,0.0
9313sf,2025-12-21,695,25,0.0
9313sf,2025-12-22,696,26,0.0
9313sf,2025-12-23,697,27,0.0
9313sf,2025-12-24,698,28,0.0
9313sf,2025-12-25,699,29,0.0
9313sf,2025-12-26,700,30,0.0
9313sf,2025-12-27,701,31,0.0
9313sf,2025-12-28,702,32,0.0
9313sf,2025-12-29,703,33,0.0
9313sf,2025-12-30,704,34,0.0
9313sf,2025-12-31,705,35,0.0
9313sf,2026-01-01,706,36,0.0
9313sf,2026-01-02,707,37,0.0
9313sf,2026-01-03,708,38,0.0
9313sf,2026-01-04,709,39,0.0
9313sf,2026-01-05,710,40,0.0
9313sf,2026-01-06,711,41,0.0
9313sf,2026-01-07,712,42,0.0
9313sf,2026-01-08,713,43,0.01
9313sf,2026-01-09,714,44,0.0
9313sf,2026-01-10,715,45,0.0
9313sf,2026-01-11,716,46,0.0
9313sf,2026-01-12,717,47,0.0
9313sf,2026-01-13,718,48,0.0
9313sf,2026-01-14,719,49,0.0
9313sf,2026-01-15,720,50,0.0
9313sf,2026-01-16,721,51,0.01
9313sf,2026-01-17,722,52,0.0
9313sf,2026-01-18,723,53,0.0
9313sf,2026-01-19,724,54,0.0
9313sf,2026-01-20,725,55,0.0
9313sf,2026-01-21,726,56,0.0
9313sf,2026-01-22,727,57,0.0
9313sf,2026-01-23,728,58,0.0
9313sf,2026-01-24,729,59,0.0
9313sf,2026-01-25,730,60,0.0
9313sf,2026-01-26,731,61,0.0
9313sf,2026-01-27,732,62,0.0
9313sf,2026-01-28,733,63,0.0
9313sf,2026-01-29,734,64,0.0
9313sf,2026-01-30,735,65,0.0
9313sf,2026-01-31,736,66,0.0
9313sf,2026-02-01,737,67,0.0
9313sf,2026-02-02,738,68,0.0
9313sf,2026-02-03,739,69,0.0
9313sf,2026-02-04,740,70,0.0
9313sf,2026-02-05,741,71,0.0
9313sf,2026-02-06,742,72,0.0
9313sf,2026-02-07,743,73,0.0
9313sf,2026-02-08,744,74,0.0
9313sf,2026-02-09,745,75,0.0
9313sf,2026-02-10,746,76,0.0
9313sf,2026-02-11,747,77,0.0
9313sf,2026-02-12,748,78,0.0
9313sf,2026-02-13,749,79,0.0
9313sf,2026-02-14,750,80,0.0
9313sf,2026-02-15,751,81,0.0
9313sf,2026-02-16,752,82,0.0
9313sf,2026-02-17,753,83,0.0
9313sf,2026-02-18,754,84,0.0
9313sf,2026-02-19,755,85,0.0
9313sf,2026-02-20,756,86,0.0
9313sf,2026-02-21,757,87,0.0
9313sf,2026-02-22,758,88,0.0
9313sf,2026-02-23,759,89,0.0
9313sf,2026-02-24,760,90,0.0
9313sf,2026-02-25,761,91,0.0
9313sf,2026-02-26,762,92,0.0
9313sf,2026-02-27,763,93,0.0
9313sf,2026-02-28,764,94,0.0
9313sf,2026-03-01,765,95,0.0
9313sf,2026-03-02,766,96,0.0
9313sf,2026-03-03,767,97,0.0
9313sf,2026-03-04,768,98,0.0
9313sf,2026-03-05,769,99,0.0
9313ub,2025-11-26,670,0,0.17
9313ub,2025-11-27,671,1,0.06
9313ub,2025-11-28,672,2,0.05
9313ub,2025-11-29,673,3,0.01
9313ub,2025-11-30,674,4,0.0
9313ub,2025-12-01,675,5,0.0
9313ub,2025-12-02,676,6,0.77
9313ub,2025-12-03,677,7,0.17
9313ub,2025-12-04,678,8,0.11
9313ub,2025-12-05,679,9,0.04
9313ub,2025-12-06,680,10,0.05
9313ub,2025-12-07,681,11,0.01
9313ub,2025-12-08,682,12,0.0
9313ub,2025-12-09,683,13,0.18
9313ub,2025-12-10,684,14,0.04
9313ub,2025-12-11,685,15,0.02
9313ub,2025-12-12,686,16,0.04
9313ub,2025-12-13,687,17,0.02
9313ub,2025-12-14,688,18,0.01
9313ub,2025-12-15,689,19,0.0
9313ub,2025-12-16,690,20,0.04
9313ub,2025-12-17,691,21,0.01
9313ub,2025-12-18,692,22,0.02
9313ub,2025-12-19,693,23,0.03
9313ub,2025-12-20,694,24,0.0
9313ub,2025-12-21,695,25,0.0
9313ub,2025-12-22,696,26,0.0
9313ub,2025-12-23,697,27,0.1
9313ub,2025-12-24,698,28,0.01
9313ub,2025-12-25,699,29,0.0
9313ub,2025-12-26,700,30,0.01
9313ub,2025-12-27,701,31,0.0
9313ub,2025-12-28,702,32,0.0
9313ub,2025-12-29,703,33,0.0
9313ub,2025-12-30,704,34,0.13
9313ub,2025-12-31,705,35,0.0
9313ub,2026-01-01,706,36,0.0
9313ub,2026-01-02,707,37,0.0
9313ub,2026-01-03,708,38,0.0
9313ub,2026-01-04,709,39,0.0
9313ub,2026-01-05,710,40,0.0
9313ub,2026-01-06,711,41,0.31
9313ub,2026-01-07,712,42,0.02
9313ub,2026-01-08,713,43,0.0
9313ub,2026-01-09,714,44,0.02
9313ub,2026-01-10,715,45,0.01
9313ub,2026-01-11,716,46,0.01
9313ub,2026-01-12,717,47,0.0
9313ub,2026-01-13,718,48,0.13
9313ub,2026-01-14,719,49,0.03
9313ub,2026-01-15,720,50,0.02
9313ub,2026-01-16,721,51,0.01
9313ub,2026-01-17,722,52,0.0
9313ub,2026-01-18,723,53,0.02
9313ub,2026-01-19,724,54,0.02
9313ub,2026-01-20,725,55,0.13
9313ub,2026-01-21,726,56,0.05
9313ub,2026-01-22,727,57,0.0
9313ub,2026-01-23,728,58,0.02
9313ub,2026-01-24,729,59,0.01
9313ub,2026-01-25,730,60,0.02
9313ub,2026-01-26,731,61,0.0
9313ub,2026-01-27,732,62,0.13
9313ub,2026-01-28,733,63,0.01
9313ub,2026-01-29,734,64,0.05
9313ub,2026-01-30,735,65,0.03
9313ub,2026-01-31,736,66,0.02
9313ub,2026-02-01,737,67,0.01
9313ub,2026-02-02,738,68,0.01
9313ub,2026-02-03,739,69,0.05
9313ub,2026-02-04,740,70,0.02
9313ub,2026-02-05,741,71,0.03
9313ub,2026-02-06,742,72,0.02
9313ub,2026-02-07,743,73,0.0
9313ub,2026-02-08,744,74,0.0
9313ub,2026-02-09,745,75,0.01
9313ub,2026-02-10,746,76,0.04
9313ub,2026-02-11,747,77,0.01
9313ub,2026-02-12,748,78,0.01
9313ub,2026-02-13,749,79,0.07
9313ub,2026-02-14,750,80,0.03
9313ub,2026-02-15,751,81,0.02
9313ub,2026-02-16,752,82,0.04
9313ub,2026-02-17,753,83,0.13
9313ub,2026-02-18,754,84,0.21
9313ub,2026-02-19,755,85,0.01
9313ub,2026-02-20,756,86,0.1
9313ub,2026-02-21,757,87,0.04
9313ub,2026-02-22,758,88,0.01
9313ub,2026-02-23,759,89,0.02
9313ub,2026-02-24,760,90,0.67
9313ub,2026-02-25,761,91,0.12
9313ub,2026-02-26,762,92,0.07
9313ub,2026-02-27,763,93,0.05
9313ub,2026-02-28,764,94,0.01
9313ub,2026-03-01,765,95,0.01
9313ub,2026-03-02,766,96,0.0
9313ub,2026-03-03,767,97,0.52
9313ub,2026-03-04,768,98,0.11
9313ub,2026-03-05,769,99,0.03
9314dx,2025-11-26,670,0,0.07
9314dx,2025-11-27,671,1,0.04
9314dx,2025-11-28,672,2,0.07
9314dx,2025-11-29,673,3,0.07
9314dx,2025-11-30,674,4,0.03
9314dx,2025-12-01,675,5,0.03
9314dx,2025-12-02,676,6,0.83
9314dx,2025-12-03,677,7,0.84
9314dx,2025-12-04,678,8,1.05
9314dx,2025-12-05,679,9,0.31
9314dx,2025-12-06,680,10,0.15
9314dx,2025-12-07,681,11,0.05
9314dx,2025-12-08,682,12,0.0
9314dx,2025-12-09,683,13,0.4
9314dx,2025-12-10,684,14,0.03
9314dx,2025-12-11,685,15,0.06
9314dx,2025-12-12,686,16,0.1
9314dx,2025-12-13,687,17,0.02
9314dx,2025-12-14,688,18,0.01
9314dx,2025-12-15,689,19,0.02
9314dx,2025-12-16,690,20,0.65
9314dx,2025-12-17,691,21,0.28
9314dx,2025-12-18,692,22,0.15
9314dx,2025-12-19,693,23,0.15
9314dx,2025-12-20,694,24,0.03
9314dx,2025-12-21,695,25,0.04
9314dx,2025-12-22,696,26,0.01
9314dx,2025-12-23,697,27,0.6
9314dx,2025-12-24,698,28,0.31
9314dx,2025-12-25,699,29,0.13
9314dx,2025-12-26,700,30,0.09
9314dx,2025-12-27,701,31,0.1
9314dx,2025-12-28,702,32,0.03
9314dx,2025-12-29,703,33,0.04
9314dx,2025-12-30,704,34,0.25
9314dx,2025-12-31,705,35,0.14
9314dx,2026-01-01,706,36,0.25
9314dx,2026-01-02,707,37,0.18
9314dx,2026-01-03,708,38,0.07
9314dx,2026-01-04,709,39,0.05
9314dx,2026-01-05,710,40,0.03
9314dx,2026-01-06,711,41,0.55
9314dx,2026-01-07,712,42,0.19
9314dx,2026-01-08,713,43,0.33
9314dx,2026-01-09,714,44,0.11
9314dx,2026-01-10,715,45,0.1
9314dx,2026-01-11,716,46,0.05
9314dx,2026-01-12,717,47,0.02
9314dx,2026-01-13,718,48,0.38
9314dx,2026-01-14,719,49,0.12
9314dx,2026-01-15,720,50,0.12
9314dx,2026-01-16,721,51,0.12
9314dx,2026-01-17,722,52,0.05
9314dx,2026-01-18,723,53,0.03
9314dx,2026-01-19,724,54,0.07
9314dx,2026-01-20,725,55,0.39
9314dx,2026-01-21,726,56,0.16
9314dx,2026-01-22,727,57,0.07
9314dx,2026-01-23,728,58,0.15
9314dx,2026-01-24,729,59,0.07
9314dx,2026-01-25,730,60,0.01
9314dx,2026-01-26,731,61,0.04
9314dx,2026-01-27,732,62,0.45
9314dx,2026-01-28,733,63,0.07
9314dx,2026-01-29,734,64,0.11
9314dx,2026-01-30,735,65,0.21
9314dx,2026-01-31,736,66,0.04
9314dx,2026-02-01,737,67,0.06
9314dx,2026-02-02,738,68,0.09
9314dx,2026-02-03,739,69,0.26
9314dx,2026-02-04,740,70,0.0
9314dx,2026-02-05,741,71,0.02
9314dx,2026-02-06,742,72,0.06
9314dx,2026-02-07,743,73,0.24
9314dx,2026-02-08,744,74,0.03
9314dx,2026-02-09,745,75,0.02
9314dx,2026-02-10,746,76,0.28
9314dx,2026-02-11,747,77,0.34
9314dx,2026-02-12,748,78,0.24
9314dx,2026-02-13,749,79,0.45
9314dx,2026-02-14,750,80,0.87
9314dx,2026-02-15,751,81,0.05
9314dx,2026-02-16,752,82,0.01
9314dx,2026-02-17,753,83,0.32
9314dx,2026-02-18,754,84,0.43
9314dx,2026-02-19,755,85,0.56
9314dx,2026-02-20,756,86,0.39
9314dx,2026-02-21,757,87,0.84
9314dx,2026-02-22,758,88,0.05
9314dx,2026-02-23,759,89,0.01
9314dx,2026-02-24,760,90,0.55
9314dx,2026-02-25,761,91,0.7
9314dx,2026-02-26,762,92,0.72
9314dx,2026-02-27,763,93,0.76
9314dx,2026-02-28,764,94,0.46
9314dx,2026-03-01,765,95,0.02
9314dx,2026-03-02,766,96,0.01
9314dx,2026-03-03,767,97,0.4
9314dx,2026-03-04,768,98,0.16
9314dx,2026-03-05,769,99,0.17
9314fz,2025-11-26,670,0,0.0
9314fz,2025-11-27,671,1,0.0
9314fz,2025-11-28,672,2,0.0
9314fz,2025-11-29,673,3,0.01
9314fz,2025-11-30,674,4,0.0
9314fz,2025-12-01,675,5,0.0
9314fz,2025-12-02,676,6,0.07
9314fz,2025-12-03,677,7,0.0
9314fz,2025-12-04,678,8,0.0
9314fz,2025-12-05,679,9,0.0
9314fz,2025-12-06,680,10,0.0
9314fz,2025-12-07,681,11,0.0
9314fz,2025-12-08,682,12,0.0
9314fz,2025-12-09,683,13,0.0
9314fz,2025-12-10,684,14,0.0
9314fz,2025-12-11,685,15,0.0
9314fz,2025-12-12,686,16,0.0
9314fz,2025-12-13,687,17,0.0
9314fz,2025-12-14,688,18,0.0
9314fz,2025-12-15,689,19,0.0
9314fz,2025-12-16,690,20,0.0
9314fz,2025-12-17,691,21,0.0
9314fz,2025-12-18,692,22,0.0
9314fz,2025-12-19,693,23,0.0
9314fz,2025-12-20,694,24,0.0
9314fz,2025-12-21,695,25,0.0
9314fz,2025-12-22,696,26,0.0
9314fz,2025-12-23,697,27,0.0
9314fz,2025-12-24,698,28,0.0
9314fz,2025-12-25,699,29,0.0
9314fz,2025-12-26,700,30,0.0
9314fz,2025-12-27,701,31,0.01
9314fz,2025-12-28,702,32,0.0
9314fz,2025-12-29,703,33,0.0
9314fz,2025-12-30,704,34,0.0
9314fz,2025-12-31,705,35,0.0
9314fz,2026-01-01,706,36,0.0
9314fz,2026-01-02,707,37,0.0
9314fz,2026-01-03,708,38,0.0
9314fz,2026-01-04,709,39,0.0
9314fz,2026-01-05,710,40,0.0
9314fz,2026-01-06,711,41,0.0
9314fz,2026-01-07,712,42,0.0
9314fz,2026-01-08,713,43,0.0
9314fz,2026-01-09,714,44,0.0
9314fz,2026-01-10,715,45,0.0
9314fz,2026-01-11,716,46,0.0
9314fz,2026-01-12,717,47,0.0
9314fz,2026-01-13,718,48,0.04
9314fz,2026-01-14,719,49,0.02
9314fz,2026-01-15,720,50,0.06
9314fz,2026-01-16,721,51,0.04
9314fz,2026-01-17,722,52,0.03
9314fz,2026-01-18,723,53,0.01
9314fz,2026-01-19,724,54,0.01
9314fz,2026-01-20,725,55,0.39
9314fz,2026-01-21,726,56,0.31
9314fz,2026-01-22,727,57,0.2
9314fz,2026-01-23,728,58,0.15
9314fz,2026-01-24,729,59,0.12
9314fz,2026-01-25,730,60,0.03
9314fz,2026-01-26,731,61,0.01
9314fz,2026-01-27,732,62,0.48
9314fz,2026-01-28,733,63,0.1
9314fz,2026-01-29,734,64,0.06
9314fz,2026-01-30,735,65,0.06
9314fz,2026-01-31,736,66,0.07
9314fz,2026-02-01,737,67,0.01
9314fz,2026-02-02,738,68,0.0
9314fz,2026-02-03,739,69,0.33
9314fz,2026-02-04,740,70,0.03
9314fz,2026-02-05,741,71,0.03
9314fz,2026-02-06,742,72,0.05
9314fz,2026-02-07,743,73,0.01
9314fz,2026-02-08,744,74,0.01
9314fz,2026-02-09,745,75,0.0
9314fz,2026-02-10,746,76,0.11
9314fz,2026-02-11,747,77,0.03
9314fz,2026-02-12,748,78,0.01
9314fz,2026-02-13,749,79,0.04
9314fz,2026-02-14,750,80,0.0
9314fz,2026-02-15,751,81,0.0
9314fz,2026-02-16,752,82,0.0
9314fz,2026-02-17,753,83,0.26
9314fz,2026-02-18,754,84,0.04
9314fz,2026-02-19,755,85,0.05
9314fz,2026-02-20,756,86,0.05
9314fz,2026-02-21,757,87,0.05
9314fz,2026-02-22,758,88,0.0
9314fz,2026-02-23,759,89,0.0
9314fz,2026-02-24,760,90,0.55
9314fz,2026-02-25,761,91,0.15
9314fz,2026-02-26,762,92,0.19
9314fz,2026-02-27,763,93,0.14
9314fz,2026-02-28,764,94,0.03
9314fz,2026-03-01,765,95,0.0
9314fz,2026-03-02,766,96,0.0
9314fz,2026-03-03,767,97,0.44
9314fz,2026-03-04,768,98,0.07
9314fz,2026-03-05,769,99,0.01
9314sf,2025-11-26,670,0,0.0
9314sf,2025-11-27,671,1,0.0
9314sf,2025-11-28,672,2,0.0
9314sf,2025-11-29,673,3,0.0
9314sf,2025-11-30,674,4,0.0
9314sf,2025-12-01,675,5,0.0
9314sf,2025-12-02,676,6,0.0
9314sf,2025-12-03,677,7,0.01
9314sf,2025-12-04,678,8,0.0
9314sf,2025-12-05,679,9,0.0
9314sf,2025-12-06,680,10,0.0
9314sf,2025-12-07,681,11,0.01
9314sf,2025-12-08,682,12,0.0
9314sf,2025-12-09,683,13,0.01
9314sf,2025-12-10,684,14,0.01
9314sf,2025-12-11,685,15,0.0
9314sf,2025-12-12,686,16,0.0
9314sf,2025-12-13,687,17,0.0
9314sf,2025-12-14,688,18,0.0
9314sf,2025-12-15,689,19,0.01
9314sf,2025-12-16,690,20,0.02
9314sf,2025-12-17,691,21,0.01
9314sf,2025-12-18,692,22,0.07
9314sf,2025-12-19,693,23,0.11
9314sf,2025-12-20,694,24,0.09
9314sf,2025-12-21,695,25,0.04
9314sf,2025-12-22,696,26,0.0
9314sf,2025-12-23,697,27,0.06
9314sf,2025-12-24,698,28,0.02
9314sf,2025-12-25,699,29,0.05
9314sf,2025-12-26,700,30,0.04
9314sf,2025-12-27,701,31,0.05
9314sf,2025-12-28,702,32,0.0
9314sf,2025-12-29,703,33,0.0
9314sf,2025-12-30,704,34,0.05
9314sf,2025-12-31,705,35,0.02
9314sf,2026-01-01,706,36,0.01
9314sf,2026-01-02,707,37,0.04
9314sf,2026-01-03,708,38,0.01
9314sf,2026-01-04,709,39,0.02
9314sf,2026-01-05,710,40,0.0
9314sf,2026-01-06,711,41,0.11
9314sf,2026-01-07,712,42,0.06
9314sf,2026-01-08,713,43,0.04
9314sf,2026-01-09,714,44,0.11
9314sf,2026-01-10,715,45,0.04
9314sf,2026-01-11,716,46,0.04
9314sf,2026-01-12,717,47,0.0
9314sf,2026-01-13,718,48,0.13
9314sf,2026-01-14,719,49,0.05
9314sf,2026-01-15,720,50,0.02
9314sf,2026-01-16,721,51,0.02
9314sf,2026-01-17,722,52,0.08
9314sf,2026-01-18,723,53,0.0
9314sf,2026-01-19,724,54,0.02
9314sf,2026-01-20,725,55,0.02
9314sf,2026-01-21,726,56,0.0
9314sf,2026-01-22,727,57,0.01
9314sf,2026-01-23,728,58,0.04
9314sf,2026-01-24,729,59,0.01
9314sf,2026-01-25,730,60,0.01
9314sf,2026-01-26,731,61,0.0
9314sf,2026-01-27,732,62,0.07
9314sf,2026-01-28,733,63,0.05
9314sf,2026-01-29,734,64,0.03
9314sf,2026-01-30,735,65,0.04
9314sf,2026-01-31,736,66,0.09
9314sf,2026-02-01,737,67,0.01
9314sf,2026-02-02,738,68,0.0
9314sf,2026-02-03,739,69,0.0
9314sf,2026-02-04,740,70,0.0
9314sf,2026-02-05,741,71,0.02
9314sf,2026-02-06,742,72,0.03
9314sf,2026-02-07,743,73,0.0
9314sf,2026-02-08,744,74,0.0
9314sf,2026-02-09,745,75,0.01
9314sf,2026-02-10,746,76,0.0
9314sf,2026-02-11,747,77,0.01
9314sf,2026-02-12,748,78,0.02
9314sf,2026-02-13,749,79,0.0
9314sf,2026-02-14,750,80,0.04
9314sf,2026-02-15,751,81,0.02
9314sf,2026-02-16,752,82,0.0
9314sf,2026-02-17,753,83,0.0
9314sf,2026-02-18,754,84,0.02
9314sf,2026-02-19,755,85,0.02
9314sf,2026-02-20,756,86,0.24
9314sf,2026-02-21,757,87,0.13
9314sf,2026-02-22,758,88,0.03
9314sf,2026-02-23,759,89,0.0
9314sf,2026-02-24,760,90,0.03
9314sf,2026-02-25,761,91,0.05
9314sf,2026-02-26,762,92,0.13
9314sf,2026-02-27,763,93,0.08
9314sf,2026-02-28,764,94,0.08
9314sf,2026-03-01,765,95,0.08
9314sf,2026-03-02,766,96,0.02
9314sf,2026-03-03,767,97,0.07
9314sf,2026-03-04,768,98,0.07
9314sf,2026-03-05,769,99,0.1
9314ub,2025-11-26,670,0,0.02
9314ub,2025-11-27,671,1,0.02
9314ub,2025-11-28,672,2,0.05
9314ub,2025-11-29,673,3,0.01
9314ub,2025-11-30,674,4,0.02
9314ub,2025-12-01,675,5,0.01
9314ub,2025-12-02,676,6,1.28
9314ub,2025-12-03,677,7,0.56
9314ub,2025-12-04,678,8,0.47
9314ub,2025-12-05,679,9,0.19
9314ub,2025-12-06,680,10,0.07
9314ub,2025-12-07,681,11,0.02
9314ub,2025-12-08,682,12,0.0
9314ub,2025-12-09,683,13,0.46
9314ub,2025-12-10,684,14,0.09
9314ub,2025-12-11,685,15,0.1
9314ub,2025-12-12,686,16,0.13
9314ub,2025-12-13,687,17,0.06
9314ub,2025-12-14,688,18,0.02
9314ub,2025-12-15,689,19,0.01
9314ub,2025-12-16,690,20,1.0
9314ub,2025-12-17,691,21,0.29
9314ub,2025-12-18,692,22,0.27
9314ub,2025-12-19,693,23,0.23
9314ub,2025-12-20,694,24,0.08
9314ub,2025-12-21,695,25,0.01
9314ub,2025-12-22,696,26,0.03
9314ub,2025-12-23,697,27,0.49
9314ub,2025-12-24,698,28,0.1
9314ub,2025-12-25,699,29,0.32
9314ub,2025-12-26,700,30,0.18
9314ub,2025-12-27,701,31,0.06
9314ub,2025-12-28,702,32,0.01
9314ub,2025-12-29,703,33,0.0
9314ub,2025-12-30,704,34,0.4
9314ub,2025-12-31,705,35,0.11
9314ub,2026-01-01,706,36,0.14
9314ub,2026-01-02,707,37,0.15
9314ub,2026-01-03,708,38,0.09
9314ub,2026-01-04,709,39,0.04
9314ub,2026-01-05,710,40,0.0
9314ub,2026-01-06,711,41,0.19
9314ub,2026-01-07,712,42,0.1
9314ub,2026-01-08,713,43,0.16
9314ub,2026-01-09,714,44,0.18
9314ub,2026-01-10,715,45,0.23
9314ub,2026-01-11,716,46,0.11
9314ub,2026-01-12,717,47,0.03
9314ub,2026-01-13,718,48,0.68
9314ub,2026-01-14,719,49,0.36
9314ub,2026-01-15,720,50,0.21
9314ub,2026-01-16,721,51,0.17
9314ub,2026-01-17,722,52,0.36
9314ub,2026-01-18,723,53,0.13
9314ub,2026-01-19,724,54,0.08
9314ub,2026-01-20,725,55,0.98
9314ub,2026-01-21,726,56,0.39
9314ub,2026-01-22,727,57,0.46
9314ub,2026-01-23,728,58,0.37
9314ub,2026-01-24,729,59,0.42
9314ub,2026-01-25,730,60,0.11
9314ub,2026-01-26,731,61,0.03
9314ub,2026-01-27,732,62,0.89
9314ub,2026-01-28,733,63,0.54
9314ub,2026-01-29,734,64,0.44
9314ub,2026-01-30,735,65,0.37
9314ub,2026-01-31,736,66,0.53
9314ub,2026-02-01,737,67,0.17
9314ub,2026-02-02,738,68,0.05
9314ub,2026-02-03,739,69,0.53
9314ub,2026-02-04,740,70,0.13
9314ub,2026-02-05,741,71,0.25
9314ub,2026-02-06,742,72,0.2
9314ub,2026-02-07,743,73,0.07
9314ub,2026-02-08,744,74,0.02
9314ub,2026-02-09,745,75,0.0
9314ub,2026-02-10,746,76,0.49
9314ub,2026-02-11,747,77,0.06
9314ub,2026-02-12,748,78,0.06
9314ub,2026-02-13,749,79,0.06
9314ub,2026-02-14,750,80,0.03
9314ub,2026-02-15,751,81,0.01
9314ub,2026-02-16,752,82,0.01
9314ub,2026-02-17,753,83,0.3
9314ub,2026-02-18,754,84,0.09
9314ub,2026-02-19,755,85,0.05
9314ub,2026-02-20,756,86,0.08
9314ub,2026-02-21,757,87,0.0
9314ub,2026-02-22,758,88,0.02
9314ub,2026-02-23,759,89,0.0
9314ub,2026-02-24,760,90,0.54
9314ub,2026-02-25,761,91,0.19
9314ub,2026-02-26,762,92,0.21
9314ub,2026-02-27,763,93,0.08
9314ub,2026-02-28,764,94,0.02
9314ub,2026-03-01,765,95,0.0
9314ub,2026-03-02,766,96,0.0
9314ub,2026-03-03,767,97,0.24
9314ub,2026-03-04,768,98,0.26
9314ub,2026-03-05,769,99,0.11
9316dx,2025-11-26,670,0,0.04
9316dx,2025-11-27,671,1,0.09
9316dx,2025-11-28,672,2,0.19
9316dx,2025-11-29,673,3,0.09
9316dx,2025-11-30,674,4,0.01
9316dx,2025-12-01,675,5,0.03
9316dx,2025-12-02,676,6,1.58
9316dx,2025-12-03,677,7,1.8
9316dx,2025-12-04,678,8,1.04
9316dx,2025-12-05,679,9,0.59
9316dx,2025-12-06,680,10,0.0
9316dx,2025-12-07,681,11,0.0
9316dx,2025-12-08,682,12,0.0
9316dx,2025-12-09,683,13,0.0
9316dx,2025-12-10,684,14,0.0
9316dx,2025-12-11,685,15,0.0
9316dx,2025-12-12,686,16,0.01
9316dx,2025-12-13,687,17,0.01
9316dx,2025-12-14,688,18,0.0
9316dx,2025-12-15,689,19,0.0
9316dx,2025-12-16,690,20,0.0
9316dx,2025-12-17,691,21,0.0
9316dx,2025-12-18,692,22,0.0
9316dx,2025-12-19,693,23,0.0
9316dx,2025-12-20,694,24,0.0
9316dx,2025-12-21,695,25,0.0
9316dx,2025-12-22,696,26,0.0
9316dx,2025-12-23,697,27,0.0
9316dx,2025-12-24,698,28,0.0
9316dx,2025-12-25,699,29,0.0
9316dx,2025-12-26,700,30,0.0
9316dx,2025-12-27,701,31,0.0
9316dx,2025-12-28,702,32,0.0
9316dx,2025-12-29,703,33,0.0
9316dx,2025-12-30,704,34,0.0
9316dx,2025-12-31,705,35,0.01
9316dx,2026-01-01,706,36,0.0
9316dx,2026-01-02,707,37,0.0
9316dx,2026-01-03,708,38,0.0
9316dx,2026-01-04,709,39,0.0
9316dx,2026-01-05,710,40,0.0
9316dx,2026-01-06,711,41,0.01
9316dx,2026-01-07,712,42,0.0
9316dx,2026-01-08,713,43,0.01
9316dx,2026-01-09,714,44,0.0
9316dx,2026-01-10,715,45,0.0
9316dx,2026-01-11,716,46,0.0
9316dx,2026-01-12,717,47,0.0
9316dx,2026-01-13,718,48,0.01
9316dx,2026-01-14,719,49,0.0
9316dx,2026-01-15,720,50,0.0
9316dx,2026-01-16,721,51,0.0
9316dx,2026-01-17,722,52,0.0
9316dx,2026-01-18,723,53,0.0
9316dx,2026-01-19,724,54,0.0
9316dx,2026-01-20,725,55,0.02
9316dx,2026-01-21,726,56,0.01
9316dx,2026-01-22,727,57,0.03
9316dx,2026-01-23,728,58,0.0
9316dx,2026-01-24,729,59,0.05
9316dx,2026-01-25,730,60,0.0
9316dx,2026-01-26,731,61,0.0
9316dx,2026-01-27,732,62,0.18
9316dx,2026-01-28,733,63,0.02
9316dx,2026-01-29,734,64,0.1
9316dx,2026-01-30,735,65,0.17
9316dx,2026-01-31,736,66,0.09
9316dx,2026-02-01,737,67,0.03
9316dx,2026-02-02,738,68,0.01
9316dx,2026-02-03,739,69,0.09
9316dx,2026-02-04,740,70,0.02
9316dx,2026-02-05,741,71,0.02
9316dx,2026-02-06,742,72,0.01
9316dx,2026-02-07,743,73,0.0
9316dx,2026-02-08,744,74,0.0
9316dx,2026-02-09,745,75,0.0
9316dx,2026-02-10,746,76,0.01
9316dx,2026-02-11,747,77,0.0
9316dx,2026-02-12,748,78,0.0
9316dx,2026-02-13,749,79,0.01
9316dx,2026-02-14,750,80,0.0
9316dx,2026-02-15,751,81,0.0
9316dx,2026-02-16,752,82,0.0
9316dx,2026-02-17,753,83,0.01
9316dx,2026-02-18,754,84,0.01
9316dx,2026-02-19,755,85,0.05
9316dx,2026-02-20,756,86,0.02
9316dx,2026-02-21,757,87,0.06
9316dx,2026-02-22,758,88,0.0
9316dx,2026-02-23,759,89,0.0
9316dx,2026-02-24,760,90,0.12
9316dx,2026-02-25,761,91,0.07
9316dx,2026-02-26,762,92,0.21
9316dx,2026-02-27,763,93,0.16
9316dx,2026-02-28,764,94,0.06
9316dx,2026-03-01,765,95,0.0
9316dx,2026-03-02,766,96,0.0
9316dx,2026-03-03,767,97,0.03
9316dx,2026-03-04,768,98,0.0
9316dx,2026-03-05,769,99,0.02
9316fz,2025-11-26,670,0,0.0
9316fz,2025-11-27,671,1,0.0
9316fz,2025-11-28,672,2,0.0
9316fz,2025-11-29,673,3,0.0
9316fz,2025-11-30,674,4,0.0
9316fz,2025-12-01,675,5,0.0
9316fz,2025-12-02,676,6,0.0
9316fz,2025-12-03,677,7,0.0
9316fz,2025-12-04,678,8,0.0
9316fz,2025-12-05,679,9,0.0
9316fz,2025-12-06,680,10,0.0
9316fz,2025-12-07,681,11,0.0
9316fz,2025-12-08,682,12,0.0
9316fz,2025-12-09,683,13,0.0
9316fz,2025-12-10,684,14,0.0
9316fz,2025-12-11,685,15,0.0
9316fz,2025-12-12,686,16,0.0
9316fz,2025-12-13,687,17,0.0
9316fz,2025-12-14,688,18,0.0
9316fz,2025-12-15,689,19,0.0
9316fz,2025-12-16,690,20,0.0
9316fz,2025-12-17,691,21,0.0
9316fz,2025-12-18,692,22,0.0
9316fz,2025-12-19,693,23,0.0
9316fz,2025-12-20,694,24,0.0
9316fz,2025-12-21,695,25,0.0
9316fz,2025-12-22,696,26,0.0
9316fz,2025-12-23,697,27,0.0
9316fz,2025-12-24,698,28,0.0
9316fz,2025-12-25,699,29,0.0
9316fz,2025-12-26,700,30,0.0
9316fz,2025-12-27,701,31,0.0
9316fz,2025-12-28,702,32,0.0
9316fz,2025-12-29,703,33,0.0
9316fz,2025-12-30,704,34,0.0
9316fz,2025-12-31,705,35,0.01
9316fz,2026-01-01,706,36,0.0
9316fz,2026-01-02,707,37,0.0
9316fz,2026-01-03,708,38,0.0
9316fz,2026-01-04,709,39,0.0
9316fz,2026-01-05,710,40,0.0
9316fz,2026-01-06,711,41,0.0
9316fz,2026-01-07,712,42,0.0
9316fz,2026-01-08,713,43,0.0
9316fz,2026-01-09,714,44,0.0
9316fz,2026-01-10,715,45,0.0
9316fz,2026-01-11,716,46,0.0
9316fz,2026-01-12,717,47,0.01
9316fz,2026-01-13,718,48,0.0
9316fz,2026-01-14,719,49,0.0
9316fz,2026-01-15,720,50,0.0
9316fz,2026-01-16,721,51,0.0
9316fz,2026-01-17,722,52,0.0
9316fz,2026-01-18,723,53,0.0
9316fz,2026-01-19,724,54,0.0
9316fz,2026-01-20,725,55,0.0
9316fz,2026-01-21,726,56,0.0
9316fz,2026-01-22,727,57,0.0
9316fz,2026-01-23,728,58,0.0
9316fz,2026-01-24,729,59,0.0
9316fz,2026-01-25,730,60,0.0
9316fz,2026-01-26,731,61,0.0
9316fz,2026-01-27,732,62,0.0
9316fz,2026-01-28,733,63,0.0
9316fz,2026-01-29,734,64,0.0
9316fz,2026-01-30,735,65,0.0
9316fz,2026-01-31,736,66,0.0
9316fz,2026-02-01,737,67,0.0
9316fz,2026-02-02,738,68,0.0
9316fz,2026-02-03,739,69,0.0
9316fz,2026-02-04,740,70,0.0
9316fz,2026-02-05,741,71,0.0
9316fz,2026-02-06,742,72,0.0
9316fz,2026-02-07,743,73,0.0
9316fz,2026-02-08,744,74,0.0
9316fz,2026-02-09,745,75,0.0
9316fz,2026-02-10,746,76,0.0
9316fz,2026-02-11,747,77,0.0
9316fz,2026-02-12,748,78,0.0
9316fz,2026-02-13,749,79,0.0
9316fz,2026-02-14,750,80,0.0
9316fz,2026-02-15,751,81,0.0
9316fz,2026-02-16,752,82,0.0
9316fz,2026-02-17,753,83,0.0
9316fz,2026-02-18,754,84,0.0
9316fz,2026-02-19,755,85,0.0
9316fz,2026-02-20,756,86,0.0
9316fz,2026-02-21,757,87,0.0
9316fz,2026-02-22,758,88,0.0
9316fz,2026-02-23,759,89,0.0
9316fz,2026-02-24,760,90,0.0
9316fz,2026-02-25,761,91,0.0
9316fz,2026-02-26,762,92,0.0
9316fz,2026-02-27,763,93,0.0
9316fz,2026-02-28,764,94,0.0
9316fz,2026-03-01,765,95,0.0
9316fz,2026-03-02,766,96,0.0
9316fz,2026-03-03,767,97,0.0
9316fz,2026-03-04,768,98,0.0
9316fz,2026-03-05,769,99,0.01
9316sf,2025-11-26,670,0,0.0
9316sf,2025-11-27,671,1,0.01
9316sf,2025-11-28,672,2,0.0
9316sf,2025-11-29,673,3,0.0
9316sf,2025-11-30,674,4,0.0
9316sf,2025-12-01,675,5,0.0
9316sf,2025-12-02,676,6,0.02
9316sf,2025-12-03,677,7,0.0
9316sf,2025-12-04,678,8,0.01
9316sf,2025-12-05,679,9,0.0
9316sf,2025-12-06,680,10,0.0
9316sf,2025-12-07,681,11,0.0
9316sf,2025-12-08,682,12,0.0
9316sf,2025-12-09,683,13,0.01
9316sf,2025-12-10,684,14,0.0
9316sf,2025-12-11,685,15,0.01
9316sf,2025-12-12,686,16,0.0
9316sf,2025-12-13,687,17,0.0
9316sf,2025-12-14,688,18,0.0
9316sf,2025-12-15,689,19,0.0
9316sf,2025-12-16,690,20,0.0
9316sf,2025-12-17,691,21,0.0
9316sf,2025-12-18,692,22,0.0
9316sf,2025-12-19,693,23,0.0
9316sf,2025-12-20,694,24,0.0
9316sf,2025-12-21,695,25,0.0
9316sf,2025-12-22,696,26,0.0
9316sf,2025-12-23,697,27,0.0
9316sf,2025-12-24,698,28,0.0
9316sf,2025-12-25,699,29,0.0
9316sf,2025-12-26,700,30,0.0
9316sf,2025-12-27,701,31,0.0
9316sf,2025-12-28,702,32,0.0
9316sf,2025-12-29,703,33,0.0
9316sf,2025-12-30,704,34,0.0
9316sf,2025-12-31,705,35,0.0
9316sf,2026-01-01,706,36,0.0
9316sf,2026-01-02,707,37,0.0
9316sf,2026-01-03,708,38,0.0
9316sf,2026-01-04,709,39,0.0
9316sf,2026-01-05,710,40,0.0
9316sf,2026-01-06,711,41,0.0
9316sf,2026-01-07,712,42,0.0
9316sf,2026-01-08,713,43,0.0
9316sf,2026-01-09,714,44,0.0
9316sf,2026-01-10,715,45,0.0
9316sf,2026-01-11,716,46,0.0
9316sf,2026-01-12,717,47,0.0
9316sf,2026-01-13,718,48,0.01
9316sf,2026-01-14,719,49,0.0
9316sf,2026-01-15,720,50,0.0
9316sf,2026-01-16,721,51,0.0
9316sf,2026-01-17,722,52,0.0
9316sf,2026-01-18,723,53,0.0
9316sf,2026-01-19,724,54,0.0
9316sf,2026-01-20,725,55,0.01
9316sf,2026-01-21,726,56,0.0
9316sf,2026-01-22,727,57,0.0
9316sf,2026-01-23,728,58,0.0
9316sf,2026-01-24,729,59,0.0
9316sf,2026-01-25,730,60,0.0
9316sf,2026-01-26,731,61,0.0
9316sf,2026-01-27,732,62,0.01
9316sf,2026-01-28,733,63,0.0
9316sf,2026-01-29,734,64,0.0
9316sf,2026-01-30,735,65,0.0
9316sf,2026-01-31,736,66,0.0
9316sf,2026-02-01,737,67,0.0
9316sf,2026-02-02,738,68,0.0
9316sf,2026-02-03,739,69,0.02
9316sf,2026-02-04,740,70,0.0
9316sf,2026-02-05,741,71,0.0
9316sf,2026-02-06,742,72,0.01
9316sf,2026-02-07,743,73,0.02
9316sf,2026-02-08,744,74,0.0
9316sf,2026-02-09,745,75,0.0
9316sf,2026-02-10,746,76,0.04
9316sf,2026-02-11,747,77,0.02
9316sf,2026-02-12,748,78,0.02
9316sf,2026-02-13,749,79,0.0
9316sf,2026-02-14,750,80,0.02
9316sf,2026-02-15,751,81,0.02
9316sf,2026-02-16,752,82,0.0
9316sf,2026-02-17,753,83,0.06
9316sf,2026-02-18,754,84,0.04
9316sf,2026-02-19,755,85,0.01
9316sf,2026-02-20,756,86,0.02
9316sf,2026-02-21,757,87,0.0
9316sf,2026-02-22,758,88,0.0
9316sf,2026-02-23,759,89,0.01
9316sf,2026-02-24,760,90,0.05
9316sf,2026-02-25,761,91,0.01
9316sf,2026-02-26,762,92,0.0
9316sf,2026-02-27,763,93,0.02
9316sf,2026-02-28,764,94,0.01
9316sf,2026-03-01,765,95,0.0
9316sf,2026-03-02,766,96,0.0
9316sf,2026-03-03,767,97,0.02
9316sf,2026-03-04,768,98,0.0
9316sf,2026-03-05,769,99,0.0
9316ub,2025-11-26,670,0,0.16
9316ub,2025-11-27,671,1,0.05
9316ub,2025-11-28,672,2,0.18
9316ub,2025-11-29,673,3,0.04
9316ub,2025-11-30,674,4,0.06
9316ub,2025-12-01,675,5,0.0
9316ub,2025-12-02,676,6,1.03
9316ub,2025-12-03,677,7,0.34
9316ub,2025-12-04,678,8,0.23
9316ub,2025-12-05,679,9,0.17
9316ub,2025-12-06,680,10,0.05
9316ub,2025-12-07,681,11,0.0
9316ub,2025-12-08,682,12,0.01
9316ub,2025-12-09,683,13,0.15
9316ub,2025-12-10,684,14,0.04
9316ub,2025-12-11,685,15,0.01
9316ub,2025-12-12,686,16,0.0
9316ub,2025-12-13,687,17,0.01
9316ub,2025-12-14,688,18,0.01
9316ub,2025-12-15,689,19,0.0
9316ub,2025-12-16,690,20,0.13
9316ub,2025-12-17,691,21,0.05
9316ub,2025-12-18,692,22,0.02
9316ub,2025-12-19,693,23,0.01
9316ub,2025-12-20,694,24,0.0
9316ub,2025-12-21,695,25,0.0
9316ub,2025-12-22,696,26,0.0
9316ub,2025-12-23,697,27,0.25
9316ub,2025-12-24,698,28,0.01
9316ub,2025-12-25,699,29,0.02
9316ub,2025-12-26,700,30,0.0
9316ub,2025-12-27,701,31,0.01
9316ub,2025-12-28,702,32,0.0
9316ub,2025-12-29,703,33,0.0
9316ub,2025-12-30,704,34,0.2
9316ub,2025-12-31,705,35,0.02
9316ub,2026-01-01,706,36,0.02
9316ub,2026-01-02,707,37,0.02
9316ub,2026-01-03,708,38,0.01
9316ub,2026-01-04,709,39,0.01
9316ub,2026-01-05,710,40,0.01
9316ub,2026-01-06,711,41,0.53
9316ub,2026-01-07,712,42,0.09
9316ub,2026-01-08,713,43,0.05
9316ub,2026-01-09,714,44,0.02
9316ub,2026-01-10,715,45,0.0
9316ub,2026-01-11,716,46,0.0
9316ub,2026-01-12,717,47,0.0
9316ub,2026-01-13,718,48,0.33
9316ub,2026-01-14,719,49,0.05
9316ub,2026-01-15,720,50,0.1
9316ub,2026-01-16,721,51,0.03
9316ub,2026-01-17,722,52,0.0
9316ub,2026-01-18,723,53,0.01
9316ub,2026-01-19,724,54,0.01
9316ub,2026-01-20,725,55,0.42
9316ub,2026-01-21,726,56,0.15
9316ub,2026-01-22,727,57,0.03
9316ub,2026-01-23,728,58,0.0
9316ub,2026-01-24,729,59,0.01
9316ub,2026-01-25,730,60,0.01
9316ub,2026-01-26,731,61,0.0
9316ub,2026-01-27,732,62,0.23
9316ub,2026-01-28,733,63,0.02
9316ub,2026-01-29,734,64,0.09
9316ub,2026-01-30,735,65,0.02
9316ub,2026-01-31,736,66,0.02
9316ub,2026-02-01,737,67,0.01
9316ub,2026-02-02,738,68,0.02
9316ub,2026-02-03,739,69,0.14
9316ub,2026-02-04,740,70,0.0
9316ub,2026-02-05,741,71,0.02
9316ub,2026-02-06,742,72,0.0
9316ub,2026-02-07,743,73,0.0
9316ub,2026-02-08,744,74,0.0
9316ub,2026-02-09,745,75,0.0
9316ub,2026-02-10,746,76,0.48
9316ub,2026-02-11,747,77,0.04
9316ub,2026-02-12,748,78,0.04
9316ub,2026-02-13,749,79,0.08
9316ub,2026-02-14,750,80,0.09
9316ub,2026-02-15,751,81,0.01
9316ub,2026-02-16,752,82,0.0
9316ub,2026-02-17,753,83,0.84
9316ub,2026-02-18,754,84,0.21
9316ub,2026-02-19,755,85,0.37
9316ub,2026-02-20,756,86,0.1
9316ub,2026-02-21,757,87,0.1
9316ub,2026-02-22,758,88,0.01
9316ub,2026-02-23,759,89,0.01
9316ub,2026-02-24,760,90,0.88
9316ub,2026-02-25,761,91,0.38
9316ub,2026-02-26,762,92,0.5
9316ub,2026-02-27,763,93,0.22
9316ub,2026-02-28,764,94,0.11
9316ub,2026-03-01,765,95,0.02
9316ub,2026-03-02,766,96,0.01
9316ub,2026-03-03,767,97,0.63
9316ub,2026-03-04,768,98,0.2
9316ub,2026-03-05,769,99,0.12
9317dx,2025-11-26,670,0,0.03
9317dx,2025-11-27,671,1,0.0
9317dx,2025-11-28,672,2,0.0
9317dx,2025-11-29,673,3,0.02
9317dx,2025-11-30,674,4,0.01
9317dx,2025-12-01,675,5,0.02
9317dx,2025-12-02,676,6,0.58
9317dx,2025-12-03,677,7,0.46
9317dx,2025-12-04,678,8,0.13
9317dx,2025-12-05,679,9,0.07
9317dx,2025-12-06,680,10,0.0
9317dx,2025-12-07,681,11,0.0
9317dx,2025-12-08,682,12,0.0
9317dx,2025-12-09,683,13,0.04
9317dx,2025-12-10,684,14,0.0
9317dx,2025-12-11,685,15,0.0
9317dx,2025-12-12,686,16,0.0
9317dx,2025-12-13,687,17,0.0
9317dx,2025-12-14,688,18,0.0
9317dx,2025-12-15,689,19,0.0
9317dx,2025-12-16,690,20,0.0
9317dx,2025-12-17,691,21,0.0
9317dx,2025-12-18,692,22,0.0
9317dx,2025-12-19,693,23,0.0
9317dx,2025-12-20,694,24,0.0
9317dx,2025-12-21,695,25,0.0
9317dx,2025-12-22,696,26,0.0
9317dx,2025-12-23,697,27,0.0
9317dx,2025-12-24,698,28,0.0
9317dx,2025-12-25,699,29,0.0
9317dx,2025-12-26,700,30,0.0
9317dx,2025-12-27,701,31,0.0
9317dx,2025-12-28,702,32,0.0
9317dx,2025-12-29,703,33,0.0
9317dx,2025-12-30,704,34,0.0
9317dx,2025-12-31,705,35,0.0
9317dx,2026-01-01,706,36,0.0
9317dx,2026-01-02,707,37,0.0
9317dx,2026-01-03,708,38,0.01
9317dx,2026-01-04,709,39,0.0
9317dx,2026-01-05,710,40,0.0
9317dx,2026-01-06,711,41,0.01
9317dx,2026-01-07,712,42,0.0
9317dx,2026-01-08,713,43,0.0
9317dx,2026-01-09,714,44,0.0
9317dx,2026-01-10,715,45,0.0
9317dx,2026-01-11,716,46,0.0
9317dx,2026-01-12,717,47,0.0
9317dx,2026-01-13,718,48,0.0
9317dx,2026-01-14,719,49,0.0
9317dx,2026-01-15,720,50,0.0
9317dx,2026-01-16,721,51,0.0
9317dx,2026-01-17,722,52,0.0
9317dx,2026-01-18,723,53,0.0
9317dx,2026-01-19,724,54,0.0
9317dx,2026-01-20,725,55,0.02
9317dx,2026-01-21,726,56,0.0
9317dx,2026-01-22,727,57,0.0
9317dx,2026-01-23,728,58,0.0
9317dx,2026-01-24,729,59,0.01
9317dx,2026-01-25,730,60,0.01
9317dx,2026-01-26,731,61,0.0
9317dx,2026-01-27,732,62,0.02
9317dx,2026-01-28,733,63,0.04
9317dx,2026-01-29,734,64,0.01
9317dx,2026-01-30,735,65,0.0
9317dx,2026-01-31,736,66,0.01
9317dx,2026-02-01,737,67,0.0
9317dx,2026-02-02,738,68,0.0
9317dx,2026-02-03,739,69,0.01
9317dx,2026-02-04,740,70,0.0
9317dx,2026-02-05,741,71,0.0
9317dx,2026-02-06,742,72,0.0
9317dx,2026-02-07,743,73,0.0
9317dx,2026-02-08,744,74,0.0
9317dx,2026-02-09,745,75,0.0
9317dx,2026-02-10,746,76,0.01
9317dx,2026-02-11,747,77,0.0
9317dx,2026-02-12,748,78,0.0
9317dx,2026-02-13,749,79,0.0
9317dx,2026-02-14,750,80,0.0
9317dx,2026-02-15,751,81,0.0
9317dx,2026-02-16,752,82,0.0
9317dx,2026-02-17,753,83,0.0
9317dx,2026-02-18,754,84,0.0
9317dx,2026-02-19,755,85,0.0
9317dx,2026-02-20,756,86,0.0
9317dx,2026-02-21,757,87,0.01
9317dx,2026-02-22,758,88,0.01
9317dx,2026-02-23,759,89,0.0
9317dx,2026-02-24,760,90,0.06
9317dx,2026-02-25,761,91,0.0
9317dx,2026-02-26,762,92,0.01
9317dx,2026-02-27,763,93,0.01
9317dx,2026-02-28,764,94,0.01
9317dx,2026-03-01,765,95,0.0
9317dx,2026-03-02,766,96,0.0
9317dx,2026-03-03,767,97,0.03
9317dx,2026-03-04,768,98,0.0
9317dx,2026-03-05,769,99,0.0
9317fz,2025-11-26,670,0,0.0
9317fz,2025-11-27,671,1,0.0
9317fz,2025-11-28,672,2,0.0
9317fz,2025-11-29,673,3,0.0
9317fz,2025-11-30,674,4,0.0
9317fz,2025-12-01,675,5,0.0
9317fz,2025-12-02,676,6,0.0
9317fz,2025-12-03,677,7,0.0
9317fz,2025-12-04,678,8,0.0
9317fz,2025-12-05,679,9,0.0
9317fz,2025-12-06,680,10,0.0
9317fz,2025-12-07,681,11,0.0
9317fz,2025-12-08,682,12,0.0
9317fz,2025-12-09,683,13,0.0
9317fz,2025-12-10,684,14,0.0
9317fz,2025-12-11,685,15,0.0
9317fz,2025-12-12,686,16,0.0
9317fz,2025-12-13,687,17,0.0
9317fz,2025-12-14,688,18,0.0
9317fz,2025-12-15,689,19,0.0
9317fz,2025-12-16,690,20,0.0
9317fz,2025-12-17,691,21,0.0
9317fz,2025-12-18,692,22,0.0
9317fz,2025-12-19,693,23,0.0
9317fz,2025-12-20,694,24,0.0
9317fz,2025-12-21,695,25,0.0
9317fz,2025-12-22,696,26,0.0
9317fz,2025-12-23,697,27,0.01
9317fz,2025-12-24,698,28,0.0
9317fz,2025-12-25,699,29,0.0
9317fz,2025-12-26,700,30,0.0
9317fz,2025-12-27,701,31,0.0
9317fz,2025-12-28,702,32,0.0
9317fz,2025-12-29,703,33,0.0
9317fz,2025-12-30,704,34,0.01
9317fz,2025-12-31,705,35,0.0
9317fz,2026-01-01,706,36,0.0
9317fz,2026-01-02,707,37,0.0
9317fz,2026-01-03,708,38,0.0
9317fz,2026-01-04,709,39,0.0
9317fz,2026-01-05,710,40,0.0
9317fz,2026-01-06,711,41,0.0
9317fz,2026-01-07,712,42,0.0
9317fz,2026-01-08,713,43,0.0
9317fz,2026-01-09,714,44,0.0
9317fz,2026-01-10,715,45,0.0
9317fz,2026-01-11,716,46,0.0
9317fz,2026-01-12,717,47,0.0
9317fz,2026-01-13,718,48,0.0
9317fz,2026-01-14,719,49,0.0
9317fz,2026-01-15,720,50,0.0
9317fz,2026-01-16,721,51,0.0
9317fz,2026-01-17,722,52,0.0
9317fz,2026-01-18,723,53,0.0
9317fz,2026-01-19,724,54,0.0
9317fz,2026-01-20,725,55,0.0
9317fz,2026-01-21,726,56,0.0
9317fz,2026-01-22,727,57,0.0
9317fz,2026-01-23,728,58,0.0
9317fz,2026-01-24,729,59,0.0
9317fz,2026-01-25,730,60,0.0
9317fz,2026-01-26,731,61,0.0
9317fz,2026-01-27,732,62,0.0
9317fz,2026-01-28,733,63,0.0
9317fz,2026-01-29,734,64,0.0
9317fz,2026-01-30,735,65,0.0
9317fz,2026-01-31,736,66,0.0
9317fz,2026-02-01,737,67,0.0
9317fz,2026-02-02,738,68,0.0
9317fz,2026-02-03,739,69,0.0
9317fz,2026-02-04,740,70,0.0
9317fz,2026-02-05,741,71,0.0
9317fz,2026-02-06,742,72,0.0
9317fz,2026-02-07,743,73,0.0
9317fz,2026-02-08,744,74,0.0
9317fz,2026-02-09,745,75,0.0
9317fz,2026-02-10,746,76,0.0
9317fz,2026-02-11,747,77,0.0
9317fz,2026-02-12,748,78,0.0
9317fz,2026-02-13,749,79,0.0
9317fz,2026-02-14,750,80,0.0
9317fz,2026-02-15,751,81,0.0
9317fz,2026-02-16,752,82,0.0
9317fz,2026-02-17,753,83,0.0
9317fz,2026-02-18,754,84,0.0
9317fz,2026-02-19,755,85,0.0
9317fz,2026-02-20,756,86,0.0
9317fz,2026-02-21,757,87,0.0
9317fz,2026-02-22,758,88,0.0
9317fz,2026-02-23,759,89,0.0
9317fz,2026-02-24,760,90,0.0
9317fz,2026-02-25,761,91,0.0
9317fz,2026-02-26,762,92,0.0
9317fz,2026-02-27,763,93,0.0
9317fz,2026-02-28,764,94,0.0
9317fz,2026-03-01,765,95,0.0
9317fz,2026-03-02,766,96,0.0
9317fz,2026-03-03,767,97,0.0
9317fz,2026-03-04,768,98,0.0
9317fz,2026-03-05,769,99,0.0
9317sf,2025-11-26,670,0,0.0
9317sf,2025-11-27,671,1,0.0
9317sf,2025-11-28,672,2,0.0
9317sf,2025-11-29,673,3,0.0
9317sf,2025-11-30,674,4,0.0
9317sf,2025-12-01,675,5,0.0
9317sf,2025-12-02,676,6,0.02
9317sf,2025-12-03,677,7,0.02
9317sf,2025-12-04,678,8,0.02
9317sf,2025-12-05,679,9,0.07
9317sf,2025-12-06,680,10,0.07
9317sf,2025-12-07,681,11,0.01
9317sf,2025-12-08,682,12,0.0
9317sf,2025-12-09,683,13,0.01
9317sf,2025-12-10,684,14,0.0
9317sf,2025-12-11,685,15,0.0
9317sf,2025-12-12,686,16,0.0
9317sf,2025-12-13,687,17,0.0
9317sf,2025-12-14,688,18,0.0
9317sf,2025-12-15,689,19,0.0
9317sf,2025-12-16,690,20,0.0
9317sf,2025-12-17,691,21,0.0
9317sf,2025-12-18,692,22,0.0
9317sf,2025-12-19,693,23,0.0
9317sf,2025-12-20,694,24,0.0
9317sf,2025-12-21,695,25,0.0
9317sf,2025-12-22,696,26,0.01
9317sf,2025-12-23,697,27,0.0
9317sf,2025-12-24,698,28,0.0
9317sf,2025-12-25,699,29,0.0
9317sf,2025-12-26,700,30,0.0
9317sf,2025-12-27,701,31,0.0
9317sf,2025-12-28,702,32,0.0
9317sf,2025-12-29,703,33,0.0
9317sf,2025-12-30,704,34,0.0
9317sf,2025-12-31,705,35,0.0
9317sf,2026-01-01,706,36,0.0
9317sf,2026-01-02,707,37,0.0
9317sf,2026-01-03,708,38,0.0
9317sf,2026-01-04,709,39,0.0
9317sf,2026-01-05,710,40,0.0
9317sf,2026-01-06,711,41,0.0
9317sf,2026-01-07,712,42,0.0
9317sf,2026-01-08,713,43,0.0
9317sf,2026-01-09,714,44,0.0
9317sf,2026-01-10,715,45,0.0
9317sf,2026-01-11,716,46,0.0
9317sf,2026-01-12,717,47,0.01
9317sf,2026-01-13,718,48,0.0
9317sf,2026-01-14,719,49,0.0
9317sf,2026-01-15,720,50,0.0
9317sf,2026-01-16,721,51,0.0
9317sf,2026-01-17,722,52,0.0
9317sf,2026-01-18,723,53,0.0
9317sf,2026-01-19,724,54,0.0
9317sf,2026-01-20,725,55,0.0
9317sf,2026-01-21,726,56,0.0
9317sf,2026-01-22,727,57,0.0
9317sf,2026-01-23,728,58,0.0
9317sf,2026-01-24,729,59,0.0
9317sf,2026-01-25,730,60,0.0
9317sf,2026-01-26,731,61,0.0
9317sf,2026-01-27,732,62,0.0
9317sf,2026-01-28,733,63,0.0
9317sf,2026-01-29,734,64,0.0
9317sf,2026-01-30,735,65,0.0
9317sf,2026-01-31,736,66,0.0
9317sf,2026-02-01,737,67,0.0
9317sf,2026-02-02,738,68,0.0
9317sf,2026-02-03,739,69,0.0
9317sf,2026-02-04,740,70,0.0
9317sf,2026-02-05,741,71,0.01
9317sf,2026-02-06,742,72,0.0
9317sf,2026-02-07,743,73,0.0
9317sf,2026-02-08,744,74,0.0
9317sf,2026-02-09,745,75,0.0
9317sf,2026-02-10,746,76,0.0
9317sf,2026-02-11,747,77,0.0
9317sf,2026-02-12,748,78,0.01
9317sf,2026-02-13,749,79,0.0
9317sf,2026-02-14,750,80,0.0
9317sf,2026-02-15,751,81,0.0
9317sf,2026-02-16,752,82,0.0
9317sf,2026-02-17,753,83,0.0
9317sf,2026-02-18,754,84,0.01
9317sf,2026-02-19,755,85,0.0
9317sf,2026-02-20,756,86,0.03
9317sf,2026-02-21,757,87,0.04
9317sf,2026-02-22,758,88,0.01
9317sf,2026-02-23,759,89,0.03
9317sf,2026-02-24,760,90,0.04
9317sf,2026-02-25,761,91,0.01
9317sf,2026-02-26,762,92,0.04
9317sf,2026-02-27,763,93,0.1
9317sf,2026-02-28,764,94,0.23
9317sf,2026-03-01,765,95,0.06
9317sf,2026-03-02,766,96,0.01
9317sf,2026-03-03,767,97,0.03
9317sf,2026-03-04,768,98,0.01
9317sf,2026-03-05,769,99,0.04
9317ub,2025-11-26,670,0,0.0
9317ub,2025-11-27,671,1,0.01
9317ub,2025-11-28,672,2,0.0
9317ub,2025-11-29,673,3,0.01
9317ub,2025-11-30,674,4,0.0
9317ub,2025-12-01,675,5,0.0
9317ub,2025-12-02,676,6,0.04
9317ub,2025-12-03,677,7,0.0
9317ub,2025-12-04,678,8,0.01
9317ub,2025-12-05,679,9,0.01
9317ub,2025-12-06,680,10,0.0
9317ub,2025-12-07,681,11,0.0
9317ub,2025-12-08,682,12,0.0
9317ub,2025-12-09,683,13,0.0
9317ub,2025-12-10,684,14,0.0
9317ub,2025-12-11,685,15,0.0
9317ub,2025-12-12,686,16,0.0
9317ub,2025-12-13,687,17,0.0
9317ub,2025-12-14,688,18,0.0
9317ub,2025-12-15,689,19,0.0
9317ub,2025-12-16,690,20,0.01
9317ub,2025-12-17,691,21,0.0
9317ub,2025-12-18,692,22,0.0
9317ub,2025-12-19,693,23,0.0
9317ub,2025-12-20,694,24,0.0
9317ub,2025-12-21,695,25,0.0
9317ub,2025-12-22,696,26,0.0
9317ub,2025-12-23,697,27,0.0
9317ub,2025-12-24,698,28,0.0
9317ub,2025-12-25,699,29,0.0
9317ub,2025-12-26,700,30,0.0
9317ub,2025-12-27,701,31,0.0
9317ub,2025-12-28,702,32,0.0
9317ub,2025-12-29,703,33,0.0
9317ub,2025-12-30,704,34,0.01
9317ub,2025-12-31,705,35,0.0
9317ub,2026-01-01,706,36,0.0
9317ub,2026-01-02,707,37,0.0
9317ub,2026-01-03,708,38,0.0
9317ub,2026-01-04,709,39,0.0
9317ub,2026-01-05,710,40,0.0
9317ub,2026-01-06,711,41,0.0
9317ub,2026-01-07,712,42,0.0
9317ub,2026-01-08,713,43,0.0
9317ub,2026-01-09,714,44,0.0
9317ub,2026-01-10,715,45,0.0
9317ub,2026-01-11,716,46,0.0
9317ub,2026-01-12,717,47,0.0
9317ub,2026-01-13,718,48,0.0
9317ub,2026-01-14,719,49,0.0
9317ub,2026-01-15,720,50,0.0
9317ub,2026-01-16,721,51,0.0
9317ub,2026-01-17,722,52,0.0
9317ub,2026-01-18,723,53,0.0
9317ub,2026-01-19,724,54,0.0
9317ub,2026-01-20,725,55,0.0
9317ub,2026-01-21,726,56,0.0
9317ub,2026-01-22,727,57,0.0
9317ub,2026-01-23,728,58,0.0
9317ub,2026-01-24,729,59,0.0
9317ub,2026-01-25,730,60,0.01
9317ub,2026-01-26,731,61,0.0
9317ub,2026-01-27,732,62,0.03
9317ub,2026-01-28,733,63,0.02
9317ub,2026-01-29,734,64,0.05
9317ub,2026-01-30,735,65,0.02
9317ub,2026-01-31,736,66,0.01
9317ub,2026-02-01,737,67,0.0
9317ub,2026-02-02,738,68,0.0
9317ub,2026-02-03,739,69,0.02
9317ub,2026-02-04,740,70,0.01
9317ub,2026-02-05,741,71,0.01
9317ub,2026-02-06,742,72,0.0
9317ub,2026-02-07,743,73,0.01
9317ub,2026-02-08,744,74,0.0
9317ub,2026-02-09,745,75,0.0
9317ub,2026-02-10,746,76,0.01
9317ub,2026-02-11,747,77,0.0
9317ub,2026-02-12,748,78,0.0
9317ub,2026-02-13,749,79,0.01
9317ub,2026-02-14,750,80,0.0
9317ub,2026-02-15,751,81,0.0
9317ub,2026-02-16,752,82,0.0
9317ub,2026-02-17,753,83,0.02
9317ub,2026-02-18,754,84,0.0
9317ub,2026-02-19,755,85,0.0
9317ub,2026-02-20,756,86,0.0
9317ub,2026-02-21,757,87,0.0
9317ub,2026-02-22,758,88,0.0
9317ub,2026-02-23,759,89,0.0
9317ub,2026-02-24,760,90,0.0
9317ub,2026-02-25,761,91,0.0
9317ub,2026-02-26,762,92,0.0
9317ub,2026-02-27,763,93,0.0
9317ub,2026-02-28,764,94,0.01
9317ub,2026-03-01,765,95,0.0
9317ub,2026-03-02,766,96,0.0
9317ub,2026-03-03,767,97,0.01
9317ub,2026-03-04,768,98,0.0
9317ub,2026-03-05,769,99,0.0
9318dx,2025-11-26,670,0,0.0
9318dx,2025-11-27,671,1,0.0
9318dx,2025-11-28,672,2,0.0
9318dx,2025-11-29,673,3,0.01
9318dx,2025-11-30,674,4,0.0
9318dx,2025-12-01,675,5,0.0
9318dx,2025-12-02,676,6,0.01
9318dx,2025-12-03,677,7,0.0
9318dx,2025-12-04,678,8,0.0
9318dx,2025-12-05,679,9,0.0
9318dx,2025-12-06,680,10,0.01
9318dx,2025-12-07,681,11,0.0
9318dx,2025-12-08,682,12,0.0
9318dx,2025-12-09,683,13,0.0
9318dx,2025-12-10,684,14,0.0
9318dx,2025-12-11,685,15,0.0
9318dx,2025-12-12,686,16,0.0
9318dx,2025-12-13,687,17,0.0
9318dx,2025-12-14,688,18,0.0
9318dx,2025-12-15,689,19,0.0
9318dx,2025-12-16,690,20,0.0
9318dx,2025-12-17,691,21,0.0
9318dx,2025-12-18,692,22,0.0
9318dx,2025-12-19,693,23,0.0
9318dx,2025-12-20,694,24,0.0
9318dx,2025-12-21,695,25,0.0
9318dx,2025-12-22,696,26,0.0
9318dx,2025-12-23,697,27,0.01
9318dx,2025-12-24,698,28,0.0
9318dx,2025-12-25,699,29,0.0
9318dx,2025-12-26,700,30,0.0
9318dx,2025-12-27,701,31,0.0
9318dx,2025-12-28,702,32,0.0
9318dx,2025-12-29,703,33,0.0
9318dx,2025-12-30,704,34,0.0
9318dx,2025-12-31,705,35,0.0
9318dx,2026-01-01,706,36,0.0
9318dx,2026-01-02,707,37,0.0
9318dx,2026-01-03,708,38,0.0
9318dx,2026-01-04,709,39,0.0
9318dx,2026-01-05,710,40,0.0
9318dx,2026-01-06,711,41,0.0
9318dx,2026-01-07,712,42,0.0
9318dx,2026-01-08,713,43,0.01
9318dx,2026-01-09,714,44,0.0
9318dx,2026-01-10,715,45,0.0
9318dx,2026-01-11,716,46,0.0
9318dx,2026-01-12,717,47,0.0
9318dx,2026-01-13,718,48,0.0
9318dx,2026-01-14,719,49,0.0
9318dx,2026-01-15,720,50,0.0
9318dx,2026-01-16,721,51,0.0
9318dx,2026-01-17,722,52,0.0
9318dx,2026-01-18,723,53,0.0
9318dx,2026-01-19,724,54,0.0
9318dx,2026-01-20,725,55,0.01
9318dx,2026-01-21,726,56,0.0
9318dx,2026-01-22,727,57,0.0
9318dx,2026-01-23,728,58,0.0
9318dx,2026-01-24,729,59,0.01
9318dx,2026-01-25,730,60,0.0
9318dx,2026-01-26,731,61,0.0
9318dx,2026-01-27,732,62,0.0
9318dx,2026-01-28,733,63,0.0
9318dx,2026-01-29,734,64,0.0
9318dx,2026-01-30,735,65,0.0
9318dx,2026-01-31,736,66,0.0
9318dx,2026-02-01,737,67,0.0
9318dx,2026-02-02,738,68,0.0
9318dx,2026-02-03,739,69,0.0
9318dx,2026-02-04,740,70,0.0
9318dx,2026-02-05,741,71,0.0
9318dx,2026-02-06,742,72,0.0
9318dx,2026-02-07,743,73,0.0
9318dx,2026-02-08,744,74,0.0
9318dx,2026-02-09,745,75,0.0
9318dx,2026-02-10,746,76,0.0
9318dx,2026-02-11,747,77,0.01
9318dx,2026-02-12,748,78,0.0
9318dx,2026-02-13,749,79,0.0
9318dx,2026-02-14,750,80,0.0
9318dx,2026-02-15,751,81,0.0
9318dx,2026-02-16,752,82,0.0
9318dx,2026-02-17,753,83,0.0
9318dx,2026-02-18,754,84,0.0
9318dx,2026-02-19,755,85,0.0
9318dx,2026-02-20,756,86,0.0
9318dx,2026-02-21,757,87,0.0
9318dx,2026-02-22,758,88,0.0
9318dx,2026-02-23,759,89,0.0
9318dx,2026-02-24,760,90,0.0
9318dx,2026-02-25,761,91,0.0
9318dx,2026-02-26,762,92,0.0
9318dx,2026-02-27,763,93,0.0
9318dx,2026-02-28,764,94,0.0
9318dx,2026-03-01,765,95,0.0
9318dx,2026-03-02,766,96,0.0
9318dx,2026-03-03,767,97,0.0
9318dx,2026-03-04,768,98,0.0
9318dx,2026-03-05,769,99,0.0
9318ub,2025-11-26,670,0,0.0
9318ub,2025-11-27,671,1,0.0
9318ub,2025-11-28,672,2,0.0
9318ub,2025-11-29,673,3,0.0
9318ub,2025-11-30,674,4,0.0
9318ub,2025-12-01,675,5,0.0
9318ub,2025-12-02,676,6,0.0
9318ub,2025-12-03,677,7,0.0
9318ub,2025-12-04,678,8,0.0
9318ub,2025-12-05,679,9,0.0
9318ub,2025-12-06,680,10,0.0
9318ub,2025-12-07,681,11,0.0
9318ub,2025-12-08,682,12,0.02
9318ub,2025-12-09,683,13,0.01
9318ub,2025-12-10,684,14,0.0
9318ub,2025-12-11,685,15,0.01
9318ub,2025-12-12,686,16,0.08
9318ub,2025-12-13,687,17,0.0
9318ub,2025-12-14,688,18,0.0
9318ub,2025-12-15,689,19,0.0
9318ub,2025-12-16,690,20,0.01
9318ub,2025-12-17,691,21,0.0
9318ub,2025-12-18,692,22,0.0
9318ub,2025-12-19,693,23,0.01
9318ub,2025-12-20,694,24,0.0
9318ub,2025-12-21,695,25,0.0
9318ub,2025-12-22,696,26,0.0
9318ub,2025-12-23,697,27,0.01
9318ub,2025-12-24,698,28,0.0
9318ub,2025-12-25,699,29,0.0
9318ub,2025-12-26,700,30,0.0
9318ub,2025-12-27,701,31,0.01
9318ub,2025-12-28,702,32,0.0
9318ub,2025-12-29,703,33,0.0
9318ub,2025-12-30,704,34,0.0
9318ub,2025-12-31,705,35,0.0
9318ub,2026-01-01,706,36,0.0
9318ub,2026-01-02,707,37,0.0
9318ub,2026-01-03,708,38,0.0
9318ub,2026-01-04,709,39,0.0
9318ub,2026-01-05,710,40,0.0
9318ub,2026-01-06,711,41,0.0
9318ub,2026-01-07,712,42,0.0
9318ub,2026-01-08,713,43,0.0
9318ub,2026-01-09,714,44,0.0
9318ub,2026-01-10,715,45,0.0
9318ub,2026-01-11,716,46,0.0
9318ub,2026-01-12,717,47,0.0
9318ub,2026-01-13,718,48,0.0
9318ub,2026-01-14,719,49,0.0
9318ub,2026-01-15,720,50,0.0
9318ub,2026-01-16,721,51,0.0
9318ub,2026-01-17,722,52,0.0
9318ub,2026-01-18,723,53,0.0
9318ub,2026-01-19,724,54,0.0
9318ub,2026-01-20,725,55,0.0
9318ub,2026-01-21,726,56,0.0
9318ub,2026-01-22,727,57,0.0
9318ub,2026-01-23,728,58,0.0
9318ub,2026-01-24,729,59,0.0
9318ub,2026-01-25,730,60,0.0
9318ub,2026-01-26,731,61,0.0
9318ub,2026-01-27,732,62,0.0
9318ub,2026-01-28,733,63,0.0
9318ub,2026-01-29,734,64,0.0
9318ub,2026-01-30,735,65,0.0
9318ub,2026-01-31,736,66,0.0
9318ub,2026-02-01,737,67,0.0
9318ub,2026-02-02,738,68,0.0
9318ub,2026-02-03,739,69,0.0
9318ub,2026-02-04,740,70,0.01
9318ub,2026-02-05,741,71,0.0
9318ub,2026-02-06,742,72,0.0
9318ub,2026-02-07,743,73,0.0
9318ub,2026-02-08,744,74,0.0
9318ub,2026-02-09,745,75,0.0
9318ub,2026-02-10,746,76,0.0
9318ub,2026-02-11,747,77,0.0
9318ub,2026-02-12,748,78,0.0
9318ub,2026-02-13,749,79,0.0
9318ub,2026-02-14,750,80,0.0
9318ub,2026-02-15,751,81,0.0
9318ub,2026-02-16,752,82,0.0
9318ub,2026-02-17,753,83,0.0
9318ub,2026-02-18,754,84,0.0
9318ub,2026-02-19,755,85,0.0
9318ub,2026-02-20,756,86,0.0
9318ub,2026-02-21,757,87,0.0
9318ub,2026-02-22,758,88,0.0
9318ub,2026-02-23,759,89,0.0
9318ub,2026-02-24,760,90,0.03
9318ub,2026-02-25,761,91,0.02
9318ub,2026-02-26,762,92,0.02
9318ub,2026-02-27,763,93,0.01
9318ub,2026-02-28,764,94,0.01
9318ub,2026-03-01,765,95,0.0
9318ub,2026-03-02,766,96,0.0
9318ub,2026-03-03,767,97,0.01
9318ub,2026-03-04,768,98,0.0
9318ub,2026-03-05,769,99,0.01
ga10111,2025-11-26,670,0,0.0
ga10111,2025-11-27,671,1,0.0
ga10111,2025-11-28,672,2,0.0
ga10111,2025-11-29,673,3,0.0
ga10111,2025-11-30,674,4,0.0
ga10111,2025-12-01,675,5,0.0
ga10111,2025-12-02,676,6,0.01
ga10111,2025-12-03,677,7,0.0
ga10111,2025-12-04,678,8,0.0
ga10111,2025-12-05,679,9,0.0
ga10111,2025-12-06,680,10,0.0
ga10111,2025-12-07,681,11,0.0
ga10111,2025-12-08,682,12,0.0
ga10111,2025-12-09,683,13,0.0
ga10111,2025-12-10,684,14,0.0
ga10111,2025-12-11,685,15,0.0
ga10111,2025-12-12,686,16,0.0
ga10111,2025-12-13,687,17,0.0
ga10111,2025-12-14,688,18,0.0
ga10111,2025-12-15,689,19,0.0
ga10111,2025-12-16,690,20,0.0
ga10111,2025-12-17,691,21,0.0
ga10111,2025-12-18,692,22,0.0
ga10111,2025-12-19,693,23,0.0
ga10111,2025-12-20,694,24,0.0
ga10111,2025-12-21,695,25,0.0
ga10111,2025-12-22,696,26,0.0
ga10111,2025-12-23,697,27,0.0
ga10111,2025-12-24,698,28,0.0
ga10111,2025-12-25,699,29,0.0
ga10111,2025-12-26,700,30,0.0
ga10111,2025-12-27,701,31,0.0
ga10111,2025-12-28,702,32,0.0
ga10111,2025-12-29,703,33,0.0
ga10111,2025-12-30,704,34,0.0
ga10111,2025-12-31,705,35,0.0
ga10111,2026-01-01,706,36,0.0
ga10111,2026-01-02,707,37,0.0
ga10111,2026-01-03,708,38,0.0
ga10111,2026-01-04,709,39,0.0
ga10111,2026-01-05,710,40,0.0
ga10111,2026-01-06,711,41,0.0
ga10111,2026-01-07,712,42,0.0
ga10111,2026-01-08,713,43,0.0
ga10111,2026-01-09,714,44,0.0
ga10111,2026-01-10,715,45,0.0
ga10111,2026-01-11,716,46,0.0
ga10111,2026-01-12,717,47,0.0
ga10111,2026-01-13,718,48,0.01
ga10111,2026-01-14,719,49,0.0
ga10111,2026-01-15,720,50,0.0
ga10111,2026-01-16,721,51,0.0
ga10111,2026-01-17,722,52,0.0
ga10111,2026-01-18,723,53,0.0
ga10111,2026-01-19,724,54,0.0
ga10111,2026-01-20,725,55,0.0
ga10111,2026-01-21,726,56,0.0
ga10111,2026-01-22,727,57,0.01
ga10111,2026-01-23,728,58,0.0
ga10111,2026-01-24,729,59,0.0
ga10111,2026-01-25,730,60,0.0
ga10111,2026-01-26,731,61,0.0
ga10111,2026-01-27,732,62,0.0
ga10111,2026-01-28,733,63,0.0
ga10111,2026-01-29,734,64,0.0
ga10111,2026-01-30,735,65,0.0
ga10111,2026-01-31,736,66,0.0
ga10111,2026-02-01,737,67,0.0
ga10111,2026-02-02,738,68,0.0
ga10111,2026-02-03,739,69,0.01
ga10111,2026-02-04,740,70,0.0
ga10111,2026-02-05,741,71,0.0
ga10111,2026-02-06,742,72,0.0
ga10111,2026-02-07,743,73,0.0
ga10111,2026-02-08,744,74,0.0
ga10111,2026-02-09,745,75,0.0
ga10111,2026-02-10,746,76,0.0
ga10111,2026-02-11,747,77,0.0
ga10111,2026-02-12,748,78,0.0
ga10111,2026-02-13,749,79,0.0
ga10111,2026-02-14,750,80,0.0
ga10111,2026-02-15,751,81,0.0
ga10111,2026-02-16,752,82,0.0
ga10111,2026-02-17,753,83,0.0
ga10111,2026-02-18,754,84,0.0
ga10111,2026-02-19,755,85,0.01
ga10111,2026-02-20,756,86,0.0
ga10111,2026-02-21,757,87,0.0
ga10111,2026-02-22,758,88,0.0
ga10111,2026-02-23,759,89,0.0
ga10111,2026-02-24,760,90,0.0
ga10111,2026-02-25,761,91,0.0
ga10111,2026-02-26,762,92,0.0
ga10111,2026-02-27,763,93,0.01
ga10111,2026-02-28,764,94,0.0
ga10111,2026-03-01,765,95,0.0
ga10111,2026-03-02,766,96,0.0
ga10111,2026-03-03,767,97,0.0
ga10111,2026-03-04,768,98,0.0
ga10111,2026-03-05,769,99,0.0
ga10112,2025-11-26,670,0,0.0
ga10112,2025-11-27,671,1,0.0
ga10112,2025-11-28,672,2,0.0
ga10112,2025-11-29,673,3,0.0
ga10112,2025-11-30,674,4,0.0
ga10112,2025-12-01,675,5,0.0
ga10112,2025-12-02,676,6,0.01
ga10112,2025-12-03,677,7,0.0
ga10112,2025-12-04,678,8,0.0
ga10112,2025-12-05,679,9,0.0
ga10112,2025-12-06,680,10,0.0
ga10112,2025-12-07,681,11,0.0
ga10112,2025-12-08,682,12,0.0
ga10112,2025-12-09,683,13,0.0
ga10112,2025-12-10,684,14,0.0
ga10112,2025-12-11,685,15,0.01
ga10112,2025-12-12,686,16,0.0
ga10112,2025-12-13,687,17,0.0
ga10112,2025-12-14,688,18,0.0
ga10112,2025-12-15,689,19,0.0
ga10112,2025-12-16,690,20,0.0
ga10112,2025-12-17,691,21,0.0
ga10112,2025-12-18,692,22,0.0
ga10112,2025-12-19,693,23,0.0
ga10112,2025-12-20,694,24,0.0
ga10112,2025-12-21,695,25,0.0
ga10112,2025-12-22,696,26,0.0
ga10112,2025-12-23,697,27,0.0
ga10112,2025-12-24,698,28,0.0
ga10112,2025-12-25,699,29,0.0
ga10112,2025-12-26,700,30,0.0
ga10112,2025-12-27,701,31,0.0
ga10112,2025-12-28,702,32,0.0
ga10112,2025-12-29,703,33,0.0
ga10112,2025-12-30,704,34,0.0
ga10112,2025-12-31,705,35,0.0
ga10112,2026-01-01,706,36,0.0
ga10112,2026-01-02,707,37,0.0
ga10112,2026-01-03,708,38,0.0
ga10112,2026-01-04,709,39,0.0
ga10112,2026-01-05,710,40,0.0
ga10112,2026-01-06,711,41,0.02
ga10112,2026-01-07,712,42,0.0
ga10112,2026-01-08,713,43,0.0
ga10112,2026-01-09,714,44,0.0
ga10112,2026-01-10,715,45,0.0
ga10112,2026-01-11,716,46,0.0
ga10112,2026-01-12,717,47,0.0
ga10112,2026-01-13,718,48,0.0
ga10112,2026-01-14,719,49,0.0
ga10112,2026-01-15,720,50,0.0
ga10112,2026-01-16,721,51,0.0
ga10112,2026-01-17,722,52,0.0
ga10112,2026-01-18,723,53,0.0
ga10112,2026-01-19,724,54,0.0
ga10112,2026-01-20,725,55,0.0
ga10112,2026-01-21,726,56,0.0
ga10112,2026-01-22,727,57,0.0
ga10112,2026-01-23,728,58,0.0
ga10112,2026-01-24,729,59,0.0
ga10112,2026-01-25,730,60,0.0
ga10112,2026-01-26,731,61,0.0
ga10112,2026-01-27,732,62,0.01
ga10112,2026-01-28,733,63,0.0
ga10112,2026-01-29,734,64,0.0
ga10112,2026-01-30,735,65,0.0
ga10112,2026-01-31,736,66,0.0
ga10112,2026-02-01,737,67,0.0
ga10112,2026-02-02,738,68,0.0
ga10112,2026-02-03,739,69,0.0
ga10112,2026-02-04,740,70,0.0
ga10112,2026-02-05,741,71,0.0
ga10112,2026-02-06,742,72,0.01
ga10112,2026-02-07,743,73,0.0
ga10112,2026-02-08,744,74,0.0
ga10112,2026-02-09,745,75,0.0
ga10112,2026-02-10,746,76,0.0
ga10112,2026-02-11,747,77,0.0
ga10112,2026-02-12,748,78,0.0
ga10112,2026-02-13,749,79,0.0
ga10112,2026-02-14,750,80,0.0
ga10112,2026-02-15,751,81,0.0
ga10112,2026-02-16,752,82,0.0
ga10112,2026-02-17,753,83,0.0
ga10112,2026-02-18,754,84,0.0
ga10112,2026-02-19,755,85,0.0
ga10112,2026-02-20,756,86,0.0
ga10112,2026-02-21,757,87,0.0
ga10112,2026-02-22,758,88,0.0
ga10112,2026-02-23,759,89,0.0
ga10112,2026-02-24,760,90,0.0
ga10112,2026-02-25,761,91,0.0
ga10112,2026-02-26,762,92,0.0
ga10112,2026-02-27,763,93,0.0
ga10112,2026-02-28,764,94,0.0
ga10112,2026-03-01,765,95,0.0
ga10112,2026-03-02,766,96,0.0
ga10112,2026-03-03,767,97,0.0
ga10112,2026-03-04,768,98,0.0
ga10112,2026-03-05,769,99,0.0
ga10113,2025-11-26,670,0,0.0
ga10113,2025-11-27,671,1,0.0
ga10113,2025-11-28,672,2,0.0
ga10113,2025-11-29,673,3,0.0
ga10113,2025-11-30,674,4,0.0
ga10113,2025-12-01,675,5,0.0
ga10113,2025-12-02,676,6,0.0
ga10113,2025-12-03,677,7,0.0
ga10113,2025-12-04,678,8,0.0
ga10113,2025-12-05,679,9,0.0
ga10113,2025-12-06,680,10,0.0
ga10113,2025-12-07,681,11,0.0
ga10113,2025-12-08,682,12,0.01
ga10113,2025-12-09,683,13,0.0
ga10113,2025-12-10,684,14,0.0
ga10113,2025-12-11,685,15,0.0
ga10113,2025-12-12,686,16,0.0
ga10113,2025-12-13,687,17,0.0
ga10113,2025-12-14,688,18,0.0
ga10113,2025-12-15,689,19,0.0
ga10113,2025-12-16,690,20,0.0
ga10113,2025-12-17,691,21,0.0
ga10113,2025-12-18,692,22,0.0
ga10113,2025-12-19,693,23,0.0
ga10113,2025-12-20,694,24,0.0
ga10113,2025-12-21,695,25,0.0
ga10113,2025-12-22,696,26,0.0
ga10113,2025-12-23,697,27,0.0
ga10113,2025-12-24,698,28,0.0
ga10113,2025-12-25,699,29,0.0
ga10113,2025-12-26,700,30,0.0
ga10113,2025-12-27,701,31,0.0
ga10113,2025-12-28,702,32,0.0
ga10113,2025-12-29,703,33,0.0
ga10113,2025-12-30,704,34,0.0
ga10113,2025-12-31,705,35,0.0
ga10113,2026-01-01,706,36,0.0
ga10113,2026-01-02,707,37,0.0
ga10113,2026-01-03,708,38,0.0
ga10113,2026-01-04,709,39,0.0
ga10113,2026-01-05,710,40,0.0
ga10113,2026-01-06,711,41,0.01
ga10113,2026-01-07,712,42,0.01
ga10113,2026-01-08,713,43,0.0
ga10113,2026-01-09,714,44,0.0
ga10113,2026-01-10,715,45,0.0
ga10113,2026-01-11,716,46,0.0
ga10113,2026-01-12,717,47,0.0
ga10113,2026-01-13,718,48,0.01
ga10113,2026-01-14,719,49,0.0
ga10113,2026-01-15,720,50,0.0
ga10113,2026-01-16,721,51,0.0
ga10113,2026-01-17,722,52,0.0
ga10113,2026-01-18,723,53,0.0
ga10113,2026-01-19,724,54,0.0
ga10113,2026-01-20,725,55,0.0
ga10113,2026-01-21,726,56,0.0
ga10113,2026-01-22,727,57,0.0
ga10113,2026-01-23,728,58,0.0
ga10113,2026-01-24,729,59,0.01
ga10113,2026-01-25,730,60,0.0
ga10113,2026-01-26,731,61,0.0
ga10113,2026-01-27,732,62,0.0
ga10113,2026-01-28,733,63,0.0
ga10113,2026-01-29,734,64,0.0
ga10113,2026-01-30,735,65,0.0
ga10113,2026-01-31,736,66,0.0
ga10113,2026-02-01,737,67,0.0
ga10113,2026-02-02,738,68,0.0
ga10113,2026-02-03,739,69,0.0
ga10113,2026-02-04,740,70,0.01
ga10113,2026-02-05,741,71,0.0
ga10113,2026-02-06,742,72,0.0
ga10113,2026-02-07,743,73,0.0
ga10113,2026-02-08,744,74,0.0
ga10113,2026-02-09,745,75,0.0
ga10113,2026-02-10,746,76,0.0
ga10113,2026-02-11,747,77,0.0
ga10113,2026-02-12,748,78,0.0
ga10113,2026-02-13,749,79,0.01
ga10113,2026-02-14,750,80,0.0
ga10113,2026-02-15,751,81,0.0
ga10113,2026-02-16,752,82,0.0
ga10113,2026-02-17,753,83,0.0
ga10113,2026-02-18,754,84,0.0
ga10113,2026-02-19,755,85,0.0
ga10113,2026-02-20,756,86,0.0
ga10113,2026-02-21,757,87,0.01
ga10113,2026-02-22,758,88,0.0
ga10113,2026-02-23,759,89,0.0
ga10113,2026-02-24,760,90,0.0
ga10113,2026-02-25,761,91,0.0
ga10113,2026-02-26,762,92,0.02
ga10113,2026-02-27,763,93,0.01
ga10113,2026-02-28,764,94,0.01
ga10113,2026-03-01,765,95,0.01
ga10113,2026-03-02,766,96,0.01
ga10113,2026-03-03,767,97,0.03
ga10113,2026-03-04,768,98,0.03
ga10113,2026-03-05,769,99,0.06
ga1011sf,2025-11-26,670,0,0.0
ga1011sf,2025-11-27,671,1,0.0
ga1011sf,2025-11-28,672,2,0.0
ga1011sf,2025-11-29,673,3,0.0
ga1011sf,2025-11-30,674,4,0.0
ga1011sf,2025-12-01,675,5,0.0
ga1011sf,2025-12-02,676,6,0.02
ga1011sf,2025-12-03,677,7,0.0
ga1011sf,2025-12-04,678,8,0.0
ga1011sf,2025-12-05,679,9,0.0
ga1011sf,2025-12-06,680,10,0.0
ga1011sf,2025-12-07,681,11,0.0
ga1011sf,2025-12-08,682,12,0.0
ga1011sf,2025-12-09,683,13,0.01
ga1011sf,2025-12-10,684,14,0.01
ga1011sf,2025-12-11,685,15,0.0
ga1011sf,2025-12-12,686,16,0.0
ga1011sf,2025-12-13,687,17,0.0
ga1011sf,2025-12-14,688,18,0.01
ga1011sf,2025-12-15,689,19,0.0
ga1011sf,2025-12-16,690,20,0.0
ga1011sf,2025-12-17,691,21,0.0
ga1011sf,2025-12-18,692,22,0.0
ga1011sf,2025-12-19,693,23,0.0
ga1011sf,2025-12-20,694,24,0.0
ga1011sf,2025-12-21,695,25,0.0
ga1011sf,2025-12-22,696,26,0.0
ga1011sf,2025-12-23,697,27,0.0
ga1011sf,2025-12-24,698,28,0.0
ga1011sf,2025-12-25,699,29,0.0
ga1011sf,2025-12-26,700,30,0.0
ga1011sf,2025-12-27,701,31,0.0
ga1011sf,2025-12-28,702,32,0.0
ga1011sf,2025-12-29,703,33,0.0
ga1011sf,2025-12-30,704,34,0.0
ga1011sf,2025-12-31,705,35,0.0
ga1011sf,2026-01-01,706,36,0.0
ga1011sf,2026-01-02,707,37,0.0
ga1011sf,2026-01-03,708,38,0.0
ga1011sf,2026-01-04,709,39,0.0
ga1011sf,2026-01-05,710,40,0.0
ga1011sf,2026-01-06,711,41,0.0
ga1011sf,2026-01-07,712,42,0.0
ga1011sf,2026-01-08,713,43,0.0
ga1011sf,2026-01-09,714,44,0.0
ga1011sf,2026-01-10,715,45,0.01
ga1011sf,2026-01-11,716,46,0.0
ga1011sf,2026-01-12,717,47,0.0
ga1011sf,2026-01-13,718,48,0.0
ga1011sf,2026-01-14,719,49,0.0
ga1011sf,2026-01-15,720,50,0.0
ga1011sf,2026-01-16,721,51,0.0
ga1011sf,2026-01-17,722,52,0.0
ga1011sf,2026-01-18,723,53,0.0
ga1011sf,2026-01-19,724,54,0.0
ga1011sf,2026-01-20,725,55,0.02
ga1011sf,2026-01-21,726,56,0.0
ga1011sf,2026-01-22,727,57,0.0
ga1011sf,2026-01-23,728,58,0.0
ga1011sf,2026-01-24,729,59,0.0
ga1011sf,2026-01-25,730,60,0.0
ga1011sf,2026-01-26,731,61,0.0
ga1011sf,2026-01-27,732,62,0.0
ga1011sf,2026-01-28,733,63,0.0
ga1011sf,2026-01-29,734,64,0.0
ga1011sf,2026-01-30,735,65,0.0
ga1011sf,2026-01-31,736,66,0.0
ga1011sf,2026-02-01,737,67,0.0
ga1011sf,2026-02-02,738,68,0.0
ga1011sf,2026-02-03,739,69,0.0
ga1011sf,2026-02-04,740,70,0.0
ga1011sf,2026-02-05,741,71,0.0
ga1011sf,2026-02-06,742,72,0.0
ga1011sf,2026-02-07,743,73,0.0
ga1011sf,2026-02-08,744,74,0.0
ga1011sf,2026-02-09,745,75,0.01
ga1011sf,2026-02-10,746,76,0.0
ga1011sf,2026-02-11,747,77,0.0
ga1011sf,2026-02-12,748,78,0.0
ga1011sf,2026-02-13,749,79,0.0
ga1011sf,2026-02-14,750,80,0.0
ga1011sf,2026-02-15,751,81,0.0
ga1011sf,2026-02-16,752,82,0.0
ga1011sf,2026-02-17,753,83,0.0
ga1011sf,2026-02-18,754,84,0.0
ga1011sf,2026-02-19,755,85,0.0
ga1011sf,2026-02-20,756,86,0.0
ga1011sf,2026-02-21,757,87,0.0
ga1011sf,2026-02-22,758,88,0.0
ga1011sf,2026-02-23,759,89,0.0
ga1011sf,2026-02-24,760,90,0.0
ga1011sf,2026-02-25,761,91,0.0
ga1011sf,2026-02-26,762,92,0.0
ga1011sf,2026-02-27,763,93,0.0
ga1011sf,2026-02-28,764,94,0.0
ga1011sf,2026-03-01,765,95,0.0
ga1011sf,2026-03-02,766,96,0.0
ga1011sf,2026-03-03,767,97,0.0
ga1011sf,2026-03-04,768,98,0.0
ga1011sf,2026-03-05,769,99,0.0
ga10131,2025-11-26,670,0,0.0
ga10131,2025-11-27,671,1,0.01
ga10131,2025-11-28,672,2,0.01
ga10131,2025-11-29,673,3,0.0
ga10131,2025-11-30,674,4,0.0
ga10131,2025-12-01,675,5,0.01
ga10131,2025-12-02,676,6,0.08
ga10131,2025-12-03,677,7,0.09
ga10131,2025-12-04,678,8,0.05
ga10131,2025-12-05,679,9,0.02
ga10131,2025-12-06,680,10,0.03
ga10131,2025-12-07,681,11,0.0
ga10131,2025-12-08,682,12,0.0
ga10131,2025-12-09,683,13,0.05
ga10131,2025-12-10,684,14,0.04
ga10131,2025-12-11,685,15,0.01
ga10131,2025-12-12,686,16,0.0
ga10131,2025-12-13,687,17,0.0
ga10131,2025-12-14,688,18,0.0
ga10131,2025-12-15,689,19,0.0
ga10131,2025-12-16,690,20,0.01
ga10131,2025-12-17,691,21,0.0
ga10131,2025-12-18,692,22,0.0
ga10131,2025-12-19,693,23,0.0
ga10131,2025-12-20,694,24,0.0
ga10131,2025-12-21,695,25,0.0
ga10131,2025-12-22,696,26,0.01
ga10131,2025-12-23,697,27,0.0
ga10131,2025-12-24,698,28,0.0
ga10131,2025-12-25,699,29,0.0
ga10131,2025-12-26,700,30,0.01
ga10131,2025-12-27,701,31,0.0
ga10131,2025-12-28,702,32,0.0
ga10131,2025-12-29,703,33,0.0
ga10131,2025-12-30,704,34,0.0
ga10131,2025-12-31,705,35,0.01
ga10131,2026-01-01,706,36,0.0
ga10131,2026-01-02,707,37,0.0
ga10131,2026-01-03,708,38,0.0
ga10131,2026-01-04,709,39,0.0
ga10131,2026-01-05,710,40,0.0
ga10131,2026-01-06,711,41,0.0
ga10131,2026-01-07,712,42,0.01
ga10131,2026-01-08,713,43,0.01
ga10131,2026-01-09,714,44,0.0
ga10131,2026-01-10,715,45,0.0
ga10131,2026-01-11,716,46,0.0
ga10131,2026-01-12,717,47,0.0
ga10131,2026-01-13,718,48,0.02
ga10131,2026-01-14,719,49,0.0
ga10131,2026-01-15,720,50,0.02
ga10131,2026-01-16,721,51,0.01
ga10131,2026-01-17,722,52,0.01
ga10131,2026-01-18,723,53,0.0
ga10131,2026-01-19,724,54,0.0
ga10131,2026-01-20,725,55,0.04
ga10131,2026-01-21,726,56,0.01
ga10131,2026-01-22,727,57,0.02
ga10131,2026-01-23,728,58,0.02
ga10131,2026-01-24,729,59,0.0
ga10131,2026-01-25,730,60,0.0
ga10131,2026-01-26,731,61,0.0
ga10131,2026-01-27,732,62,0.14
ga10131,2026-01-28,733,63,0.03
ga10131,2026-01-29,734,64,0.13
ga10131,2026-01-30,735,65,0.13
ga10131,2026-01-31,736,66,0.09
ga10131,2026-02-01,737,67,0.04
ga10131,2026-02-02,738,68,0.01
ga10131,2026-02-03,739,69,0.17
ga10131,2026-02-04,740,70,0.0
ga10131,2026-02-05,741,71,0.06
ga10131,2026-02-06,742,72,0.03
ga10131,2026-02-07,743,73,0.02
ga10131,2026-02-08,744,74,0.0
ga10131,2026-02-09,745,75,0.0
ga10131,2026-02-10,746,76,0.03
ga10131,2026-02-11,747,77,0.06
ga10131,2026-02-12,748,78,0.01
ga10131,2026-02-13,749,79,0.0
ga10131,2026-02-14,750,80,0.0
ga10131,2026-02-15,751,81,0.0
ga10131,2026-02-16,752,82,0.0
ga10131,2026-02-17,753,83,0.08
ga10131,2026-02-18,754,84,0.03
ga10131,2026-02-19,755,85,0.01
ga10131,2026-02-20,756,86,0.03
ga10131,2026-02-21,757,87,0.01
ga10131,2026-02-22,758,88,0.0
ga10131,2026-02-23,759,89,0.0
ga10131,2026-02-24,760,90,0.25
ga10131,2026-02-25,761,91,0.11
ga10131,2026-02-26,762,92,0.04
ga10131,2026-02-27,763,93,0.15
ga10131,2026-02-28,764,94,0.04
ga10131,2026-03-01,765,95,0.02
ga10131,2026-03-02,766,96,0.0
ga10131,2026-03-03,767,97,0.08
ga10131,2026-03-04,768,98,0.07
ga10131,2026-03-05,769,99,0.06
ga10132,2025-11-26,670,0,0.0
ga10132,2025-11-27,671,1,0.0
ga10132,2025-11-28,672,2,0.0
ga10132,2025-11-29,673,3,0.0
ga10132,2025-11-30,674,4,0.01
ga10132,2025-12-01,675,5,0.0
ga10132,2025-12-02,676,6,0.01
ga10132,2025-12-03,677,7,0.0
ga10132,2025-12-04,678,8,0.0
ga10132,2025-12-05,679,9,0.0
ga10132,2025-12-06,680,10,0.0
ga10132,2025-12-07,681,11,0.0
ga10132,2025-12-08,682,12,0.0
ga10132,2025-12-09,683,13,0.01
ga10132,2025-12-10,684,14,0.01
ga10132,2025-12-11,685,15,0.0
ga10132,2025-12-12,686,16,0.0
ga10132,2025-12-13,687,17,0.0
ga10132,2025-12-14,688,18,0.0
ga10132,2025-12-15,689,19,0.0
ga10132,2025-12-16,690,20,0.0
ga10132,2025-12-17,691,21,0.0
ga10132,2025-12-18,692,22,0.0
ga10132,2025-12-19,693,23,0.0
ga10132,2025-12-20,694,24,0.01
ga10132,2025-12-21,695,25,0.0
ga10132,2025-12-22,696,26,0.0
ga10132,2025-12-23,697,27,0.0
ga10132,2025-12-24,698,28,0.0
ga10132,2025-12-25,699,29,0.0
ga10132,2025-12-26,700,30,0.0
ga10132,2025-12-27,701,31,0.0
ga10132,2025-12-28,702,32,0.0
ga10132,2025-12-29,703,33,0.0
ga10132,2025-12-30,704,34,0.0
ga10132,2025-12-31,705,35,0.01
ga10132,2026-01-01,706,36,0.0
ga10132,2026-01-02,707,37,0.0
ga10132,2026-01-03,708,38,0.0
ga10132,2026-01-04,709,39,0.0
ga10132,2026-01-05,710,40,0.0
ga10132,2026-01-06,711,41,0.01
ga10132,2026-01-07,712,42,0.0
ga10132,2026-01-08,713,43,0.0
ga10132,2026-01-09,714,44,0.0
ga10132,2026-01-10,715,45,0.0
ga10132,2026-01-11,716,46,0.0
ga10132,2026-01-12,717,47,0.0
ga10132,2026-01-13,718,48,0.01
ga10132,2026-01-14,719,49,0.0
ga10132,2026-01-15,720,50,0.0
ga10132,2026-01-16,721,51,0.0
ga10132,2026-01-17,722,52,0.0
ga10132,2026-01-18,723,53,0.0
ga10132,2026-01-19,724,54,0.0
ga10132,2026-01-20,725,55,0.0
ga10132,2026-01-21,726,56,0.0
ga10132,2026-01-22,727,57,0.0
ga10132,2026-01-23,728,58,0.0
ga10132,2026-01-24,729,59,0.0
ga10132,2026-01-25,730,60,0.0
ga10132,2026-01-26,731,61,0.0
ga10132,2026-01-27,732,62,0.01
ga10132,2026-01-28,733,63,0.0
ga10132,2026-01-29,734,64,0.02
ga10132,2026-01-30,735,65,0.0
ga10132,2026-01-31,736,66,0.02
ga10132,2026-02-01,737,67,0.0
ga10132,2026-02-02,738,68,0.0
ga10132,2026-02-03,739,69,0.0
ga10132,2026-02-04,740,70,0.0
ga10132,2026-02-05,741,71,0.0
ga10132,2026-02-06,742,72,0.02
ga10132,2026-02-07,743,73,0.01
ga10132,2026-02-08,744,74,0.0
ga10132,2026-02-09,745,75,0.01
ga10132,2026-02-10,746,76,0.0
ga10132,2026-02-11,747,77,0.0
ga10132,2026-02-12,748,78,0.03
ga10132,2026-02-13,749,79,0.04
ga10132,2026-02-14,750,80,0.05
ga10132,2026-02-15,751,81,0.01
ga10132,2026-02-16,752,82,0.02
ga10132,2026-02-17,753,83,0.61
ga10132,2026-02-18,754,84,0.57
ga10132,2026-02-19,755,85,0.7
ga10132,2026-02-20,756,86,0.9
ga10132,2026-02-21,757,87,0.52
ga10132,2026-02-22,758,88,0.03
ga10132,2026-02-23,759,89,0.0
ga10132,2026-02-24,760,90,0.38
ga10132,2026-02-25,761,91,0.09
ga10132,2026-02-26,762,92,0.06
ga10132,2026-02-27,763,93,0.03
ga10132,2026-02-28,764,94,0.01
ga10132,2026-03-01,765,95,0.0
ga10132,2026-03-02,766,96,0.0
ga10132,2026-03-03,767,97,0.14
ga10132,2026-03-04,768,98,0.0
ga10132,2026-03-05,769,99,0.02
ga10133,2025-11-26,670,0,0.0
ga10133,2025-11-27,671,1,0.0
ga10133,2025-11-28,672,2,0.01
ga10133,2025-11-29,673,3,0.0
ga10133,2025-11-30,674,4,0.01
ga10133,2025-12-01,675,5,0.0
ga10133,2025-12-02,676,6,0.22
ga10133,2025-12-03,677,7,0.08
ga10133,2025-12-04,678,8,0.03
ga10133,2025-12-05,679,9,0.04
ga10133,2025-12-06,680,10,0.0
ga10133,2025-12-07,681,11,0.0
ga10133,2025-12-08,682,12,0.0
ga10133,2025-12-09,683,13,0.02
ga10133,2025-12-10,684,14,0.01
ga10133,2025-12-11,685,15,0.0
ga10133,2025-12-12,686,16,0.0
ga10133,2025-12-13,687,17,0.0
ga10133,2025-12-14,688,18,0.0
ga10133,2025-12-15,689,19,0.0
ga10133,2025-12-16,690,20,0.02
ga10133,2025-12-17,691,21,0.0
ga10133,2025-12-18,692,22,0.0
ga10133,2025-12-19,693,23,0.0
ga10133,2025-12-20,694,24,0.0
ga10133,2025-12-21,695,25,0.0
ga10133,2025-12-22,696,26,0.0
ga10133,2025-12-23,697,27,0.03
ga10133,2025-12-24,698,28,0.0
ga10133,2025-12-25,699,29,0.01
ga10133,2025-12-26,700,30,0.0
ga10133,2025-12-27,701,31,0.0
ga10133,2025-12-28,702,32,0.0
ga10133,2025-12-29,703,33,0.0
ga10133,2025-12-30,704,34,0.0
ga10133,2025-12-31,705,35,0.0
ga10133,2026-01-01,706,36,0.0
ga10133,2026-01-02,707,37,0.0
ga10133,2026-01-03,708,38,0.0
ga10133,2026-01-04,709,39,0.0
ga10133,2026-01-05,710,40,0.0
ga10133,2026-01-06,711,41,0.01
ga10133,2026-01-07,712,42,0.0
ga10133,2026-01-08,713,43,0.01
ga10133,2026-01-09,714,44,0.0
ga10133,2026-01-10,715,45,0.0
ga10133,2026-01-11,716,46,0.0
ga10133,2026-01-12,717,47,0.0
ga10133,2026-01-13,718,48,0.0
ga10133,2026-01-14,719,49,0.0
ga10133,2026-01-15,720,50,0.0
ga10133,2026-01-16,721,51,0.0
ga10133,2026-01-17,722,52,0.0
ga10133,2026-01-18,723,53,0.0
ga10133,2026-01-19,724,54,0.0
ga10133,2026-01-20,725,55,0.0
ga10133,2026-01-21,726,56,0.01
ga10133,2026-01-22,727,57,0.0
ga10133,2026-01-23,728,58,0.0
ga10133,2026-01-24,729,59,0.0
ga10133,2026-01-25,730,60,0.0
ga10133,2026-01-26,731,61,0.0
ga10133,2026-01-27,732,62,0.01
ga10133,2026-01-28,733,63,0.0
ga10133,2026-01-29,734,64,0.0
ga10133,2026-01-30,735,65,0.0
ga10133,2026-01-31,736,66,0.0
ga10133,2026-02-01,737,67,0.0
ga10133,2026-02-02,738,68,0.0
ga10133,2026-02-03,739,69,0.0
ga10133,2026-02-04,740,70,0.0
ga10133,2026-02-05,741,71,0.0
ga10133,2026-02-06,742,72,0.0
ga10133,2026-02-07,743,73,0.0
ga10133,2026-02-08,744,74,0.0
ga10133,2026-02-09,745,75,0.0
ga10133,2026-02-10,746,76,0.0
ga10133,2026-02-11,747,77,0.0
ga10133,2026-02-12,748,78,0.0
ga10133,2026-02-13,749,79,0.0
ga10133,2026-02-14,750,80,0.0
ga10133,2026-02-15,751,81,0.0
ga10133,2026-02-16,752,82,0.0
ga10133,2026-02-17,753,83,0.01
ga10133,2026-02-18,754,84,0.0
ga10133,2026-02-19,755,85,0.0
ga10133,2026-02-20,756,86,0.0
ga10133,2026-02-21,757,87,0.0
ga10133,2026-02-22,758,88,0.0
ga10133,2026-02-23,759,89,0.0
ga10133,2026-02-24,760,90,0.0
ga10133,2026-02-25,761,91,0.0
ga10133,2026-02-26,762,92,0.0
ga10133,2026-02-27,763,93,0.0
ga10133,2026-02-28,764,94,0.0
ga10133,2026-03-01,765,95,0.0
ga10133,2026-03-02,766,96,0.0
ga10133,2026-03-03,767,97,0.0
ga10133,2026-03-04,768,98,0.0
ga10133,2026-03-05,769,99,0.0
ga1013sf,2025-11-26,670,0,0.0
ga1013sf,2025-11-27,671,1,0.0
ga1013sf,2025-11-28,672,2,0.0
ga1013sf,2025-11-29,673,3,0.0
ga1013sf,2025-11-30,674,4,0.0
ga1013sf,2025-12-01,675,5,0.0
ga1013sf,2025-12-02,676,6,0.0
ga1013sf,2025-12-03,677,7,0.0
ga1013sf,2025-12-04,678,8,0.0
ga1013sf,2025-12-05,679,9,0.0
ga1013sf,2025-12-06,680,10,0.0
ga1013sf,2025-12-07,681,11,0.0
ga1013sf,2025-12-08,682,12,0.0
ga1013sf,2025-12-09,683,13,0.02
ga1013sf,2025-12-10,684,14,0.0
ga1013sf,2025-12-11,685,15,0.0
ga1013sf,2025-12-12,686,16,0.0
ga1013sf,2025-12-13,687,17,0.0
ga1013sf,2025-12-14,688,18,0.0
ga1013sf,2025-12-15,689,19,0.0
ga1013sf,2025-12-16,690,20,0.01
ga1013sf,2025-12-17,691,21,0.0
ga1013sf,2025-12-18,692,22,0.0
ga1013sf,2025-12-19,693,23,0.0
ga1013sf,2025-12-20,694,24,0.0
ga1013sf,2025-12-21,695,25,0.0
ga1013sf,2025-12-22,696,26,0.0
ga1013sf,2025-12-23,697,27,0.02
ga1013sf,2025-12-24,698,28,0.0
ga1013sf,2025-12-25,699,29,0.0
ga1013sf,2025-12-26,700,30,0.0
ga1013sf,2025-12-27,701,31,0.0
ga1013sf,2025-12-28,702,32,0.0
ga1013sf,2025-12-29,703,33,0.0
ga1013sf,2025-12-30,704,34,0.0
ga1013sf,2025-12-31,705,35,0.0
ga1013sf,2026-01-01,706,36,0.0
ga1013sf,2026-01-02,707,37,0.0
ga1013sf,2026-01-03,708,38,0.0
ga1013sf,2026-01-04,709,39,0.0
ga1013sf,2026-01-05,710,40,0.0
ga1013sf,2026-01-06,711,41,0.01
ga1013sf,2026-01-07,712,42,0.0
ga1013sf,2026-01-08,713,43,0.01
ga1013sf,2026-01-09,714,44,0.0
ga1013sf,2026-01-10,715,45,0.0
ga1013sf,2026-01-11,716,46,0.0
ga1013sf,2026-01-12,717,47,0.0
ga1013sf,2026-01-13,718,48,0.0
ga1013sf,2026-01-14,719,49,0.0
ga1013sf,2026-01-15,720,50,0.0
ga1013sf,2026-01-16,721,51,0.0
ga1013sf,2026-01-17,722,52,0.0
ga1013sf,2026-01-18,723,53,0.0
ga1013sf,2026-01-19,724,54,0.0
ga1013sf,2026-01-20,725,55,0.0
ga1013sf,2026-01-21,726,56,0.0
ga1013sf,2026-01-22,727,57,0.0
ga1013sf,2026-01-23,728,58,0.01
ga1013sf,2026-01-24,729,59,0.02
ga1013sf,2026-01-25,730,60,0.0
ga1013sf,2026-01-26,731,61,0.0
ga1013sf,2026-01-27,732,62,0.01
ga1013sf,2026-01-28,733,63,0.0
ga1013sf,2026-01-29,734,64,0.0
ga1013sf,2026-01-30,735,65,0.0
ga1013sf,2026-01-31,736,66,0.0
ga1013sf,2026-02-01,737,67,0.0
ga1013sf,2026-02-02,738,68,0.0
ga1013sf,2026-02-03,739,69,0.0
ga1013sf,2026-02-04,740,70,0.0
ga1013sf,2026-02-05,741,71,0.0
ga1013sf,2026-02-06,742,72,0.01
ga1013sf,2026-02-07,743,73,0.0
ga1013sf,2026-02-08,744,74,0.0
ga1013sf,2026-02-09,745,75,0.0
ga1013sf,2026-02-10,746,76,0.0
ga1013sf,2026-02-11,747,77,0.0
ga1013sf,2026-02-12,748,78,0.0
ga1013sf,2026-02-13,749,79,0.0
ga1013sf,2026-02-14,750,80,0.01
ga1013sf,2026-02-15,751,81,0.0
ga1013sf,2026-02-16,752,82,0.01
ga1013sf,2026-02-17,753,83,0.02
ga1013sf,2026-02-18,754,84,0.0
ga1013sf,2026-02-19,755,85,0.0
ga1013sf,2026-02-20,756,86,0.02
ga1013sf,2026-02-21,757,87,0.0
ga1013sf,2026-02-22,758,88,0.01
ga1013sf,2026-02-23,759,89,0.0
ga1013sf,2026-02-24,760,90,0.05
ga1013sf,2026-02-25,761,91,0.0
ga1013sf,2026-02-26,762,92,0.03
ga1013sf,2026-02-27,763,93,0.02
ga1013sf,2026-02-28,764,94,0.0
ga1013sf,2026-03-01,765,95,0.0
ga1013sf,2026-03-02,766,96,0.01
ga1013sf,2026-03-03,767,97,0.0
ga1013sf,2026-03-04,768,98,0.0
ga1013sf,2026-03-05,769,99,0.01
ga10141,2025-11-26,670,0,0.0
ga10141,2025-11-27,671,1,0.0
ga10141,2025-11-28,672,2,0.0
ga10141,2025-11-29,673,3,0.0
ga10141,2025-11-30,674,4,0.0
ga10141,2025-12-01,675,5,0.0
ga10141,2025-12-02,676,6,0.02
ga10141,2025-12-03,677,7,0.0
ga10141,2025-12-04,678,8,0.02
ga10141,2025-12-05,679,9,0.0
ga10141,2025-12-06,680,10,0.0
ga10141,2025-12-07,681,11,0.0
ga10141,2025-12-08,682,12,0.0
ga10141,2025-12-09,683,13,0.0
ga10141,2025-12-10,684,14,0.01
ga10141,2025-12-11,685,15,0.0
ga10141,2025-12-12,686,16,0.0
ga10141,2025-12-13,687,17,0.0
ga10141,2025-12-14,688,18,0.0
ga10141,2025-12-15,689,19,0.0
ga10141,2025-12-16,690,20,0.0
ga10141,2025-12-17,691,21,0.0
ga10141,2025-12-18,692,22,0.0
ga10141,2025-12-19,693,23,0.0
ga10141,2025-12-20,694,24,0.0
ga10141,2025-12-21,695,25,0.0
ga10141,2025-12-22,696,26,0.0
ga10141,2025-12-23,697,27,0.0
ga10141,2025-12-24,698,28,0.0
ga10141,2025-12-25,699,29,0.0
ga10141,2025-12-26,700,30,0.0
ga10141,2025-12-27,701,31,0.0
ga10141,2025-12-28,702,32,0.0
ga10141,2025-12-29,703,33,0.0
ga10141,2025-12-30,704,34,0.0
ga10141,2025-12-31,705,35,0.0
ga10141,2026-01-01,706,36,0.0
ga10141,2026-01-02,707,37,0.0
ga10141,2026-01-03,708,38,0.0
ga10141,2026-01-04,709,39,0.0
ga10141,2026-01-05,710,40,0.0
ga10141,2026-01-06,711,41,0.0
ga10141,2026-01-07,712,42,0.0
ga10141,2026-01-08,713,43,0.0
ga10141,2026-01-09,714,44,0.0
ga10141,2026-01-10,715,45,0.0
ga10141,2026-01-11,716,46,0.0
ga10141,2026-01-12,717,47,0.0
ga10141,2026-01-13,718,48,0.01
ga10141,2026-01-14,719,49,0.0
ga10141,2026-01-15,720,50,0.0
ga10141,2026-01-16,721,51,0.0
ga10141,2026-01-17,722,52,0.0
ga10141,2026-01-18,723,53,0.0
ga10141,2026-01-19,724,54,0.0
ga10141,2026-01-20,725,55,0.02
ga10141,2026-01-21,726,56,0.0
ga10141,2026-01-22,727,57,0.0
ga10141,2026-01-23,728,58,0.0
ga10141,2026-01-24,729,59,0.0
ga10141,2026-01-25,730,60,0.0
ga10141,2026-01-26,731,61,0.0
ga10141,2026-01-27,732,62,0.01
ga10141,2026-01-28,733,63,0.0
ga10141,2026-01-29,734,64,0.0
ga10141,2026-01-30,735,65,0.0
ga10141,2026-01-31,736,66,0.0
ga10141,2026-02-01,737,67,0.0
ga10141,2026-02-02,738,68,0.0
ga10141,2026-02-03,739,69,0.02
ga10141,2026-02-04,740,70,0.0
ga10141,2026-02-05,741,71,0.0
ga10141,2026-02-06,742,72,0.01
ga10141,2026-02-07,743,73,0.0
ga10141,2026-02-08,744,74,0.0
ga10141,2026-02-09,745,75,0.0
ga10141,2026-02-10,746,76,0.01
ga10141,2026-02-11,747,77,0.0
ga10141,2026-02-12,748,78,0.01
ga10141,2026-02-13,749,79,0.0
ga10141,2026-02-14,750,80,0.01
ga10141,2026-02-15,751,81,0.0
ga10141,2026-02-16,752,82,0.0
ga10141,2026-02-17,753,83,0.01
ga10141,2026-02-18,754,84,0.0
ga10141,2026-02-19,755,85,0.0
ga10141,2026-02-20,756,86,0.01
ga10141,2026-02-21,757,87,0.0
ga10141,2026-02-22,758,88,0.0
ga10141,2026-02-23,759,89,0.0
ga10141,2026-02-24,760,90,0.02
ga10141,2026-02-25,761,91,0.0
ga10141,2026-02-26,762,92,0.0
ga10141,2026-02-27,763,93,0.01
ga10141,2026-02-28,764,94,0.0
ga10141,2026-03-01,765,95,0.0
ga10141,2026-03-02,766,96,0.0
ga10141,2026-03-03,767,97,0.0
ga10141,2026-03-04,768,98,0.0
ga10141,2026-03-05,769,99,0.0
ga10142,2025-11-26,670,0,0.0
ga10142,2025-11-27,671,1,0.0
ga10142,2025-11-28,672,2,0.0
ga10142,2025-11-29,673,3,0.0
ga10142,2025-11-30,674,4,0.0
ga10142,2025-12-01,675,5,0.0
ga10142,2025-12-02,676,6,0.0
ga10142,2025-12-03,677,7,0.0
ga10142,2025-12-04,678,8,0.0
ga10142,2025-12-05,679,9,0.0
ga10142,2025-12-06,680,10,0.0
ga10142,2025-12-07,681,11,0.0
ga10142,2025-12-08,682,12,0.0
ga10142,2025-12-09,683,13,0.0
ga10142,2025-12-10,684,14,0.0
ga10142,2025-12-11,685,15,0.0
ga10142,2025-12-12,686,16,0.0
ga10142,2025-12-13,687,17,0.0
ga10142,2025-12-14,688,18,0.0
ga10142,2025-12-15,689,19,0.0
ga10142,2025-12-16,690,20,0.0
ga10142,2025-12-17,691,21,0.0
ga10142,2025-12-18,692,22,0.0
ga10142,2025-12-19,693,23,0.0
ga10142,2025-12-20,694,24,0.0
ga10142,2025-12-21,695,25,0.0
ga10142,2025-12-22,696,26,0.0
ga10142,2025-12-23,697,27,0.0
ga10142,2025-12-24,698,28,0.0
ga10142,2025-12-25,699,29,0.0
ga10142,2025-12-26,700,30,0.0
ga10142,2025-12-27,701,31,0.0
ga10142,2025-12-28,702,32,0.0
ga10142,2025-12-29,703,33,0.0
ga10142,2025-12-30,704,34,0.0
ga10142,2025-12-31,705,35,0.0
ga10142,2026-01-01,706,36,0.0
ga10142,2026-01-02,707,37,0.0
ga10142,2026-01-03,708,38,0.0
ga10142,2026-01-04,709,39,0.0
ga10142,2026-01-05,710,40,0.0
ga10142,2026-01-06,711,41,0.0
ga10142,2026-01-07,712,42,0.0
ga10142,2026-01-08,713,43,0.0
ga10142,2026-01-09,714,44,0.0
ga10142,2026-01-10,715,45,0.0
ga10142,2026-01-11,716,46,0.0
ga10142,2026-01-12,717,47,0.0
ga10142,2026-01-13,718,48,0.0
ga10142,2026-01-14,719,49,0.0
ga10142,2026-01-15,720,50,0.0
ga10142,2026-01-16,721,51,0.0
ga10142,2026-01-17,722,52,0.0
ga10142,2026-01-18,723,53,0.0
ga10142,2026-01-19,724,54,0.0
ga10142,2026-01-20,725,55,0.0
ga10142,2026-01-21,726,56,0.0
ga10142,2026-01-22,727,57,0.0
ga10142,2026-01-23,728,58,0.0
ga10142,2026-01-24,729,59,0.0
ga10142,2026-01-25,730,60,0.0
ga10142,2026-01-26,731,61,0.0
ga10142,2026-01-27,732,62,0.02
ga10142,2026-01-28,733,63,0.0
ga10142,2026-01-29,734,64,0.0
ga10142,2026-01-30,735,65,0.0
ga10142,2026-01-31,736,66,0.01
ga10142,2026-02-01,737,67,0.0
ga10142,2026-02-02,738,68,0.0
ga10142,2026-02-03,739,69,0.0
ga10142,2026-02-04,740,70,0.0
ga10142,2026-02-05,741,71,0.0
ga10142,2026-02-06,742,72,0.01
ga10142,2026-02-07,743,73,0.0
ga10142,2026-02-08,744,74,0.0
ga10142,2026-02-09,745,75,0.0
ga10142,2026-02-10,746,76,0.0
ga10142,2026-02-11,747,77,0.0
ga10142,2026-02-12,748,78,0.0
ga10142,2026-02-13,749,79,0.0
ga10142,2026-02-14,750,80,0.0
ga10142,2026-02-15,751,81,0.0
ga10142,2026-02-16,752,82,0.0
ga10142,2026-02-17,753,83,0.0
ga10142,2026-02-18,754,84,0.0
ga10142,2026-02-19,755,85,0.0
ga10142,2026-02-20,756,86,0.0
ga10142,2026-02-21,757,87,0.0
ga10142,2026-02-22,758,88,0.0
ga10142,2026-02-23,759,89,0.0
ga10142,2026-02-24,760,90,0.01
ga10142,2026-02-25,761,91,0.0
ga10142,2026-02-26,762,92,0.0
ga10142,2026-02-27,763,93,0.0
ga10142,2026-02-28,764,94,0.0
ga10142,2026-03-01,765,95,0.0
ga10142,2026-03-02,766,96,0.0
ga10142,2026-03-03,767,97,0.0
ga10142,2026-03-04,768,98,0.0
ga10142,2026-03-05,769,99,0.0
ga10143,2025-11-26,670,0,0.0
ga10143,2025-11-27,671,1,0.0
ga10143,2025-11-28,672,2,0.0
ga10143,2025-11-29,673,3,0.0
ga10143,2025-11-30,674,4,0.0
ga10143,2025-12-01,675,5,0.0
ga10143,2025-12-02,676,6,0.0
ga10143,2025-12-03,677,7,0.0
ga10143,2025-12-04,678,8,0.01
ga10143,2025-12-05,679,9,0.0
ga10143,2025-12-06,680,10,0.0
ga10143,2025-12-07,681,11,0.0
ga10143,2025-12-08,682,12,0.0
ga10143,2025-12-09,683,13,0.0
ga10143,2025-12-10,684,14,0.0
ga10143,2025-12-11,685,15,0.0
ga10143,2025-12-12,686,16,0.0
ga10143,2025-12-13,687,17,0.0
ga10143,2025-12-14,688,18,0.0
ga10143,2025-12-15,689,19,0.0
ga10143,2025-12-16,690,20,0.0
ga10143,2025-12-17,691,21,0.0
ga10143,2025-12-18,692,22,0.0
ga10143,2025-12-19,693,23,0.0
ga10143,2025-12-20,694,24,0.0
ga10143,2025-12-21,695,25,0.0
ga10143,2025-12-22,696,26,0.0
ga10143,2025-12-23,697,27,0.0
ga10143,2025-12-24,698,28,0.0
ga10143,2025-12-25,699,29,0.0
ga10143,2025-12-26,700,30,0.0
ga10143,2025-12-27,701,31,0.0
ga10143,2025-12-28,702,32,0.0
ga10143,2025-12-29,703,33,0.0
ga10143,2025-12-30,704,34,0.0
ga10143,2025-12-31,705,35,0.0
ga10143,2026-01-01,706,36,0.0
ga10143,2026-01-02,707,37,0.0
ga10143,2026-01-03,708,38,0.0
ga10143,2026-01-04,709,39,0.0
ga10143,2026-01-05,710,40,0.0
ga10143,2026-01-06,711,41,0.0
ga10143,2026-01-07,712,42,0.0
ga10143,2026-01-08,713,43,0.0
ga10143,2026-01-09,714,44,0.0
ga10143,2026-01-10,715,45,0.0
ga10143,2026-01-11,716,46,0.0
ga10143,2026-01-12,717,47,0.0
ga10143,2026-01-13,718,48,0.0
ga10143,2026-01-14,719,49,0.02
ga10143,2026-01-15,720,50,0.0
ga10143,2026-01-16,721,51,0.0
ga10143,2026-01-17,722,52,0.0
ga10143,2026-01-18,723,53,0.0
ga10143,2026-01-19,724,54,0.0
ga10143,2026-01-20,725,55,0.0
ga10143,2026-01-21,726,56,0.0
ga10143,2026-01-22,727,57,0.0
ga10143,2026-01-23,728,58,0.0
ga10143,2026-01-24,729,59,0.0
ga10143,2026-01-25,730,60,0.0
ga10143,2026-01-26,731,61,0.0
ga10143,2026-01-27,732,62,0.0
ga10143,2026-01-28,733,63,0.0
ga10143,2026-01-29,734,64,0.0
ga10143,2026-01-30,735,65,0.0
ga10143,2026-01-31,736,66,0.01
ga10143,2026-02-01,737,67,0.0
ga10143,2026-02-02,738,68,0.0
ga10143,2026-02-03,739,69,0.01
ga10143,2026-02-04,740,70,0.0
ga10143,2026-02-05,741,71,0.02
ga10143,2026-02-06,742,72,0.01
ga10143,2026-02-07,743,73,0.0
ga10143,2026-02-08,744,74,0.01
ga10143,2026-02-09,745,75,0.0
ga10143,2026-02-10,746,76,0.03
ga10143,2026-02-11,747,77,0.01
ga10143,2026-02-12,748,78,0.0
ga10143,2026-02-13,749,79,0.01
ga10143,2026-02-14,750,80,0.0
ga10143,2026-02-15,751,81,0.0
ga10143,2026-02-16,752,82,0.0
ga10143,2026-02-17,753,83,0.0
ga10143,2026-02-18,754,84,0.0
ga10143,2026-02-19,755,85,0.0
ga10143,2026-02-20,756,86,0.0
ga10143,2026-02-21,757,87,0.0
ga10143,2026-02-22,758,88,0.0
ga10143,2026-02-23,759,89,0.0
ga10143,2026-02-24,760,90,0.0
ga10143,2026-02-25,761,91,0.0
ga10143,2026-02-26,762,92,0.0
ga10143,2026-02-27,763,93,0.01
ga10143,2026-02-28,764,94,0.0
ga10143,2026-03-01,765,95,0.0
ga10143,2026-03-02,766,96,0.0
ga10143,2026-03-03,767,97,0.0
ga10143,2026-03-04,768,98,0.01
ga10143,2026-03-05,769,99,0.02
ga10151,2025-11-26,670,0,0.43
ga10151,2025-11-27,671,1,0.24
ga10151,2025-11-28,672,2,0.17
ga10151,2025-11-29,673,3,0.08
ga10151,2025-11-30,674,4,0.02
ga10151,2025-12-01,675,5,0.02
ga10151,2025-12-02,676,6,0.43
ga10151,2025-12-03,677,7,0.38
ga10151,2025-12-04,678,8,0.42
ga10151,2025-12-05,679,9,0.18
ga10151,2025-12-06,680,10,0.1
ga10151,2025-12-07,681,11,0.0
ga10151,2025-12-08,682,12,0.01
ga10151,2025-12-09,683,13,0.21
ga10151,2025-12-10,684,14,0.08
ga10151,2025-12-11,685,15,0.04
ga10151,2025-12-12,686,16,0.04
ga10151,2025-12-13,687,17,0.01
ga10151,2025-12-14,688,18,0.01
ga10151,2025-12-15,689,19,0.01
ga10151,2025-12-16,690,20,0.13
ga10151,2025-12-17,691,21,0.01
ga10151,2025-12-18,692,22,0.03
ga10151,2025-12-19,693,23,0.03
ga10151,2025-12-20,694,24,0.01
ga10151,2025-12-21,695,25,0.0
ga10151,2025-12-22,696,26,0.0
ga10151,2025-12-23,697,27,0.11
ga10151,2025-12-24,698,28,0.01
ga10151,2025-12-25,699,29,0.0
ga10151,2025-12-26,700,30,0.04
ga10151,2025-12-27,701,31,0.01
ga10151,2025-12-28,702,32,0.0
ga10151,2025-12-29,703,33,0.0
ga10151,2025-12-30,704,34,0.16
ga10151,2025-12-31,705,35,0.03
ga10151,2026-01-01,706,36,0.03
ga10151,2026-01-02,707,37,0.0
ga10151,2026-01-03,708,38,0.01
ga10151,2026-01-04,709,39,0.0
ga10151,2026-01-05,710,40,0.0
ga10151,2026-01-06,711,41,0.17
ga10151,2026-01-07,712,42,0.05
ga10151,2026-01-08,713,43,0.04
ga10151,2026-01-09,714,44,0.01
ga10151,2026-01-10,715,45,0.0
ga10151,2026-01-11,716,46,0.0
ga10151,2026-01-12,717,47,0.0
ga10151,2026-01-13,718,48,0.16
ga10151,2026-01-14,719,49,0.1
ga10151,2026-01-15,720,50,0.0
ga10151,2026-01-16,721,51,0.0
ga10151,2026-01-17,722,52,0.0
ga10151,2026-01-18,723,53,0.0
ga10151,2026-01-19,724,54,0.01
ga10151,2026-01-20,725,55,0.16
ga10151,2026-01-21,726,56,0.05
ga10151,2026-01-22,727,57,0.02
ga10151,2026-01-23,728,58,0.01
ga10151,2026-01-24,729,59,0.01
ga10151,2026-01-25,730,60,0.0
ga10151,2026-01-26,731,61,0.0
ga10151,2026-01-27,732,62,0.28
ga10151,2026-01-28,733,63,0.05
ga10151,2026-01-29,734,64,0.05
ga10151,2026-01-30,735,65,0.0
ga10151,2026-01-31,736,66,0.0
ga10151,2026-02-01,737,67,0.0
ga10151,2026-02-02,738,68,0.01
ga10151,2026-02-03,739,69,0.06
ga10151,2026-02-04,740,70,0.02
ga10151,2026-02-05,741,71,0.07
ga10151,2026-02-06,742,72,0.1
ga10151,2026-02-07,743,73,0.09
ga10151,2026-02-08,744,74,0.0
ga10151,2026-02-09,745,75,0.0
ga10151,2026-02-10,746,76,0.47
ga10151,2026-02-11,747,77,0.27
ga10151,2026-02-12,748,78,0.57
ga10151,2026-02-13,749,79,0.59
ga10151,2026-02-14,750,80,0.49
ga10151,2026-02-15,751,81,0.02
ga10151,2026-02-16,752,82,0.01
ga10151,2026-02-17,753,83,0.44
ga10151,2026-02-18,754,84,0.2
ga10151,2026-02-19,755,85,0.46
ga10151,2026-02-20,756,86,0.42
ga10151,2026-02-21,757,87,0.59
ga10151,2026-02-22,758,88,0.04
ga10151,2026-02-23,759,89,0.0
ga10151,2026-02-24,760,90,0.55
ga10151,2026-02-25,761,91,0.45
ga10151,2026-02-26,762,92,0.46
ga10151,2026-02-27,763,93,0.63
ga10151,2026-02-28,764,94,0.46
ga10151,2026-03-01,765,95,0.03
ga10151,2026-03-02,766,96,0.0
ga10151,2026-03-03,767,97,0.15
ga10151,2026-03-04,768,98,0.02
ga10151,2026-03-05,769,99,0.12
ga10152,2025-11-26,670,0,0.01
ga10152,2025-11-27,671,1,0.0
ga10152,2025-11-28,672,2,0.07
ga10152,2025-11-29,673,3,0.08
ga10152,2025-11-30,674,4,0.1
ga10152,2025-12-01,675,5,0.01
ga10152,2025-12-02,676,6,0.5
ga10152,2025-12-03,677,7,0.76
ga10152,2025-12-04,678,8,0.52
ga10152,2025-12-05,679,9,0.21
ga10152,2025-12-06,680,10,0.03
ga10152,2025-12-07,681,11,0.0
ga10152,2025-12-08,682,12,0.0
ga10152,2025-12-09,683,13,0.01
ga10152,2025-12-10,684,14,0.0
ga10152,2025-12-11,685,15,0.0
ga10152,2025-12-12,686,16,0.0
ga10152,2025-12-13,687,17,0.0
ga10152,2025-12-14,688,18,0.0
ga10152,2025-12-15,689,19,0.0
ga10152,2025-12-16,690,20,0.0
ga10152,2025-12-17,691,21,0.0
ga10152,2025-12-18,692,22,0.01
ga10152,2025-12-19,693,23,0.0
ga10152,2025-12-20,694,24,0.0
ga10152,2025-12-21,695,25,0.0
ga10152,2025-12-22,696,26,0.0
ga10152,2025-12-23,697,27,0.0
ga10152,2025-12-24,698,28,0.0
ga10152,2025-12-25,699,29,0.0
ga10152,2025-12-26,700,30,0.0
ga10152,2025-12-27,701,31,0.0
ga10152,2025-12-28,702,32,0.0
ga10152,2025-12-29,703,33,0.0
ga10152,2025-12-30,704,34,0.0
ga10152,2025-12-31,705,35,0.0
ga10152,2026-01-01,706,36,0.0
ga10152,2026-01-02,707,37,0.01
ga10152,2026-01-03,708,38,0.0
ga10152,2026-01-04,709,39,0.0
ga10152,2026-01-05,710,40,0.01
ga10152,2026-01-06,711,41,0.01
ga10152,2026-01-07,712,42,0.0
ga10152,2026-01-08,713,43,0.02
ga10152,2026-01-09,714,44,0.01
ga10152,2026-01-10,715,45,0.0
ga10152,2026-01-11,716,46,0.01
ga10152,2026-01-12,717,47,0.0
ga10152,2026-01-13,718,48,0.01
ga10152,2026-01-14,719,49,0.01
ga10152,2026-01-15,720,50,0.04
ga10152,2026-01-16,721,51,0.01
ga10152,2026-01-17,722,52,0.0
ga10152,2026-01-18,723,53,0.0
ga10152,2026-01-19,724,54,0.02
ga10152,2026-01-20,725,55,0.06
ga10152,2026-01-21,726,56,0.0
ga10152,2026-01-22,727,57,0.01
ga10152,2026-01-23,728,58,0.01
ga10152,2026-01-24,729,59,0.0
ga10152,2026-01-25,730,60,0.0
ga10152,2026-01-26,731,61,0.0
ga10152,2026-01-27,732,62,0.06
ga10152,2026-01-28,733,63,0.02
ga10152,2026-01-29,734,64,0.05
ga10152,2026-01-30,735,65,0.03
ga10152,2026-01-31,736,66,0.03
ga10152,2026-02-01,737,67,0.0
ga10152,2026-02-02,738,68,0.0
ga10152,2026-02-03,739,69,0.01
ga10152,2026-02-04,740,70,0.0
ga10152,2026-02-05,741,71,0.01
ga10152,2026-02-06,742,72,0.0
ga10152,2026-02-07,743,73,0.0
ga10152,2026-02-08,744,74,0.0
ga10152,2026-02-09,745,75,0.0
ga10152,2026-02-10,746,76,0.01
ga10152,2026-02-11,747,77,0.01
ga10152,2026-02-12,748,78,0.04
ga10152,2026-02-13,749,79,0.04
ga10152,2026-02-14,750,80,0.02
ga10152,2026-02-15,751,81,0.01
ga10152,2026-02-16,752,82,0.0
ga10152,2026-02-17,753,83,0.02
ga10152,2026-02-18,754,84,0.01
ga10152,2026-02-19,755,85,0.02
ga10152,2026-02-20,756,86,0.07
ga10152,2026-02-21,757,87,0.02
ga10152,2026-02-22,758,88,0.0
ga10152,2026-02-23,759,89,0.0
ga10152,2026-02-24,760,90,0.0
ga10152,2026-02-25,761,91,0.01
ga10152,2026-02-26,762,92,0.04
ga10152,2026-02-27,763,93,0.0
ga10152,2026-02-28,764,94,0.01
ga10152,2026-03-01,765,95,0.0
ga10152,2026-03-02,766,96,0.0
ga10152,2026-03-03,767,97,0.02
ga10152,2026-03-04,768,98,0.03
ga10152,2026-03-05,769,99,0.01
ga10153,2025-11-26,670,0,0.0
ga10153,2025-11-27,671,1,0.02
ga10153,2025-11-28,672,2,0.0
ga10153,2025-11-29,673,3,0.01
ga10153,2025-11-30,674,4,0.0
ga10153,2025-12-01,675,5,0.0
ga10153,2025-12-02,676,6,0.24
ga10153,2025-12-03,677,7,0.22
ga10153,2025-12-04,678,8,0.23
ga10153,2025-12-05,679,9,0.18
ga10153,2025-12-06,680,10,0.22
ga10153,2025-12-07,681,11,0.09
ga10153,2025-12-08,682,12,0.03
ga10153,2025-12-09,683,13,0.55
ga10153,2025-12-10,684,14,0.04
ga10153,2025-12-11,685,15,0.04
ga10153,2025-12-12,686,16,0.0
ga10153,2025-12-13,687,17,0.01
ga10153,2025-12-14,688,18,0.0
ga10153,2025-12-15,689,19,0.02
ga10153,2025-12-16,690,20,0.03
ga10153,2025-12-17,691,21,0.0
ga10153,2025-12-18,692,22,0.01
ga10153,2025-12-19,693,23,0.06
ga10153,2025-12-20,694,24,0.0
ga10153,2025-12-21,695,25,0.02
ga10153,2025-12-22,696,26,0.0
ga10153,2025-12-23,697,27,0.0
ga10153,2025-12-24,698,28,0.0
ga10153,2025-12-25,699,29,0.0
ga10153,2025-12-26,700,30,0.0
ga10153,2025-12-27,701,31,0.0
ga10153,2025-12-28,702,32,0.0
ga10153,2025-12-29,703,33,0.0
ga10153,2025-12-30,704,34,0.01
ga10153,2025-12-31,705,35,0.0
ga10153,2026-01-01,706,36,0.0
ga10153,2026-01-02,707,37,0.0
ga10153,2026-01-03,708,38,0.0
ga10153,2026-01-04,709,39,0.0
ga10153,2026-01-05,710,40,0.0
ga10153,2026-01-06,711,41,0.0
ga10153,2026-01-07,712,42,0.0
ga10153,2026-01-08,713,43,0.0
ga10153,2026-01-09,714,44,0.0
ga10153,2026-01-10,715,45,0.01
ga10153,2026-01-11,716,46,0.0
ga10153,2026-01-12,717,47,0.0
ga10153,2026-01-13,718,48,0.0
ga10153,2026-01-14,719,49,0.0
ga10153,2026-01-15,720,50,0.0
ga10153,2026-01-16,721,51,0.0
ga10153,2026-01-17,722,52,0.0
ga10153,2026-01-18,723,53,0.0
ga10153,2026-01-19,724,54,0.0
ga10153,2026-01-20,725,55,0.0
ga10153,2026-01-21,726,56,0.0
ga10153,2026-01-22,727,57,0.0
ga10153,2026-01-23,728,58,0.0
ga10153,2026-01-24,729,59,0.0
ga10153,2026-01-25,730,60,0.0
ga10153,2026-01-26,731,61,0.01
ga10153,2026-01-27,732,62,0.01
ga10153,2026-01-28,733,63,0.01
ga10153,2026-01-29,734,64,0.0
ga10153,2026-01-30,735,65,0.0
ga10153,2026-01-31,736,66,0.0
ga10153,2026-02-01,737,67,0.0
ga10153,2026-02-02,738,68,0.0
ga10153,2026-02-03,739,69,0.01
ga10153,2026-02-04,740,70,0.0
ga10153,2026-02-05,741,71,0.0
ga10153,2026-02-06,742,72,0.01
ga10153,2026-02-07,743,73,0.0
ga10153,2026-02-08,744,74,0.0
ga10153,2026-02-09,745,75,0.0
ga10153,2026-02-10,746,76,0.0
ga10153,2026-02-11,747,77,0.02
ga10153,2026-02-12,748,78,0.01
ga10153,2026-02-13,749,79,0.02
ga10153,2026-02-14,750,80,0.02
ga10153,2026-02-15,751,81,0.0
ga10153,2026-02-16,752,82,0.0
ga10153,2026-02-17,753,83,0.01
ga10153,2026-02-18,754,84,0.01
ga10153,2026-02-19,755,85,0.03
ga10153,2026-02-20,756,86,0.05
ga10153,2026-02-21,757,87,0.0
ga10153,2026-02-22,758,88,0.0
ga10153,2026-02-23,759,89,0.01
ga10153,2026-02-24,760,90,0.06
ga10153,2026-02-25,761,91,0.0
ga10153,2026-02-26,762,92,0.03
ga10153,2026-02-27,763,93,0.02
ga10153,2026-02-28,764,94,0.01
ga10153,2026-03-01,765,95,0.0
ga10153,2026-03-02,766,96,0.01
ga10153,2026-03-03,767,97,0.02
ga10153,2026-03-04,768,98,0.0
ga10153,2026-03-05,769,99,0.02
ga1015sf,2025-11-26,670,0,0.0
ga1015sf,2025-11-27,671,1,0.0
ga1015sf,2025-11-28,672,2,0.0
ga1015sf,2025-11-29,673,3,0.0
ga1015sf,2025-11-30,674,4,0.0
ga1015sf,2025-12-01,675,5,0.0
ga1015sf,2025-12-02,676,6,0.01
ga1015sf,2025-12-03,677,7,0.01
ga1015sf,2025-12-04,678,8,0.01
ga1015sf,2025-12-05,679,9,0.0
ga1015sf,2025-12-06,680,10,0.0
ga1015sf,2025-12-07,681,11,0.0
ga1015sf,2025-12-08,682,12,0.0
ga1015sf,2025-12-09,683,13,0.01
ga1015sf,2025-12-10,684,14,0.0
ga1015sf,2025-12-11,685,15,0.0
ga1015sf,2025-12-12,686,16,0.0
ga1015sf,2025-12-13,687,17,0.0
ga1015sf,2025-12-14,688,18,0.0
ga1015sf,2025-12-15,689,19,0.0
ga1015sf,2025-12-16,690,20,0.02
ga1015sf,2025-12-17,691,21,0.0
ga1015sf,2025-12-18,692,22,0.0
ga1015sf,2025-12-19,693,23,0.0
ga1015sf,2025-12-20,694,24,0.0
ga1015sf,2025-12-21,695,25,0.0
ga1015sf,2025-12-22,696,26,0.0
ga1015sf,2025-12-23,697,27,0.02
ga1015sf,2025-12-24,698,28,0.0
ga1015sf,2025-12-25,699,29,0.0
ga1015sf,2025-12-26,700,30,0.0
ga1015sf,2025-12-27,701,31,0.0
ga1015sf,2025-12-28,702,32,0.0
ga1015sf,2025-12-29,703,33,0.0
ga1015sf,2025-12-30,704,34,0.0
ga1015sf,2025-12-31,705,35,0.0
ga1015sf,2026-01-01,706,36,0.0
ga1015sf,2026-01-02,707,37,0.0
ga1015sf,2026-01-03,708,38,0.0
ga1015sf,2026-01-04,709,39,0.0
ga1015sf,2026-01-05,710,40,0.0
ga1015sf,2026-01-06,711,41,0.0
ga1015sf,2026-01-07,712,42,0.0
ga1015sf,2026-01-08,713,43,0.0
ga1015sf,2026-01-09,714,44,0.0
ga1015sf,2026-01-10,715,45,0.0
ga1015sf,2026-01-11,716,46,0.0
ga1015sf,2026-01-12,717,47,0.0
ga1015sf,2026-01-13,718,48,0.0
ga1015sf,2026-01-14,719,49,0.0
ga1015sf,2026-01-15,720,50,0.0
ga1015sf,2026-01-16,721,51,0.0
ga1015sf,2026-01-17,722,52,0.0
ga1015sf,2026-01-18,723,53,0.0
ga1015sf,2026-01-19,724,54,0.0
ga1015sf,2026-01-20,725,55,0.0
ga1015sf,2026-01-21,726,56,0.0
ga1015sf,2026-01-22,727,57,0.0
ga1015sf,2026-01-23,728,58,0.0
ga1015sf,2026-01-24,729,59,0.0
ga1015sf,2026-01-25,730,60,0.0
ga1015sf,2026-01-26,731,61,0.0
ga1015sf,2026-01-27,732,62,0.0
ga1015sf,2026-01-28,733,63,0.0
ga1015sf,2026-01-29,734,64,0.0
ga1015sf,2026-01-30,735,65,0.0
ga1015sf,2026-01-31,736,66,0.0
ga1015sf,2026-02-01,737,67,0.0
ga1015sf,2026-02-02,738,68,0.0
ga1015sf,2026-02-03,739,69,0.0
ga1015sf,2026-02-04,740,70,0.0
ga1015sf,2026-02-05,741,71,0.0
ga1015sf,2026-02-06,742,72,0.0
ga1015sf,2026-02-07,743,73,0.0
ga1015sf,2026-02-08,744,74,0.0
ga1015sf,2026-02-09,745,75,0.0
ga1015sf,2026-02-10,746,76,0.0
ga1015sf,2026-02-11,747,77,0.0
ga1015sf,2026-02-12,748,78,0.0
ga1015sf,2026-02-13,749,79,0.0
ga1015sf,2026-02-14,750,80,0.0
ga1015sf,2026-02-15,751,81,0.0
ga1015sf,2026-02-16,752,82,0.0
ga1015sf,2026-02-17,753,83,0.0
ga1015sf,2026-02-18,754,84,0.0
ga1015sf,2026-02-19,755,85,0.0
ga1015sf,2026-02-20,756,86,0.0
ga1015sf,2026-02-21,757,87,0.0
ga1015sf,2026-02-22,758,88,0.0
ga1015sf,2026-02-23,759,89,0.0
ga1015sf,2026-02-24,760,90,0.0
ga1015sf,2026-02-25,761,91,0.02
ga1015sf,2026-02-26,762,92,0.0
ga1015sf,2026-02-27,763,93,0.0
ga1015sf,2026-02-28,764,94,0.01
ga1015sf,2026-03-01,765,95,0.0
ga1015sf,2026-03-02,766,96,0.0
ga1015sf,2026-03-03,767,97,0.0
ga1015sf,2026-03-04,768,98,0.0
ga1015sf,2026-03-05,769,99,0.01
ga10161,2025-11-26,670,0,0.3
ga10161,2025-11-27,671,1,0.11
ga10161,2025-11-28,672,2,0.02
ga10161,2025-11-29,673,3,0.0
ga10161,2025-11-30,674,4,0.0
ga10161,2025-12-01,675,5,0.0
ga10161,2025-12-02,676,6,0.08
ga10161,2025-12-03,677,7,0.2
ga10161,2025-12-04,678,8,0.1
ga10161,2025-12-05,679,9,0.15
ga10161,2025-12-06,680,10,0.05
ga10161,2025-12-07,681,11,0.0
ga10161,2025-12-08,682,12,0.02
ga10161,2025-12-09,683,13,0.45
ga10161,2025-12-10,684,14,0.15
ga10161,2025-12-11,685,15,0.07
ga10161,2025-12-12,686,16,0.09
ga10161,2025-12-13,687,17,0.04
ga10161,2025-12-14,688,18,0.04
ga10161,2025-12-15,689,19,0.0
ga10161,2025-12-16,690,20,0.12
ga10161,2025-12-17,691,21,0.07
ga10161,2025-12-18,692,22,0.08
ga10161,2025-12-19,693,23,0.05
ga10161,2025-12-20,694,24,0.01
ga10161,2025-12-21,695,25,0.0
ga10161,2025-12-22,696,26,0.01
ga10161,2025-12-23,697,27,0.12
ga10161,2025-12-24,698,28,0.15
ga10161,2025-12-25,699,29,0.06
ga10161,2025-12-26,700,30,0.02
ga10161,2025-12-27,701,31,0.03
ga10161,2025-12-28,702,32,0.02
ga10161,2025-12-29,703,33,0.0
ga10161,2025-12-30,704,34,0.1
ga10161,2025-12-31,705,35,0.08
ga10161,2026-01-01,706,36,0.05
ga10161,2026-01-02,707,37,0.07
ga10161,2026-01-03,708,38,0.03
ga10161,2026-01-04,709,39,0.0
ga10161,2026-01-05,710,40,0.04
ga10161,2026-01-06,711,41,0.38
ga10161,2026-01-07,712,42,0.28
ga10161,2026-01-08,713,43,0.17
ga10161,2026-01-09,714,44,0.07
ga10161,2026-01-10,715,45,0.07
ga10161,2026-01-11,716,46,0.02
ga10161,2026-01-12,717,47,0.02
ga10161,2026-01-13,718,48,0.34
ga10161,2026-01-14,719,49,0.18
ga10161,2026-01-15,720,50,0.09
ga10161,2026-01-16,721,51,0.08
ga10161,2026-01-17,722,52,0.03
ga10161,2026-01-18,723,53,0.01
ga10161,2026-01-19,724,54,0.04
ga10161,2026-01-20,725,55,0.25
ga10161,2026-01-21,726,56,0.14
ga10161,2026-01-22,727,57,0.15
ga10161,2026-01-23,728,58,0.07
ga10161,2026-01-24,729,59,0.05
ga10161,2026-01-25,730,60,0.0
ga10161,2026-01-26,731,61,0.01
ga10161,2026-01-27,732,62,0.39
ga10161,2026-01-28,733,63,0.3
ga10161,2026-01-29,734,64,0.14
ga10161,2026-01-30,735,65,0.06
ga10161,2026-01-31,736,66,0.03
ga10161,2026-02-01,737,67,0.0
ga10161,2026-02-02,738,68,0.01
ga10161,2026-02-03,739,69,0.27
ga10161,2026-02-04,740,70,0.2
ga10161,2026-02-05,741,71,0.24
ga10161,2026-02-06,742,72,0.2
ga10161,2026-02-07,743,73,0.11
ga10161,2026-02-08,744,74,0.01
ga10161,2026-02-09,745,75,0.0
ga10161,2026-02-10,746,76,0.42
ga10161,2026-02-11,747,77,0.2
ga10161,2026-02-12,748,78,0.3
ga10161,2026-02-13,749,79,0.14
ga10161,2026-02-14,750,80,0.12
ga10161,2026-02-15,751,81,0.0
ga10161,2026-02-16,752,82,0.0
ga10161,2026-02-17,753,83,0.3
ga10161,2026-02-18,754,84,0.34
ga10161,2026-02-19,755,85,0.13
ga10161,2026-02-20,756,86,0.23
ga10161,2026-02-21,757,87,0.17
ga10161,2026-02-22,758,88,0.04
ga10161,2026-02-23,759,89,0.0
ga10161,2026-02-24,760,90,0.35
ga10161,2026-02-25,761,91,0.43
ga10161,2026-02-26,762,92,0.26
ga10161,2026-02-27,763,93,0.14
ga10161,2026-02-28,764,94,0.13
ga10161,2026-03-01,765,95,0.01
ga10161,2026-03-02,766,96,0.01
ga10161,2026-03-03,767,97,0.24
ga10161,2026-03-04,768,98,0.11
ga10161,2026-03-05,769,99,0.1
ga10162,2025-11-26,670,0,0.0
ga10162,2025-11-27,671,1,0.0
ga10162,2025-11-28,672,2,0.0
ga10162,2025-11-29,673,3,0.0
ga10162,2025-11-30,674,4,0.0
ga10162,2025-12-01,675,5,0.0
ga10162,2025-12-02,676,6,0.0
ga10162,2025-12-03,677,7,0.01
ga10162,2025-12-04,678,8,0.0
ga10162,2025-12-05,679,9,0.0
ga10162,2025-12-06,680,10,0.0
ga10162,2025-12-07,681,11,0.0
ga10162,2025-12-08,682,12,0.0
ga10162,2025-12-09,683,13,0.03
ga10162,2025-12-10,684,14,0.0
ga10162,2025-12-11,685,15,0.0
ga10162,2025-12-12,686,16,0.0
ga10162,2025-12-13,687,17,0.0
ga10162,2025-12-14,688,18,0.0
ga10162,2025-12-15,689,19,0.01
ga10162,2025-12-16,690,20,0.02
ga10162,2025-12-17,691,21,0.0
ga10162,2025-12-18,692,22,0.0
ga10162,2025-12-19,693,23,0.0
ga10162,2025-12-20,694,24,0.0
ga10162,2025-12-21,695,25,0.0
ga10162,2025-12-22,696,26,0.0
ga10162,2025-12-23,697,27,0.02
ga10162,2025-12-24,698,28,0.0
ga10162,2025-12-25,699,29,0.01
ga10162,2025-12-26,700,30,0.0
ga10162,2025-12-27,701,31,0.0
ga10162,2025-12-28,702,32,0.0
ga10162,2025-12-29,703,33,0.0
ga10162,2025-12-30,704,34,0.0
ga10162,2025-12-31,705,35,0.01
ga10162,2026-01-01,706,36,0.0
ga10162,2026-01-02,707,37,0.0
ga10162,2026-01-03,708,38,0.0
ga10162,2026-01-04,709,39,0.0
ga10162,2026-01-05,710,40,0.0
ga10162,2026-01-06,711,41,0.01
ga10162,2026-01-07,712,42,0.06
ga10162,2026-01-08,713,43,0.04
ga10162,2026-01-09,714,44,0.0
ga10162,2026-01-10,715,45,0.0
ga10162,2026-01-11,716,46,0.0
ga10162,2026-01-12,717,47,0.0
ga10162,2026-01-13,718,48,0.04
ga10162,2026-01-14,719,49,0.01
ga10162,2026-01-15,720,50,0.0
ga10162,2026-01-16,721,51,0.02
ga10162,2026-01-17,722,52,0.0
ga10162,2026-01-18,723,53,0.0
ga10162,2026-01-19,724,54,0.0
ga10162,2026-01-20,725,55,0.07
ga10162,2026-01-21,726,56,0.05
ga10162,2026-01-22,727,57,0.03
ga10162,2026-01-23,728,58,0.0
ga10162,2026-01-24,729,59,0.0
ga10162,2026-01-25,730,60,0.0
ga10162,2026-01-26,731,61,0.01
ga10162,2026-01-27,732,62,0.06
ga10162,2026-01-28,733,63,0.02
ga10162,2026-01-29,734,64,0.02
ga10162,2026-01-30,735,65,0.01
ga10162,2026-01-31,736,66,0.0
ga10162,2026-02-01,737,67,0.0
ga10162,2026-02-02,738,68,0.0
ga10162,2026-02-03,739,69,0.05
ga10162,2026-02-04,740,70,0.0
ga10162,2026-02-05,741,71,0.0
ga10162,2026-02-06,742,72,0.01
ga10162,2026-02-07,743,73,0.0
ga10162,2026-02-08,744,74,0.0
ga10162,2026-02-09,745,75,0.0
ga10162,2026-02-10,746,76,0.02
ga10162,2026-02-11,747,77,0.02
ga10162,2026-02-12,748,78,0.0
ga10162,2026-02-13,749,79,0.0
ga10162,2026-02-14,750,80,0.0
ga10162,2026-02-15,751,81,0.02
ga10162,2026-02-16,752,82,0.0
ga10162,2026-02-17,753,83,0.02
ga10162,2026-02-18,754,84,0.01
ga10162,2026-02-19,755,85,0.03
ga10162,2026-02-20,756,86,0.01
ga10162,2026-02-21,757,87,0.01
ga10162,2026-02-22,758,88,0.0
ga10162,2026-02-23,759,89,0.0
ga10162,2026-02-24,760,90,0.16
ga10162,2026-02-25,761,91,0.05
ga10162,2026-02-26,762,92,0.04
ga10162,2026-02-27,763,93,0.01
ga10162,2026-02-28,764,94,0.0
ga10162,2026-03-01,765,95,0.0
ga10162,2026-03-02,766,96,0.01
ga10162,2026-03-03,767,97,0.11
ga10162,2026-03-04,768,98,0.02
ga10162,2026-03-05,769,99,0.04
ga10163,2025-11-26,670,0,0.23
ga10163,2025-11-27,671,1,0.03
ga10163,2025-11-28,672,2,0.01
ga10163,2025-11-29,673,3,0.0
ga10163,2025-11-30,674,4,0.0
ga10163,2025-12-01,675,5,0.0
ga10163,2025-12-02,676,6,0.08
ga10163,2025-12-03,677,7,0.07
ga10163,2025-12-04,678,8,0.03
ga10163,2025-12-05,679,9,0.01
ga10163,2025-12-06,680,10,0.0
ga10163,2025-12-07,681,11,0.0
ga10163,2025-12-08,682,12,0.0
ga10163,2025-12-09,683,13,0.0
ga10163,2025-12-10,684,14,0.01
ga10163,2025-12-11,685,15,0.0
ga10163,2025-12-12,686,16,0.0
ga10163,2025-12-13,687,17,0.0
ga10163,2025-12-14,688,18,0.0
ga10163,2025-12-15,689,19,0.0
ga10163,2025-12-16,690,20,0.0
ga10163,2025-12-17,691,21,0.0
ga10163,2025-12-18,692,22,0.0
ga10163,2025-12-19,693,23,0.0
ga10163,2025-12-20,694,24,0.0
ga10163,2025-12-21,695,25,0.0
ga10163,2025-12-22,696,26,0.0
ga10163,2025-12-23,697,27,0.0
ga10163,2025-12-24,698,28,0.0
ga10163,2025-12-25,699,29,0.0
ga10163,2025-12-26,700,30,0.0
ga10163,2025-12-27,701,31,0.0
ga10163,2025-12-28,702,32,0.01
ga10163,2025-12-29,703,33,0.0
ga10163,2025-12-30,704,34,0.01
ga10163,2025-12-31,705,35,0.0
ga10163,2026-01-01,706,36,0.0
ga10163,2026-01-02,707,37,0.01
ga10163,2026-01-03,708,38,0.0
ga10163,2026-01-04,709,39,0.0
ga10163,2026-01-05,710,40,0.01
ga10163,2026-01-06,711,41,0.11
ga10163,2026-01-07,712,42,0.05
ga10163,2026-01-08,713,43,0.01
ga10163,2026-01-09,714,44,0.02
ga10163,2026-01-10,715,45,0.0
ga10163,2026-01-11,716,46,0.0
ga10163,2026-01-12,717,47,0.0
ga10163,2026-01-13,718,48,0.1
ga10163,2026-01-14,719,49,0.04
ga10163,2026-01-15,720,50,0.02
ga10163,2026-01-16,721,51,0.01
ga10163,2026-01-17,722,52,0.01
ga10163,2026-01-18,723,53,0.0
ga10163,2026-01-19,724,54,0.0
ga10163,2026-01-20,725,55,0.04
ga10163,2026-01-21,726,56,0.0
ga10163,2026-01-22,727,57,0.01
ga10163,2026-01-23,728,58,0.03
ga10163,2026-01-24,729,59,0.0
ga10163,2026-01-25,730,60,0.0
ga10163,2026-01-26,731,61,0.0
ga10163,2026-01-27,732,62,0.04
ga10163,2026-01-28,733,63,0.03
ga10163,2026-01-29,734,64,0.0
ga10163,2026-01-30,735,65,0.02
ga10163,2026-01-31,736,66,0.01
ga10163,2026-02-01,737,67,0.0
ga10163,2026-02-02,738,68,0.0
ga10163,2026-02-03,739,69,0.05
ga10163,2026-02-04,740,70,0.02
ga10163,2026-02-05,741,71,0.01
ga10163,2026-02-06,742,72,0.02
ga10163,2026-02-07,743,73,0.02
ga10163,2026-02-08,744,74,0.0
ga10163,2026-02-09,745,75,0.0
ga10163,2026-02-10,746,76,0.05
ga10163,2026-02-11,747,77,0.08
ga10163,2026-02-12,748,78,0.02
ga10163,2026-02-13,749,79,0.05
ga10163,2026-02-14,750,80,0.02
ga10163,2026-02-15,751,81,0.03
ga10163,2026-02-16,752,82,0.0
ga10163,2026-02-17,753,83,0.22
ga10163,2026-02-18,754,84,0.49
ga10163,2026-02-19,755,85,0.16
ga10163,2026-02-20,756,86,0.07
ga10163,2026-02-21,757,87,0.02
ga10163,2026-02-22,758,88,0.01
ga10163,2026-02-23,759,89,0.0
ga10163,2026-02-24,760,90,0.21
ga10163,2026-02-25,761,91,0.29
ga10163,2026-02-26,762,92,0.11
ga10163,2026-02-27,763,93,0.09
ga10163,2026-02-28,764,94,0.0
ga10163,2026-03-01,765,95,0.0
ga10163,2026-03-02,766,96,0.01
ga10163,2026-03-03,767,97,0.2
ga10163,2026-03-04,768,98,0.13
ga10163,2026-03-05,769,99,0.17
ga1016sf,2025-11-26,670,0,0.0
ga1016sf,2025-11-27,671,1,0.0
ga1016sf,2025-11-28,672,2,0.0
ga1016sf,2025-11-29,673,3,0.0
ga1016sf,2025-11-30,674,4,0.0
ga1016sf,2025-12-01,675,5,0.0
ga1016sf,2025-12-02,676,6,0.02
ga1016sf,2025-12-03,677,7,0.0
ga1016sf,2025-12-04,678,8,0.0
ga1016sf,2025-12-05,679,9,0.0
ga1016sf,2025-12-06,680,10,0.0
ga1016sf,2025-12-07,681,11,0.0
ga1016sf,2025-12-08,682,12,0.0
ga1016sf,2025-12-09,683,13,0.0
ga1016sf,2025-12-10,684,14,0.0
ga1016sf,2025-12-11,685,15,0.0
ga1016sf,2025-12-12,686,16,0.0
ga1016sf,2025-12-13,687,17,0.0
ga1016sf,2025-12-14,688,18,0.0
ga1016sf,2025-12-15,689,19,0.0
ga1016sf,2025-12-16,690,20,0.0
ga1016sf,2025-12-17,691,21,0.0
ga1016sf,2025-12-18,692,22,0.0
ga1016sf,2025-12-19,693,23,0.0
ga1016sf,2025-12-20,694,24,0.0
ga1016sf,2025-12-21,695,25,0.0
ga1016sf,2025-12-22,696,26,0.0
ga1016sf,2025-12-23,697,27,0.0
ga1016sf,2025-12-24,698,28,0.0
ga1016sf,2025-12-25,699,29,0.0
ga1016sf,2025-12-26,700,30,0.0
ga1016sf,2025-12-27,701,31,0.0
ga1016sf,2025-12-28,702,32,0.0
ga1016sf,2025-12-29,703,33,0.0
ga1016sf,2025-12-30,704,34,0.0
ga1016sf,2025-12-31,705,35,0.0
ga1016sf,2026-01-01,706,36,0.0
ga1016sf,2026-01-02,707,37,0.0
ga1016sf,2026-01-03,708,38,0.0
ga1016sf,2026-01-04,709,39,0.0
ga1016sf,2026-01-05,710,40,0.0
ga1016sf,2026-01-06,711,41,0.0
ga1016sf,2026-01-07,712,42,0.0
ga1016sf,2026-01-08,713,43,0.0
ga1016sf,2026-01-09,714,44,0.0
ga1016sf,2026-01-10,715,45,0.0
ga1016sf,2026-01-11,716,46,0.0
ga1016sf,2026-01-12,717,47,0.0
ga1016sf,2026-01-13,718,48,0.0
ga1016sf,2026-01-14,719,49,0.0
ga1016sf,2026-01-15,720,50,0.0
ga1016sf,2026-01-16,721,51,0.0
ga1016sf,2026-01-17,722,52,0.0
ga1016sf,2026-01-18,723,53,0.0
ga1016sf,2026-01-19,724,54,0.0
ga1016sf,2026-01-20,725,55,0.01
ga1016sf,2026-01-21,726,56,0.0
ga1016sf,2026-01-22,727,57,0.0
ga1016sf,2026-01-23,728,58,0.0
ga1016sf,2026-01-24,729,59,0.0
ga1016sf,2026-01-25,730,60,0.0
ga1016sf,2026-01-26,731,61,0.0
ga1016sf,2026-01-27,732,62,0.0
ga1016sf,2026-01-28,733,63,0.0
ga1016sf,2026-01-29,734,64,0.0
ga1016sf,2026-01-30,735,65,0.0
ga1016sf,2026-01-31,736,66,0.0
ga1016sf,2026-02-01,737,67,0.0
ga1016sf,2026-02-02,738,68,0.0
ga1016sf,2026-02-03,739,69,0.0
ga1016sf,2026-02-04,740,70,0.0
ga1016sf,2026-02-05,741,71,0.0
ga1016sf,2026-02-06,742,72,0.0
ga1016sf,2026-02-07,743,73,0.0
ga1016sf,2026-02-08,744,74,0.0
ga1016sf,2026-02-09,745,75,0.0
ga1016sf,2026-02-10,746,76,0.0
ga1016sf,2026-02-11,747,77,0.0
ga1016sf,2026-02-12,748,78,0.0
ga1016sf,2026-02-13,749,79,0.0
ga1016sf,2026-02-14,750,80,0.0
ga1016sf,2026-02-15,751,81,0.0
ga1016sf,2026-02-16,752,82,0.0
ga1016sf,2026-02-17,753,83,0.0
ga1016sf,2026-02-18,754,84,0.0
ga1016sf,2026-02-19,755,85,0.0
ga1016sf,2026-02-20,756,86,0.0
ga1016sf,2026-02-21,757,87,0.0
ga1016sf,2026-02-22,758,88,0.0
ga1016sf,2026-02-23,759,89,0.0
ga1016sf,2026-02-24,760,90,0.0
ga1016sf,2026-02-25,761,91,0.0
ga1016sf,2026-02-26,762,92,0.0
ga1016sf,2026-02-27,763,93,0.0
ga1016sf,2026-02-28,764,94,0.0
ga1016sf,2026-03-01,765,95,0.0
ga1016sf,2026-03-02,766,96,0.0
ga1016sf,2026-03-03,767,97,0.0
ga1016sf,2026-03-04,768,98,0.0
ga1016sf,2026-03-05,769,99,0.0
ga10171,2025-11-26,670,0,0.01
ga10171,2025-11-27,671,1,0.0
ga10171,2025-11-28,672,2,0.02
ga10171,2025-11-29,673,3,0.01
ga10171,2025-11-30,674,4,0.0
ga10171,2025-12-01,675,5,0.0
ga10171,2025-12-02,676,6,0.02
ga10171,2025-12-03,677,7,0.01
ga10171,2025-12-04,678,8,0.01
ga10171,2025-12-05,679,9,0.0
ga10171,2025-12-06,680,10,0.0
ga10171,2025-12-07,681,11,0.0
ga10171,2025-12-08,682,12,0.0
ga10171,2025-12-09,683,13,0.01
ga10171,2025-12-10,684,14,0.02
ga10171,2025-12-11,685,15,0.0
ga10171,2025-12-12,686,16,0.0
ga10171,2025-12-13,687,17,0.0
ga10171,2025-12-14,688,18,0.0
ga10171,2025-12-15,689,19,0.0
ga10171,2025-12-16,690,20,0.07
ga10171,2025-12-17,691,21,0.01
ga10171,2025-12-18,692,22,0.0
ga10171,2025-12-19,693,23,0.0
ga10171,2025-12-20,694,24,0.0
ga10171,2025-12-21,695,25,0.0
ga10171,2025-12-22,696,26,0.0
ga10171,2025-12-23,697,27,0.1
ga10171,2025-12-24,698,28,0.04
ga10171,2025-12-25,699,29,0.03
ga10171,2025-12-26,700,30,0.0
ga10171,2025-12-27,701,31,0.01
ga10171,2025-12-28,702,32,0.0
ga10171,2025-12-29,703,33,0.01
ga10171,2025-12-30,704,34,0.11
ga10171,2025-12-31,705,35,0.02
ga10171,2026-01-01,706,36,0.01
ga10171,2026-01-02,707,37,0.01
ga10171,2026-01-03,708,38,0.01
ga10171,2026-01-04,709,39,0.0
ga10171,2026-01-05,710,40,0.0
ga10171,2026-01-06,711,41,0.17
ga10171,2026-01-07,712,42,0.01
ga10171,2026-01-08,713,43,0.01
ga10171,2026-01-09,714,44,0.03
ga10171,2026-01-10,715,45,0.01
ga10171,2026-01-11,716,46,0.0
ga10171,2026-01-12,717,47,0.0
ga10171,2026-01-13,718,48,0.13
ga10171,2026-01-14,719,49,0.01
ga10171,2026-01-15,720,50,0.02
ga10171,2026-01-16,721,51,0.01
ga10171,2026-01-17,722,52,0.03
ga10171,2026-01-18,723,53,0.0
ga10171,2026-01-19,724,54,0.0
ga10171,2026-01-20,725,55,0.03
ga10171,2026-01-21,726,56,0.02
ga10171,2026-01-22,727,57,0.01
ga10171,2026-01-23,728,58,0.0
ga10171,2026-01-24,729,59,0.0
ga10171,2026-01-25,730,60,0.0
ga10171,2026-01-26,731,61,0.0
ga10171,2026-01-27,732,62,0.18
ga10171,2026-01-28,733,63,0.03
ga10171,2026-01-29,734,64,0.02
ga10171,2026-01-30,735,65,0.01
ga10171,2026-01-31,736,66,0.0
ga10171,2026-02-01,737,67,0.0
ga10171,2026-02-02,738,68,0.0
ga10171,2026-02-03,739,69,0.01
ga10171,2026-02-04,740,70,0.01
ga10171,2026-02-05,741,71,0.01
ga10171,2026-02-06,742,72,0.0
ga10171,2026-02-07,743,73,0.04
ga10171,2026-02-08,744,74,0.03
ga10171,2026-02-09,745,75,0.01
ga10171,2026-02-10,746,76,0.15
ga10171,2026-02-11,747,77,0.0
ga10171,2026-02-12,748,78,0.05
ga10171,2026-02-13,749,79,0.13
ga10171,2026-02-14,750,80,0.11
ga10171,2026-02-15,751,81,0.01
ga10171,2026-02-16,752,82,0.0
ga10171,2026-02-17,753,83,0.08
ga10171,2026-02-18,754,84,0.12
ga10171,2026-02-19,755,85,0.05
ga10171,2026-02-20,756,86,0.1
ga10171,2026-02-21,757,87,0.18
ga10171,2026-02-22,758,88,0.06
ga10171,2026-02-23,759,89,0.0
ga10171,2026-02-24,760,90,0.2
ga10171,2026-02-25,761,91,0.05
ga10171,2026-02-26,762,92,0.11
ga10171,2026-02-27,763,93,0.16
ga10171,2026-02-28,764,94,0.22
ga10171,2026-03-01,765,95,0.06
ga10171,2026-03-02,766,96,0.0
ga10171,2026-03-03,767,97,0.06
ga10171,2026-03-04,768,98,0.01
ga10171,2026-03-05,769,99,0.06
ga10172,2025-11-26,670,0,0.0
ga10172,2025-11-27,671,1,0.0
ga10172,2025-11-28,672,2,0.0
ga10172,2025-11-29,673,3,0.01
ga10172,2025-11-30,674,4,0.0
ga10172,2025-12-01,675,5,0.0
ga10172,2025-12-02,676,6,0.0
ga10172,2025-12-03,677,7,0.0
ga10172,2025-12-04,678,8,0.0
ga10172,2025-12-05,679,9,0.0
ga10172,2025-12-06,680,10,0.0
ga10172,2025-12-07,681,11,0.0
ga10172,2025-12-08,682,12,0.0
ga10172,2025-12-09,683,13,0.0
ga10172,2025-12-10,684,14,0.01
ga10172,2025-12-11,685,15,0.0
ga10172,2025-12-12,686,16,0.0
ga10172,2025-12-13,687,17,0.01
ga10172,2025-12-14,688,18,0.0
ga10172,2025-12-15,689,19,0.0
ga10172,2025-12-16,690,20,0.0
ga10172,2025-12-17,691,21,0.0
ga10172,2025-12-18,692,22,0.0
ga10172,2025-12-19,693,23,0.0
ga10172,2025-12-20,694,24,0.0
ga10172,2025-12-21,695,25,0.0
ga10172,2025-12-22,696,26,0.0
ga10172,2025-12-23,697,27,0.0
ga10172,2025-12-24,698,28,0.0
ga10172,2025-12-25,699,29,0.0
ga10172,2025-12-26,700,30,0.0
ga10172,2025-12-27,701,31,0.0
ga10172,2025-12-28,702,32,0.0
ga10172,2025-12-29,703,33,0.0
ga10172,2025-12-30,704,34,0.01
ga10172,2025-12-31,705,35,0.0
ga10172,2026-01-01,706,36,0.0
ga10172,2026-01-02,707,37,0.0
ga10172,2026-01-03,708,38,0.0
ga10172,2026-01-04,709,39,0.0
ga10172,2026-01-05,710,40,0.0
ga10172,2026-01-06,711,41,0.0
ga10172,2026-01-07,712,42,0.0
ga10172,2026-01-08,713,43,0.0
ga10172,2026-01-09,714,44,0.01
ga10172,2026-01-10,715,45,0.0
ga10172,2026-01-11,716,46,0.0
ga10172,2026-01-12,717,47,0.0
ga10172,2026-01-13,718,48,0.0
ga10172,2026-01-14,719,49,0.0
ga10172,2026-01-15,720,50,0.0
ga10172,2026-01-16,721,51,0.0
ga10172,2026-01-17,722,52,0.0
ga10172,2026-01-18,723,53,0.0
ga10172,2026-01-19,724,54,0.0
ga10172,2026-01-20,725,55,0.03
ga10172,2026-01-21,726,56,0.01
ga10172,2026-01-22,727,57,0.02
ga10172,2026-01-23,728,58,0.0
ga10172,2026-01-24,729,59,0.04
ga10172,2026-01-25,730,60,0.01
ga10172,2026-01-26,731,61,0.01
ga10172,2026-01-27,732,62,0.03
ga10172,2026-01-28,733,63,0.0
ga10172,2026-01-29,734,64,0.03
ga10172,2026-01-30,735,65,0.01
ga10172,2026-01-31,736,66,0.02
ga10172,2026-02-01,737,67,0.02
ga10172,2026-02-02,738,68,0.0
ga10172,2026-02-03,739,69,0.04
ga10172,2026-02-04,740,70,0.02
ga10172,2026-02-05,741,71,0.03
ga10172,2026-02-06,742,72,0.01
ga10172,2026-02-07,743,73,0.07
ga10172,2026-02-08,744,74,0.06
ga10172,2026-02-09,745,75,0.0
ga10172,2026-02-10,746,76,0.07
ga10172,2026-02-11,747,77,0.02
ga10172,2026-02-12,748,78,0.04
ga10172,2026-02-13,749,79,0.04
ga10172,2026-02-14,750,80,0.06
ga10172,2026-02-15,751,81,0.02
ga10172,2026-02-16,752,82,0.0
ga10172,2026-02-17,753,83,0.02
ga10172,2026-02-18,754,84,0.0
ga10172,2026-02-19,755,85,0.0
ga10172,2026-02-20,756,86,0.0
ga10172,2026-02-21,757,87,0.0
ga10172,2026-02-22,758,88,0.0
ga10172,2026-02-23,759,89,0.0
ga10172,2026-02-24,760,90,0.01
ga10172,2026-02-25,761,91,0.0
ga10172,2026-02-26,762,92,0.0
ga10172,2026-02-27,763,93,0.02
ga10172,2026-02-28,764,94,0.03
ga10172,2026-03-01,765,95,0.0
ga10172,2026-03-02,766,96,0.0
ga10172,2026-03-03,767,97,0.01
ga10172,2026-03-04,768,98,0.0
ga10172,2026-03-05,769,99,0.01
ga10173,2025-11-26,670,0,0.05
ga10173,2025-11-27,671,1,0.05
ga10173,2025-11-28,672,2,0.01
ga10173,2025-11-29,673,3,0.01
ga10173,2025-11-30,674,4,0.0
ga10173,2025-12-01,675,5,0.0
ga10173,2025-12-02,676,6,0.05
ga10173,2025-12-03,677,7,0.07
ga10173,2025-12-04,678,8,0.02
ga10173,2025-12-05,679,9,0.02
ga10173,2025-12-06,680,10,0.01
ga10173,2025-12-07,681,11,0.0
ga10173,2025-12-08,682,12,0.0
ga10173,2025-12-09,683,13,0.01
ga10173,2025-12-10,684,14,0.01
ga10173,2025-12-11,685,15,0.0
ga10173,2025-12-12,686,16,0.0
ga10173,2025-12-13,687,17,0.0
ga10173,2025-12-14,688,18,0.0
ga10173,2025-12-15,689,19,0.0
ga10173,2025-12-16,690,20,0.0
ga10173,2025-12-17,691,21,0.01
ga10173,2025-12-18,692,22,0.0
ga10173,2025-12-19,693,23,0.0
ga10173,2025-12-20,694,24,0.0
ga10173,2025-12-21,695,25,0.0
ga10173,2025-12-22,696,26,0.0
ga10173,2025-12-23,697,27,0.0
ga10173,2025-12-24,698,28,0.02
ga10173,2025-12-25,699,29,0.0
ga10173,2025-12-26,700,30,0.0
ga10173,2025-12-27,701,31,0.0
ga10173,2025-12-28,702,32,0.0
ga10173,2025-12-29,703,33,0.0
ga10173,2025-12-30,704,34,0.01
ga10173,2025-12-31,705,35,0.01
ga10173,2026-01-01,706,36,0.01
ga10173,2026-01-02,707,37,0.0
ga10173,2026-01-03,708,38,0.0
ga10173,2026-01-04,709,39,0.0
ga10173,2026-01-05,710,40,0.01
ga10173,2026-01-06,711,41,0.01
ga10173,2026-01-07,712,42,0.02
ga10173,2026-01-08,713,43,0.01
ga10173,2026-01-09,714,44,0.01
ga10173,2026-01-10,715,45,0.01
ga10173,2026-01-11,716,46,0.0
ga10173,2026-01-12,717,47,0.0
ga10173,2026-01-13,718,48,0.02
ga10173,2026-01-14,719,49,0.01
ga10173,2026-01-15,720,50,0.02
ga10173,2026-01-16,721,51,0.0
ga10173,2026-01-17,722,52,0.0
ga10173,2026-01-18,723,53,0.0
ga10173,2026-01-19,724,54,0.0
ga10173,2026-01-20,725,55,0.0
ga10173,2026-01-21,726,56,0.0
ga10173,2026-01-22,727,57,0.0
ga10173,2026-01-23,728,58,0.02
ga10173,2026-01-24,729,59,0.01
ga10173,2026-01-25,730,60,0.0
ga10173,2026-01-26,731,61,0.0
ga10173,2026-01-27,732,62,0.0
ga10173,2026-01-28,733,63,0.0
ga10173,2026-01-29,734,64,0.01
ga10173,2026-01-30,735,65,0.01
ga10173,2026-01-31,736,66,0.0
ga10173,2026-02-01,737,67,0.0
ga10173,2026-02-02,738,68,0.0
ga10173,2026-02-03,739,69,0.0
ga10173,2026-02-04,740,70,0.0
ga10173,2026-02-05,741,71,0.02
ga10173,2026-02-06,742,72,0.01
ga10173,2026-02-07,743,73,0.01
ga10173,2026-02-08,744,74,0.0
ga10173,2026-02-09,745,75,0.0
ga10173,2026-02-10,746,76,0.02
ga10173,2026-02-11,747,77,0.03
ga10173,2026-02-12,748,78,0.01
ga10173,2026-02-13,749,79,0.06
ga10173,2026-02-14,750,80,0.02
ga10173,2026-02-15,751,81,0.01
ga10173,2026-02-16,752,82,0.0
ga10173,2026-02-17,753,83,0.21
ga10173,2026-02-18,754,84,0.18
ga10173,2026-02-19,755,85,0.13
ga10173,2026-02-20,756,86,0.05
ga10173,2026-02-21,757,87,0.07
ga10173,2026-02-22,758,88,0.0
ga10173,2026-02-23,759,89,0.01
ga10173,2026-02-24,760,90,0.11
ga10173,2026-02-25,761,91,0.05
ga10173,2026-02-26,762,92,0.12
ga10173,2026-02-27,763,93,0.11
ga10173,2026-02-28,764,94,0.03
ga10173,2026-03-01,765,95,0.01
ga10173,2026-03-02,766,96,0.02
ga10173,2026-03-03,767,97,0.13
ga10173,2026-03-04,768,98,0.06
ga10173,2026-03-05,769,99,0.05
ga1017sf,2025-11-26,670,0,0.0
ga1017sf,2025-11-27,671,1,0.0
ga1017sf,2025-11-28,672,2,0.0
ga1017sf,2025-11-29,673,3,0.0
ga1017sf,2025-11-30,674,4,0.0
ga1017sf,2025-12-01,675,5,0.0
ga1017sf,2025-12-02,676,6,0.01
ga1017sf,2025-12-03,677,7,0.02
ga1017sf,2025-12-04,678,8,0.0
ga1017sf,2025-12-05,679,9,0.0
ga1017sf,2025-12-06,680,10,0.0
ga1017sf,2025-12-07,681,11,0.0
ga1017sf,2025-12-08,682,12,0.0
ga1017sf,2025-12-09,683,13,0.0
ga1017sf,2025-12-10,684,14,0.0
ga1017sf,2025-12-11,685,15,0.0
ga1017sf,2025-12-12,686,16,0.0
ga1017sf,2025-12-13,687,17,0.0
ga1017sf,2025-12-14,688,18,0.0
ga1017sf,2025-12-15,689,19,0.0
ga1017sf,2025-12-16,690,20,0.0
ga1017sf,2025-12-17,691,21,0.0
ga1017sf,2025-12-18,692,22,0.0
ga1017sf,2025-12-19,693,23,0.0
ga1017sf,2025-12-20,694,24,0.0
ga1017sf,2025-12-21,695,25,0.0
ga1017sf,2025-12-22,696,26,0.0
ga1017sf,2025-12-23,697,27,0.0
ga1017sf,2025-12-24,698,28,0.0
ga1017sf,2025-12-25,699,29,0.0
ga1017sf,2025-12-26,700,30,0.0
ga1017sf,2025-12-27,701,31,0.0
ga1017sf,2025-12-28,702,32,0.0
ga1017sf,2025-12-29,703,33,0.0
ga1017sf,2025-12-30,704,34,0.0
ga1017sf,2025-12-31,705,35,0.0
ga1017sf,2026-01-01,706,36,0.01
ga1017sf,2026-01-02,707,37,0.01
ga1017sf,2026-01-03,708,38,0.0
ga1017sf,2026-01-04,709,39,0.0
ga1017sf,2026-01-05,710,40,0.0
ga1017sf,2026-01-06,711,41,0.0
ga1017sf,2026-01-07,712,42,0.0
ga1017sf,2026-01-08,713,43,0.0
ga1017sf,2026-01-09,714,44,0.0
ga1017sf,2026-01-10,715,45,0.0
ga1017sf,2026-01-11,716,46,0.0
ga1017sf,2026-01-12,717,47,0.0
ga1017sf,2026-01-13,718,48,0.0
ga1017sf,2026-01-14,719,49,0.0
ga1017sf,2026-01-15,720,50,0.0
ga1017sf,2026-01-16,721,51,0.0
ga1017sf,2026-01-17,722,52,0.0
ga1017sf,2026-01-18,723,53,0.0
ga1017sf,2026-01-19,724,54,0.0
ga1017sf,2026-01-20,725,55,0.0
ga1017sf,2026-01-21,726,56,0.0
ga1017sf,2026-01-22,727,57,0.01
ga1017sf,2026-01-23,728,58,0.0
ga1017sf,2026-01-24,729,59,0.0
ga1017sf,2026-01-25,730,60,0.0
ga1017sf,2026-01-26,731,61,0.0
ga1017sf,2026-01-27,732,62,0.01
ga1017sf,2026-01-28,733,63,0.0
ga1017sf,2026-01-29,734,64,0.0
ga1017sf,2026-01-30,735,65,0.0
ga1017sf,2026-01-31,736,66,0.0
ga1017sf,2026-02-01,737,67,0.0
ga1017sf,2026-02-02,738,68,0.0
ga1017sf,2026-02-03,739,69,0.0
ga1017sf,2026-02-04,740,70,0.0
ga1017sf,2026-02-05,741,71,0.0
ga1017sf,2026-02-06,742,72,0.0
ga1017sf,2026-02-07,743,73,0.0
ga1017sf,2026-02-08,744,74,0.0
ga1017sf,2026-02-09,745,75,0.0
ga1017sf,2026-02-10,746,76,0.0
ga1017sf,2026-02-11,747,77,0.0
ga1017sf,2026-02-12,748,78,0.0
ga1017sf,2026-02-13,749,79,0.0
ga1017sf,2026-02-14,750,80,0.0
ga1017sf,2026-02-15,751,81,0.0
ga1017sf,2026-02-16,752,82,0.0
ga1017sf,2026-02-17,753,83,0.0
ga1017sf,2026-02-18,754,84,0.0
ga1017sf,2026-02-19,755,85,0.0
ga1017sf,2026-02-20,756,86,0.0
ga1017sf,2026-02-21,757,87,0.0
ga1017sf,2026-02-22,758,88,0.0
ga1017sf,2026-02-23,759,89,0.0
ga1017sf,2026-02-24,760,90,0.0
ga1017sf,2026-02-25,761,91,0.0
ga1017sf,2026-02-26,762,92,0.0
ga1017sf,2026-02-27,763,93,0.0
ga1017sf,2026-02-28,764,94,0.0
ga1017sf,2026-03-01,765,95,0.0
ga1017sf,2026-03-02,766,96,0.0
ga1017sf,2026-03-03,767,97,0.0
ga1017sf,2026-03-04,768,98,0.0
ga1017sf,2026-03-05,769,99,0.0
ga10201,2025-11-26,670,0,0.07
ga10201,2025-11-27,671,1,0.07
ga10201,2025-11-28,672,2,0.02
ga10201,2025-11-29,673,3,0.03
ga10201,2025-11-30,674,4,0.02
ga10201,2025-12-01,675,5,0.02
ga10201,2025-12-02,676,6,0.1
ga10201,2025-12-03,677,7,0.11
ga10201,2025-12-04,678,8,0.04
ga10201,2025-12-05,679,9,0.01
ga10201,2025-12-06,680,10,0.0
ga10201,2025-12-07,681,11,0.01
ga10201,2025-12-08,682,12,0.0
ga10201,2025-12-09,683,13,0.0
ga10201,2025-12-10,684,14,0.0
ga10201,2025-12-11,685,15,0.0
ga10201,2025-12-12,686,16,0.0
ga10201,2025-12-13,687,17,0.0
ga10201,2025-12-14,688,18,0.0
ga10201,2025-12-15,689,19,0.0
ga10201,2025-12-16,690,20,0.0
ga10201,2025-12-17,691,21,0.0
ga10201,2025-12-18,692,22,0.0
ga10201,2025-12-19,693,23,0.0
ga10201,2025-12-20,694,24,0.0
ga10201,2025-12-21,695,25,0.0
ga10201,2025-12-22,696,26,0.0
ga10201,2025-12-23,697,27,0.0
ga10201,2025-12-24,698,28,0.0
ga10201,2025-12-25,699,29,0.0
ga10201,2025-12-26,700,30,0.0
ga10201,2025-12-27,701,31,0.0
ga10201,2025-12-28,702,32,0.0
ga10201,2025-12-29,703,33,0.0
ga10201,2025-12-30,704,34,0.0
ga10201,2025-12-31,705,35,0.0
ga10201,2026-01-01,706,36,0.0
ga10201,2026-01-02,707,37,0.0
ga10201,2026-01-03,708,38,0.0
ga10201,2026-01-04,709,39,0.0
ga10201,2026-01-05,710,40,0.0
ga10201,2026-01-06,711,41,0.0
ga10201,2026-01-07,712,42,0.0
ga10201,2026-01-08,713,43,0.0
ga10201,2026-01-09,714,44,0.0
ga10201,2026-01-10,715,45,0.0
ga10201,2026-01-11,716,46,0.0
ga10201,2026-01-12,717,47,0.0
ga10201,2026-01-13,718,48,0.0
ga10201,2026-01-14,719,49,0.0
ga10201,2026-01-15,720,50,0.0
ga10201,2026-01-16,721,51,0.0
ga10201,2026-01-17,722,52,0.0
ga10201,2026-01-18,723,53,0.0
ga10201,2026-01-19,724,54,0.0
ga10201,2026-01-20,725,55,0.0
ga10201,2026-01-21,726,56,0.0
ga10201,2026-01-22,727,57,0.0
ga10201,2026-01-23,728,58,0.0
ga10201,2026-01-24,729,59,0.0
ga10201,2026-01-25,730,60,0.0
ga10201,2026-01-26,731,61,0.0
ga10201,2026-01-27,732,62,0.0
ga10201,2026-01-28,733,63,0.01
ga10201,2026-01-29,734,64,0.0
ga10201,2026-01-30,735,65,0.0
ga10201,2026-01-31,736,66,0.0
ga10201,2026-02-01,737,67,0.0
ga10201,2026-02-02,738,68,0.0
ga10201,2026-02-03,739,69,0.0
ga10201,2026-02-04,740,70,0.0
ga10201,2026-02-05,741,71,0.0
ga10201,2026-02-06,742,72,0.0
ga10201,2026-02-07,743,73,0.01
ga10201,2026-02-08,744,74,0.0
ga10201,2026-02-09,745,75,0.0
ga10201,2026-02-10,746,76,0.0
ga10201,2026-02-11,747,77,0.0
ga10201,2026-02-12,748,78,0.0
ga10201,2026-02-13,749,79,0.01
ga10201,2026-02-14,750,80,0.01
ga10201,2026-02-15,751,81,0.01
ga10201,2026-02-16,752,82,0.0
ga10201,2026-02-17,753,83,0.02
ga10201,2026-02-18,754,84,0.03
ga10201,2026-02-19,755,85,0.04
ga10201,2026-02-20,756,86,0.0
ga10201,2026-02-21,757,87,0.02
ga10201,2026-02-22,758,88,0.0
ga10201,2026-02-23,759,89,0.0
ga10201,2026-02-24,760,90,0.03
ga10201,2026-02-25,761,91,0.0
ga10201,2026-02-26,762,92,0.0
ga10201,2026-02-27,763,93,0.0
ga10201,2026-02-28,764,94,0.0
ga10201,2026-03-01,765,95,0.0
ga10201,2026-03-02,766,96,0.01
ga10201,2026-03-03,767,97,0.0
ga10201,2026-03-04,768,98,0.01
ga10201,2026-03-05,769,99,0.0
ga10202,2025-11-26,670,0,0.0
ga10202,2025-11-27,671,1,0.0
ga10202,2025-11-28,672,2,0.0
ga10202,2025-11-29,673,3,0.0
ga10202,2025-11-30,674,4,0.0
ga10202,2025-12-01,675,5,0.0
ga10202,2025-12-02,676,6,0.0
ga10202,2025-12-03,677,7,0.01
ga10202,2025-12-04,678,8,0.02
ga10202,2025-12-05,679,9,0.0
ga10202,2025-12-06,680,10,0.0
ga10202,2025-12-07,681,11,0.0
ga10202,2025-12-08,682,12,0.0
ga10202,2025-12-09,683,13,0.03
ga10202,2025-12-10,684,14,0.0
ga10202,2025-12-11,685,15,0.0
ga10202,2025-12-12,686,16,0.0
ga10202,2025-12-13,687,17,0.0
ga10202,2025-12-14,688,18,0.0
ga10202,2025-12-15,689,19,0.0
ga10202,2025-12-16,690,20,0.0
ga10202,2025-12-17,691,21,0.0
ga10202,2025-12-18,692,22,0.0
ga10202,2025-12-19,693,23,0.0
ga10202,2025-12-20,694,24,0.0
ga10202,2025-12-21,695,25,0.0
ga10202,2025-12-22,696,26,0.0
ga10202,2025-12-23,697,27,0.0
ga10202,2025-12-24,698,28,0.0
ga10202,2025-12-25,699,29,0.0
ga10202,2025-12-26,700,30,0.0
ga10202,2025-12-27,701,31,0.0
ga10202,2025-12-28,702,32,0.0
ga10202,2025-12-29,703,33,0.0
ga10202,2025-12-30,704,34,0.0
ga10202,2025-12-31,705,35,0.0
ga10202,2026-01-01,706,36,0.0
ga10202,2026-01-02,707,37,0.0
ga10202,2026-01-03,708,38,0.0
ga10202,2026-01-04,709,39,0.0
ga10202,2026-01-05,710,40,0.0
ga10202,2026-01-06,711,41,0.01
ga10202,2026-01-07,712,42,0.0
ga10202,2026-01-08,713,43,0.0
ga10202,2026-01-09,714,44,0.0
ga10202,2026-01-10,715,45,0.0
ga10202,2026-01-11,716,46,0.0
ga10202,2026-01-12,717,47,0.0
ga10202,2026-01-13,718,48,0.02
ga10202,2026-01-14,719,49,0.0
ga10202,2026-01-15,720,50,0.0
ga10202,2026-01-16,721,51,0.0
ga10202,2026-01-17,722,52,0.01
ga10202,2026-01-18,723,53,0.0
ga10202,2026-01-19,724,54,0.0
ga10202,2026-01-20,725,55,0.0
ga10202,2026-01-21,726,56,0.0
ga10202,2026-01-22,727,57,0.0
ga10202,2026-01-23,728,58,0.0
ga10202,2026-01-24,729,59,0.0
ga10202,2026-01-25,730,60,0.0
ga10202,2026-01-26,731,61,0.0
ga10202,2026-01-27,732,62,0.02
ga10202,2026-01-28,733,63,0.0
ga10202,2026-01-29,734,64,0.02
ga10202,2026-01-30,735,65,0.0
ga10202,2026-01-31,736,66,0.0
ga10202,2026-02-01,737,67,0.0
ga10202,2026-02-02,738,68,0.0
ga10202,2026-02-03,739,69,0.0
ga10202,2026-02-04,740,70,0.0
ga10202,2026-02-05,741,71,0.0
ga10202,2026-02-06,742,72,0.0
ga10202,2026-02-07,743,73,0.0
ga10202,2026-02-08,744,74,0.0
ga10202,2026-02-09,745,75,0.0
ga10202,2026-02-10,746,76,0.0
ga10202,2026-02-11,747,77,0.0
ga10202,2026-02-12,748,78,0.0
ga10202,2026-02-13,749,79,0.0
ga10202,2026-02-14,750,80,0.0
ga10202,2026-02-15,751,81,0.0
ga10202,2026-02-16,752,82,0.0
ga10202,2026-02-17,753,83,0.0
ga10202,2026-02-18,754,84,0.0
ga10202,2026-02-19,755,85,0.0
ga10202,2026-02-20,756,86,0.0
ga10202,2026-02-21,757,87,0.0
ga10202,2026-02-22,758,88,0.0
ga10202,2026-02-23,759,89,0.0
ga10202,2026-02-24,760,90,0.0
ga10202,2026-02-25,761,91,0.0
ga10202,2026-02-26,762,92,0.0
ga10202,2026-02-27,763,93,0.0
ga10202,2026-02-28,764,94,0.0
ga10202,2026-03-01,765,95,0.0
ga10202,2026-03-02,766,96,0.0
ga10202,2026-03-03,767,97,0.0
ga10202,2026-03-04,768,98,0.0
ga10202,2026-03-05,769,99,0.0
ga10211,2025-11-26,670,0,0.0
ga10211,2025-11-27,671,1,0.0
ga10211,2025-11-28,672,2,0.0
ga10211,2025-11-29,673,3,0.0
ga10211,2025-11-30,674,4,0.0
ga10211,2025-12-01,675,5,0.0
ga10211,2025-12-02,676,6,0.01
ga10211,2025-12-03,677,7,0.0
ga10211,2025-12-04,678,8,0.01
ga10211,2025-12-05,679,9,0.01
ga10211,2025-12-06,680,10,0.01
ga10211,2025-12-07,681,11,0.0
ga10211,2025-12-08,682,12,0.0
ga10211,2025-12-09,683,13,0.01
ga10211,2025-12-10,684,14,0.0
ga10211,2025-12-11,685,15,0.0
ga10211,2025-12-12,686,16,0.0
ga10211,2025-12-13,687,17,0.0
ga10211,2025-12-14,688,18,0.0
ga10211,2025-12-15,689,19,0.0
ga10211,2025-12-16,690,20,0.0
ga10211,2025-12-17,691,21,0.0
ga10211,2025-12-18,692,22,0.01
ga10211,2025-12-19,693,23,0.0
ga10211,2025-12-20,694,24,0.0
ga10211,2025-12-21,695,25,0.0
ga10211,2025-12-22,696,26,0.0
ga10211,2025-12-23,697,27,0.0
ga10211,2025-12-24,698,28,0.0
ga10211,2025-12-25,699,29,0.0
ga10211,2025-12-26,700,30,0.0
ga10211,2025-12-27,701,31,0.0
ga10211,2025-12-28,702,32,0.01
ga10211,2025-12-29,703,33,0.0
ga10211,2025-12-30,704,34,0.0
ga10211,2025-12-31,705,35,0.0
ga10211,2026-01-01,706,36,0.0
ga10211,2026-01-02,707,37,0.0
ga10211,2026-01-03,708,38,0.0
ga10211,2026-01-04,709,39,0.0
ga10211,2026-01-05,710,40,0.0
ga10211,2026-01-06,711,41,0.0
ga10211,2026-01-07,712,42,0.0
ga10211,2026-01-08,713,43,0.0
ga10211,2026-01-09,714,44,0.0
ga10211,2026-01-10,715,45,0.0
ga10211,2026-01-11,716,46,0.0
ga10211,2026-01-12,717,47,0.0
ga10211,2026-01-13,718,48,0.0
ga10211,2026-01-14,719,49,0.0
ga10211,2026-01-15,720,50,0.0
ga10211,2026-01-16,721,51,0.0
ga10211,2026-01-17,722,52,0.0
ga10211,2026-01-18,723,53,0.0
ga10211,2026-01-19,724,54,0.0
ga10211,2026-01-20,725,55,0.0
ga10211,2026-01-21,726,56,0.0
ga10211,2026-01-22,727,57,0.0
ga10211,2026-01-23,728,58,0.0
ga10211,2026-01-24,729,59,0.0
ga10211,2026-01-25,730,60,0.0
ga10211,2026-01-26,731,61,0.0
ga10211,2026-01-27,732,62,0.0
ga10211,2026-01-28,733,63,0.0
ga10211,2026-01-29,734,64,0.0
ga10211,2026-01-30,735,65,0.0
ga10211,2026-01-31,736,66,0.0
ga10211,2026-02-01,737,67,0.0
ga10211,2026-02-02,738,68,0.0
ga10211,2026-02-03,739,69,0.0
ga10211,2026-02-04,740,70,0.0
ga10211,2026-02-05,741,71,0.01
ga10211,2026-02-06,742,72,0.0
ga10211,2026-02-07,743,73,0.0
ga10211,2026-02-08,744,74,0.0
ga10211,2026-02-09,745,75,0.0
ga10211,2026-02-10,746,76,0.01
ga10211,2026-02-11,747,77,0.0
ga10211,2026-02-12,748,78,0.0
ga10211,2026-02-13,749,79,0.0
ga10211,2026-02-14,750,80,0.0
ga10211,2026-02-15,751,81,0.0
ga10211,2026-02-16,752,82,0.0
ga10211,2026-02-17,753,83,0.0
ga10211,2026-02-18,754,84,0.0
ga10211,2026-02-19,755,85,0.0
ga10211,2026-02-20,756,86,0.0
ga10211,2026-02-21,757,87,0.0
ga10211,2026-02-22,758,88,0.0
ga10211,2026-02-23,759,89,0.0
ga10211,2026-02-24,760,90,0.0
ga10211,2026-02-25,761,91,0.0
ga10211,2026-02-26,762,92,0.0
ga10211,2026-02-27,763,93,0.0
ga10211,2026-02-28,764,94,0.0
ga10211,2026-03-01,765,95,0.0
ga10211,2026-03-02,766,96,0.0
ga10211,2026-03-03,767,97,0.01
ga10211,2026-03-04,768,98,0.0
ga10211,2026-03-05,769,99,0.0
ga1021sf,2025-11-26,670,0,0.0
ga1021sf,2025-11-27,671,1,0.0
ga1021sf,2025-11-28,672,2,0.0
ga1021sf,2025-11-29,673,3,0.0
ga1021sf,2025-11-30,674,4,0.0
ga1021sf,2025-12-01,675,5,0.0
ga1021sf,2025-12-02,676,6,0.01
ga1021sf,2025-12-03,677,7,0.0
ga1021sf,2025-12-04,678,8,0.0
ga1021sf,2025-12-05,679,9,0.0
ga1021sf,2025-12-06,680,10,0.0
ga1021sf,2025-12-07,681,11,0.0
ga1021sf,2025-12-08,682,12,0.0
ga1021sf,2025-12-09,683,13,0.0
ga1021sf,2025-12-10,684,14,0.0
ga1021sf,2025-12-11,685,15,0.0
ga1021sf,2025-12-12,686,16,0.0
ga1021sf,2025-12-13,687,17,0.0
ga1021sf,2025-12-14,688,18,0.0
ga1021sf,2025-12-15,689,19,0.0
ga1021sf,2025-12-16,690,20,0.0
ga1021sf,2025-12-17,691,21,0.0
ga1021sf,2025-12-18,692,22,0.0
ga1021sf,2025-12-19,693,23,0.0
ga1021sf,2025-12-20,694,24,0.0
ga1021sf,2025-12-21,695,25,0.0
ga1021sf,2025-12-22,696,26,0.0
ga1021sf,2025-12-23,697,27,0.0
ga1021sf,2025-12-24,698,28,0.0
ga1021sf,2025-12-25,699,29,0.0
ga1021sf,2025-12-26,700,30,0.0
ga1021sf,2025-12-27,701,31,0.0
ga1021sf,2025-12-28,702,32,0.0
ga1021sf,2025-12-29,703,33,0.0
ga1021sf,2025-12-30,704,34,0.01
ga1021sf,2025-12-31,705,35,0.0
ga1021sf,2026-01-01,706,36,0.0
ga1021sf,2026-01-02,707,37,0.0
ga1021sf,2026-01-03,708,38,0.0
ga1021sf,2026-01-04,709,39,0.0
ga1021sf,2026-01-05,710,40,0.0
ga1021sf,2026-01-06,711,41,0.0
ga1021sf,2026-01-07,712,42,0.0
ga1021sf,2026-01-08,713,43,0.0
ga1021sf,2026-01-09,714,44,0.0
ga1021sf,2026-01-10,715,45,0.0
ga1021sf,2026-01-11,716,46,0.0
ga1021sf,2026-01-12,717,47,0.01
ga1021sf,2026-01-13,718,48,0.0
ga1021sf,2026-01-14,719,49,0.0
ga1021sf,2026-01-15,720,50,0.01
ga1021sf,2026-01-16,721,51,0.0
ga1021sf,2026-01-17,722,52,0.0
ga1021sf,2026-01-18,723,53,0.0
ga1021sf,2026-01-19,724,54,0.0
ga1021sf,2026-01-20,725,55,0.0
ga1021sf,2026-01-21,726,56,0.0
ga1021sf,2026-01-22,727,57,0.0
ga1021sf,2026-01-23,728,58,0.0
ga1021sf,2026-01-24,729,59,0.0
ga1021sf,2026-01-25,730,60,0.0
ga1021sf,2026-01-26,731,61,0.0
ga1021sf,2026-01-27,732,62,0.0
ga1021sf,2026-01-28,733,63,0.0
ga1021sf,2026-01-29,734,64,0.0
ga1021sf,2026-01-30,735,65,0.0
ga1021sf,2026-01-31,736,66,0.0
ga1021sf,2026-02-01,737,67,0.0
ga1021sf,2026-02-02,738,68,0.0
ga1021sf,2026-02-03,739,69,0.0
ga1021sf,2026-02-04,740,70,0.0
ga1021sf,2026-02-05,741,71,0.0
ga1021sf,2026-02-06,742,72,0.0
ga1021sf,2026-02-07,743,73,0.0
ga1021sf,2026-02-08,744,74,0.0
ga1021sf,2026-02-09,745,75,0.0
ga1021sf,2026-02-10,746,76,0.0
ga1021sf,2026-02-11,747,77,0.0
ga1021sf,2026-02-12,748,78,0.0
ga1021sf,2026-02-13,749,79,0.0
ga1021sf,2026-02-14,750,80,0.0
ga1021sf,2026-02-15,751,81,0.0
ga1021sf,2026-02-16,752,82,0.0
ga1021sf,2026-02-17,753,83,0.0
ga1021sf,2026-02-18,754,84,0.0
ga1021sf,2026-02-19,755,85,0.0
ga1021sf,2026-02-20,756,86,0.0
ga1021sf,2026-02-21,757,87,0.0
ga1021sf,2026-02-22,758,88,0.0
ga1021sf,2026-02-23,759,89,0.0
ga1021sf,2026-02-24,760,90,0.0
ga1021sf,2026-02-25,761,91,0.0
ga1021sf,2026-02-26,762,92,0.0
ga1021sf,2026-02-27,763,93,0.0
ga1021sf,2026-02-28,764,94,0.0
ga1021sf,2026-03-01,765,95,0.0
ga1021sf,2026-03-02,766,96,0.0
ga1021sf,2026-03-03,767,97,0.0
ga1021sf,2026-03-04,768,98,0.0
ga1021sf,2026-03-05,769,99,0.0
ga10261,2025-11-26,670,0,0.0
ga10261,2025-11-27,671,1,0.01
ga10261,2025-11-28,672,2,0.01
ga10261,2025-11-29,673,3,0.0
ga10261,2025-11-30,674,4,0.0
ga10261,2025-12-01,675,5,0.0
ga10261,2025-12-02,676,6,0.25
ga10261,2025-12-03,677,7,0.02
ga10261,2025-12-04,678,8,0.01
ga10261,2025-12-05,679,9,0.0
ga10261,2025-12-06,680,10,0.0
ga10261,2025-12-07,681,11,0.0
ga10261,2025-12-08,682,12,0.0
ga10261,2025-12-09,683,13,0.02
ga10261,2025-12-10,684,14,0.0
ga10261,2025-12-11,685,15,0.0
ga10261,2025-12-12,686,16,0.0
ga10261,2025-12-13,687,17,0.0
ga10261,2025-12-14,688,18,0.0
ga10261,2025-12-15,689,19,0.0
ga10261,2025-12-16,690,20,0.01
ga10261,2025-12-17,691,21,0.0
ga10261,2025-12-18,692,22,0.0
ga10261,2025-12-19,693,23,0.0
ga10261,2025-12-20,694,24,0.0
ga10261,2025-12-21,695,25,0.0
ga10261,2025-12-22,696,26,0.0
ga10261,2025-12-23,697,27,0.01
ga10261,2025-12-24,698,28,0.0
ga10261,2025-12-25,699,29,0.0
ga10261,2025-12-26,700,30,0.0
ga10261,2025-12-27,701,31,0.0
ga10261,2025-12-28,702,32,0.0
ga10261,2025-12-29,703,33,0.0
ga10261,2025-12-30,704,34,0.08
ga10261,2025-12-31,705,35,0.01
ga10261,2026-01-01,706,36,0.02
ga10261,2026-01-02,707,37,0.0
ga10261,2026-01-03,708,38,0.0
ga10261,2026-01-04,709,39,0.0
ga10261,2026-01-05,710,40,0.0
ga10261,2026-01-06,711,41,0.05
ga10261,2026-01-07,712,42,0.03
ga10261,2026-01-08,713,43,0.02
ga10261,2026-01-09,714,44,0.01
ga10261,2026-01-10,715,45,0.0
ga10261,2026-01-11,716,46,0.0
ga10261,2026-01-12,717,47,0.0
ga10261,2026-01-13,718,48,0.1
ga10261,2026-01-14,719,49,0.02
ga10261,2026-01-15,720,50,0.03
ga10261,2026-01-16,721,51,0.0
ga10261,2026-01-17,722,52,0.01
ga10261,2026-01-18,723,53,0.0
ga10261,2026-01-19,724,54,0.0
ga10261,2026-01-20,725,55,0.15
ga10261,2026-01-21,726,56,0.04
ga10261,2026-01-22,727,57,0.02
ga10261,2026-01-23,728,58,0.01
ga10261,2026-01-24,729,59,0.0
ga10261,2026-01-25,730,60,0.0
ga10261,2026-01-26,731,61,0.0
ga10261,2026-01-27,732,62,0.04
ga10261,2026-01-28,733,63,0.02
ga10261,2026-01-29,734,64,0.03
ga10261,2026-01-30,735,65,0.0
ga10261,2026-01-31,736,66,0.0
ga10261,2026-02-01,737,67,0.02
ga10261,2026-02-02,738,68,0.0
ga10261,2026-02-03,739,69,0.08
ga10261,2026-02-04,740,70,0.05
ga10261,2026-02-05,741,71,0.07
ga10261,2026-02-06,742,72,0.08
ga10261,2026-02-07,743,73,0.17
ga10261,2026-02-08,744,74,0.03
ga10261,2026-02-09,745,75,0.01
ga10261,2026-02-10,746,76,1.26
ga10261,2026-02-11,747,77,0.57
ga10261,2026-02-12,748,78,0.28
ga10261,2026-02-13,749,79,0.11
ga10261,2026-02-14,750,80,0.04
ga10261,2026-02-15,751,81,0.02
ga10261,2026-02-16,752,82,0.01
ga10261,2026-02-17,753,83,1.36
ga10261,2026-02-18,754,84,0.53
ga10261,2026-02-19,755,85,0.54
ga10261,2026-02-20,756,86,0.31
ga10261,2026-02-21,757,87,0.1
ga10261,2026-02-22,758,88,0.02
ga10261,2026-02-23,759,89,0.0
ga10261,2026-02-24,760,90,1.17
ga10261,2026-02-25,761,91,0.96
ga10261,2026-02-26,762,92,0.43
ga10261,2026-02-27,763,93,0.41
ga10261,2026-02-28,764,94,0.29
ga10261,2026-03-01,765,95,0.03
ga10261,2026-03-02,766,96,0.0
ga10261,2026-03-03,767,97,0.92
ga10261,2026-03-04,768,98,0.48
ga10261,2026-03-05,769,99,0.19
ga10262,2025-11-26,670,0,0.03
ga10262,2025-11-27,671,1,0.0
ga10262,2025-11-28,672,2,0.0
ga10262,2025-11-29,673,3,0.0
ga10262,2025-11-30,674,4,0.0
ga10262,2025-12-01,675,5,0.01
ga10262,2025-12-02,676,6,0.11
ga10262,2025-12-03,677,7,0.13
ga10262,2025-12-04,678,8,0.08
ga10262,2025-12-05,679,9,0.03
ga10262,2025-12-06,680,10,0.01
ga10262,2025-12-07,681,11,0.0
ga10262,2025-12-08,682,12,0.0
ga10262,2025-12-09,683,13,0.07
ga10262,2025-12-10,684,14,0.08
ga10262,2025-12-11,685,15,0.06
ga10262,2025-12-12,686,16,0.02
ga10262,2025-12-13,687,17,0.0
ga10262,2025-12-14,688,18,0.0
ga10262,2025-12-15,689,19,0.0
ga10262,2025-12-16,690,20,0.05
ga10262,2025-12-17,691,21,0.01
ga10262,2025-12-18,692,22,0.01
ga10262,2025-12-19,693,23,0.0
ga10262,2025-12-20,694,24,0.0
ga10262,2025-12-21,695,25,0.0
ga10262,2025-12-22,696,26,0.0
ga10262,2025-12-23,697,27,0.06
ga10262,2025-12-24,698,28,0.01
ga10262,2025-12-25,699,29,0.01
ga10262,2025-12-26,700,30,0.0
ga10262,2025-12-27,701,31,0.0
ga10262,2025-12-28,702,32,0.0
ga10262,2025-12-29,703,33,0.0
ga10262,2025-12-30,704,34,0.01
ga10262,2025-12-31,705,35,0.0
ga10262,2026-01-01,706,36,0.01
ga10262,2026-01-02,707,37,0.01
ga10262,2026-01-03,708,38,0.0
ga10262,2026-01-04,709,39,0.0
ga10262,2026-01-05,710,40,0.0
ga10262,2026-01-06,711,41,0.06
ga10262,2026-01-07,712,42,0.02
ga10262,2026-01-08,713,43,0.01
ga10262,2026-01-09,714,44,0.03
ga10262,2026-01-10,715,45,0.0
ga10262,2026-01-11,716,46,0.0
ga10262,2026-01-12,717,47,0.0
ga10262,2026-01-13,718,48,0.05
ga10262,2026-01-14,719,49,0.08
ga10262,2026-01-15,720,50,0.02
ga10262,2026-01-16,721,51,0.03
ga10262,2026-01-17,722,52,0.01
ga10262,2026-01-18,723,53,0.0
ga10262,2026-01-19,724,54,0.0
ga10262,2026-01-20,725,55,0.05
ga10262,2026-01-21,726,56,0.01
ga10262,2026-01-22,727,57,0.03
ga10262,2026-01-23,728,58,0.03
ga10262,2026-01-24,729,59,0.02
ga10262,2026-01-25,730,60,0.0
ga10262,2026-01-26,731,61,0.0
ga10262,2026-01-27,732,62,0.01
ga10262,2026-01-28,733,63,0.01
ga10262,2026-01-29,734,64,0.04
ga10262,2026-01-30,735,65,0.01
ga10262,2026-01-31,736,66,0.03
ga10262,2026-02-01,737,67,0.01
ga10262,2026-02-02,738,68,0.0
ga10262,2026-02-03,739,69,0.01
ga10262,2026-02-04,740,70,0.01
ga10262,2026-02-05,741,71,0.0
ga10262,2026-02-06,742,72,0.0
ga10262,2026-02-07,743,73,0.0
ga10262,2026-02-08,744,74,0.0
ga10262,2026-02-09,745,75,0.0
ga10262,2026-02-10,746,76,0.02
ga10262,2026-02-11,747,77,0.0
ga10262,2026-02-12,748,78,0.0
ga10262,2026-02-13,749,79,0.01
ga10262,2026-02-14,750,80,0.0
ga10262,2026-02-15,751,81,0.0
ga10262,2026-02-16,752,82,0.0
ga10262,2026-02-17,753,83,0.05
ga10262,2026-02-18,754,84,0.04
ga10262,2026-02-19,755,85,0.03
ga10262,2026-02-20,756,86,0.0
ga10262,2026-02-21,757,87,0.0
ga10262,2026-02-22,758,88,0.0
ga10262,2026-02-23,759,89,0.0
ga10262,2026-02-24,760,90,0.47
ga10262,2026-02-25,761,91,0.12
ga10262,2026-02-26,762,92,0.03
ga10262,2026-02-27,763,93,0.02
ga10262,2026-02-28,764,94,0.02
ga10262,2026-03-01,765,95,0.0
ga10262,2026-03-02,766,96,0.0
ga10262,2026-03-03,767,97,0.26
ga10262,2026-03-04,768,98,0.11
ga10262,2026-03-05,769,99,0.05
ga10263,2025-11-26,670,0,0.01
ga10263,2025-11-27,671,1,0.01
ga10263,2025-11-28,672,2,0.02
ga10263,2025-11-29,673,3,0.02
ga10263,2025-11-30,674,4,0.0
ga10263,2025-12-01,675,5,0.0
ga10263,2025-12-02,676,6,0.07
ga10263,2025-12-03,677,7,0.02
ga10263,2025-12-04,678,8,0.01
ga10263,2025-12-05,679,9,0.0
ga10263,2025-12-06,680,10,0.0
ga10263,2025-12-07,681,11,0.0
ga10263,2025-12-08,682,12,0.0
ga10263,2025-12-09,683,13,0.06
ga10263,2025-12-10,684,14,0.0
ga10263,2025-12-11,685,15,0.0
ga10263,2025-12-12,686,16,0.01
ga10263,2025-12-13,687,17,0.0
ga10263,2025-12-14,688,18,0.0
ga10263,2025-12-15,689,19,0.0
ga10263,2025-12-16,690,20,0.04
ga10263,2025-12-17,691,21,0.01
ga10263,2025-12-18,692,22,0.0
ga10263,2025-12-19,693,23,0.01
ga10263,2025-12-20,694,24,0.0
ga10263,2025-12-21,695,25,0.0
ga10263,2025-12-22,696,26,0.0
ga10263,2025-12-23,697,27,0.01
ga10263,2025-12-24,698,28,0.0
ga10263,2025-12-25,699,29,0.03
ga10263,2025-12-26,700,30,0.03
ga10263,2025-12-27,701,31,0.0
ga10263,2025-12-28,702,32,0.0
ga10263,2025-12-29,703,33,0.0
ga10263,2025-12-30,704,34,0.04
ga10263,2025-12-31,705,35,0.0
ga10263,2026-01-01,706,36,0.01
ga10263,2026-01-02,707,37,0.01
ga10263,2026-01-03,708,38,0.0
ga10263,2026-01-04,709,39,0.01
ga10263,2026-01-05,710,40,0.0
ga10263,2026-01-06,711,41,0.53
ga10263,2026-01-07,712,42,0.07
ga10263,2026-01-08,713,43,0.06
ga10263,2026-01-09,714,44,0.17
ga10263,2026-01-10,715,45,0.09
ga10263,2026-01-11,716,46,0.03
ga10263,2026-01-12,717,47,0.0
ga10263,2026-01-13,718,48,0.57
ga10263,2026-01-14,719,49,0.15
ga10263,2026-01-15,720,50,0.13
ga10263,2026-01-16,721,51,0.07
ga10263,2026-01-17,722,52,0.06
ga10263,2026-01-18,723,53,0.01
ga10263,2026-01-19,724,54,0.01
ga10263,2026-01-20,725,55,0.59
ga10263,2026-01-21,726,56,0.15
ga10263,2026-01-22,727,57,0.06
ga10263,2026-01-23,728,58,0.07
ga10263,2026-01-24,729,59,0.02
ga10263,2026-01-25,730,60,0.0
ga10263,2026-01-26,731,61,0.0
ga10263,2026-01-27,732,62,0.6
ga10263,2026-01-28,733,63,0.07
ga10263,2026-01-29,734,64,0.2
ga10263,2026-01-30,735,65,0.08
ga10263,2026-01-31,736,66,0.07
ga10263,2026-02-01,737,67,0.0
ga10263,2026-02-02,738,68,0.0
ga10263,2026-02-03,739,69,0.13
ga10263,2026-02-04,740,70,0.08
ga10263,2026-02-05,741,71,0.06
ga10263,2026-02-06,742,72,0.12
ga10263,2026-02-07,743,73,0.13
ga10263,2026-02-08,744,74,0.01
ga10263,2026-02-09,745,75,0.0
ga10263,2026-02-10,746,76,0.28
ga10263,2026-02-11,747,77,0.06
ga10263,2026-02-12,748,78,0.06
ga10263,2026-02-13,749,79,0.11
ga10263,2026-02-14,750,80,0.18
ga10263,2026-02-15,751,81,0.01
ga10263,2026-02-16,752,82,0.0
ga10263,2026-02-17,753,83,0.11
ga10263,2026-02-18,754,84,0.02
ga10263,2026-02-19,755,85,0.11
ga10263,2026-02-20,756,86,0.07
ga10263,2026-02-21,757,87,0.05
ga10263,2026-02-22,758,88,0.0
ga10263,2026-02-23,759,89,0.0
ga10263,2026-02-24,760,90,0.1
ga10263,2026-02-25,761,91,0.05
ga10263,2026-02-26,762,92,0.04
ga10263,2026-02-27,763,93,0.07
ga10263,2026-02-28,764,94,0.06
ga10263,2026-03-01,765,95,0.01
ga10263,2026-03-02,766,96,0.0
ga10263,2026-03-03,767,97,0.03
ga10263,2026-03-04,768,98,0.0
ga10263,2026-03-05,769,99,0.01
ga1026sf,2025-11-26,670,0,0.0
ga1026sf,2025-11-27,671,1,0.0
ga1026sf,2025-11-28,672,2,0.0
ga1026sf,2025-11-29,673,3,0.0
ga1026sf,2025-11-30,674,4,0.0
ga1026sf,2025-12-01,675,5,0.01
ga1026sf,2025-12-02,676,6,0.01
ga1026sf,2025-12-03,677,7,0.0
ga1026sf,2025-12-04,678,8,0.0
ga1026sf,2025-12-05,679,9,0.0
ga1026sf,2025-12-06,680,10,0.0
ga1026sf,2025-12-07,681,11,0.0
ga1026sf,2025-12-08,682,12,0.0
ga1026sf,2025-12-09,683,13,0.0
ga1026sf,2025-12-10,684,14,0.0
ga1026sf,2025-12-11,685,15,0.0
ga1026sf,2025-12-12,686,16,0.0
ga1026sf,2025-12-13,687,17,0.01
ga1026sf,2025-12-14,688,18,0.0
ga1026sf,2025-12-15,689,19,0.0
ga1026sf,2025-12-16,690,20,0.0
ga1026sf,2025-12-17,691,21,0.0
ga1026sf,2025-12-18,692,22,0.0
ga1026sf,2025-12-19,693,23,0.0
ga1026sf,2025-12-20,694,24,0.0
ga1026sf,2025-12-21,695,25,0.0
ga1026sf,2025-12-22,696,26,0.0
ga1026sf,2025-12-23,697,27,0.01
ga1026sf,2025-12-24,698,28,0.0
ga1026sf,2025-12-25,699,29,0.0
ga1026sf,2025-12-26,700,30,0.0
ga1026sf,2025-12-27,701,31,0.0
ga1026sf,2025-12-28,702,32,0.0
ga1026sf,2025-12-29,703,33,0.0
ga1026sf,2025-12-30,704,34,0.0
ga1026sf,2025-12-31,705,35,0.0
ga1026sf,2026-01-01,706,36,0.0
ga1026sf,2026-01-02,707,37,0.0
ga1026sf,2026-01-03,708,38,0.0
ga1026sf,2026-01-04,709,39,0.0
ga1026sf,2026-01-05,710,40,0.0
ga1026sf,2026-01-06,711,41,0.0
ga1026sf,2026-01-07,712,42,0.0
ga1026sf,2026-01-08,713,43,0.0
ga1026sf,2026-01-09,714,44,0.0
ga1026sf,2026-01-10,715,45,0.0
ga1026sf,2026-01-11,716,46,0.0
ga1026sf,2026-01-12,717,47,0.0
ga1026sf,2026-01-13,718,48,0.01
ga1026sf,2026-01-14,719,49,0.01
ga1026sf,2026-01-15,720,50,0.0
ga1026sf,2026-01-16,721,51,0.0
ga1026sf,2026-01-17,722,52,0.0
ga1026sf,2026-01-18,723,53,0.0
ga1026sf,2026-01-19,724,54,0.0
ga1026sf,2026-01-20,725,55,0.0
ga1026sf,2026-01-21,726,56,0.0
ga1026sf,2026-01-22,727,57,0.01
ga1026sf,2026-01-23,728,58,0.0
ga1026sf,2026-01-24,729,59,0.0
ga1026sf,2026-01-25,730,60,0.0
ga1026sf,2026-01-26,731,61,0.0
ga1026sf,2026-01-27,732,62,0.02
ga1026sf,2026-01-28,733,63,0.0
ga1026sf,2026-01-29,734,64,0.0
ga1026sf,2026-01-30,735,65,0.0
ga1026sf,2026-01-31,736,66,0.0
ga1026sf,2026-02-01,737,67,0.0
ga1026sf,2026-02-02,738,68,0.0
ga1026sf,2026-02-03,739,69,0.02
ga1026sf,2026-02-04,740,70,0.0
ga1026sf,2026-02-05,741,71,0.0
ga1026sf,2026-02-06,742,72,0.0
ga1026sf,2026-02-07,743,73,0.0
ga1026sf,2026-02-08,744,74,0.0
ga1026sf,2026-02-09,745,75,0.0
ga1026sf,2026-02-10,746,76,0.02
ga1026sf,2026-02-11,747,77,0.0
ga1026sf,2026-02-12,748,78,0.01
ga1026sf,2026-02-13,749,79,0.0
ga1026sf,2026-02-14,750,80,0.0
ga1026sf,2026-02-15,751,81,0.0
ga1026sf,2026-02-16,752,82,0.0
ga1026sf,2026-02-17,753,83,0.0
ga1026sf,2026-02-18,754,84,0.0
ga1026sf,2026-02-19,755,85,0.0
ga1026sf,2026-02-20,756,86,0.0
ga1026sf,2026-02-21,757,87,0.0
ga1026sf,2026-02-22,758,88,0.0
ga1026sf,2026-02-23,759,89,0.0
ga1026sf,2026-02-24,760,90,0.0
ga1026sf,2026-02-25,761,91,0.0
ga1026sf,2026-02-26,762,92,0.0
ga1026sf,2026-02-27,763,93,0.0
ga1026sf,2026-02-28,764,94,0.0
ga1026sf,2026-03-01,765,95,0.0
ga1026sf,2026-03-02,766,96,0.0
ga1026sf,2026-03-03,767,97,0.02
ga1026sf,2026-03-04,768,98,0.0
ga1026sf,2026-03-05,769,99,0.01
ga10271,2025-11-26,670,0,0.0
ga10271,2025-11-27,671,1,0.0
ga10271,2025-11-28,672,2,0.0
ga10271,2025-11-29,673,3,0.0
ga10271,2025-11-30,674,4,0.0
ga10271,2025-12-01,675,5,0.0
ga10271,2025-12-02,676,6,0.0
ga10271,2025-12-03,677,7,0.0
ga10271,2025-12-04,678,8,0.0
ga10271,2025-12-05,679,9,0.01
ga10271,2025-12-06,680,10,0.0
ga10271,2025-12-07,681,11,0.0
ga10271,2025-12-08,682,12,0.0
ga10271,2025-12-09,683,13,0.0
ga10271,2025-12-10,684,14,0.0
ga10271,2025-12-11,685,15,0.0
ga10271,2025-12-12,686,16,0.0
ga10271,2025-12-13,687,17,0.0
ga10271,2025-12-14,688,18,0.0
ga10271,2025-12-15,689,19,0.0
ga10271,2025-12-16,690,20,0.0
ga10271,2025-12-17,691,21,0.01
ga10271,2025-12-18,692,22,0.0
ga10271,2025-12-19,693,23,0.02
ga10271,2025-12-20,694,24,0.0
ga10271,2025-12-21,695,25,0.0
ga10271,2025-12-22,696,26,0.0
ga10271,2025-12-23,697,27,0.03
ga10271,2025-12-24,698,28,0.01
ga10271,2025-12-25,699,29,0.01
ga10271,2025-12-26,700,30,0.0
ga10271,2025-12-27,701,31,0.0
ga10271,2025-12-28,702,32,0.0
ga10271,2025-12-29,703,33,0.01
ga10271,2025-12-30,704,34,0.1
ga10271,2025-12-31,705,35,0.04
ga10271,2026-01-01,706,36,0.01
ga10271,2026-01-02,707,37,0.02
ga10271,2026-01-03,708,38,0.02
ga10271,2026-01-04,709,39,0.0
ga10271,2026-01-05,710,40,0.0
ga10271,2026-01-06,711,41,0.13
ga10271,2026-01-07,712,42,0.03
ga10271,2026-01-08,713,43,0.05
ga10271,2026-01-09,714,44,0.0
ga10271,2026-01-10,715,45,0.0
ga10271,2026-01-11,716,46,0.01
ga10271,2026-01-12,717,47,0.01
ga10271,2026-01-13,718,48,0.27
ga10271,2026-01-14,719,49,0.02
ga10271,2026-01-15,720,50,0.06
ga10271,2026-01-16,721,51,0.01
ga10271,2026-01-17,722,52,0.01
ga10271,2026-01-18,723,53,0.0
ga10271,2026-01-19,724,54,0.0
ga10271,2026-01-20,725,55,0.15
ga10271,2026-01-21,726,56,0.13
ga10271,2026-01-22,727,57,0.07
ga10271,2026-01-23,728,58,0.03
ga10271,2026-01-24,729,59,0.03
ga10271,2026-01-25,730,60,0.0
ga10271,2026-01-26,731,61,0.02
ga10271,2026-01-27,732,62,0.3
ga10271,2026-01-28,733,63,0.05
ga10271,2026-01-29,734,64,0.07
ga10271,2026-01-30,735,65,0.01
ga10271,2026-01-31,736,66,0.06
ga10271,2026-02-01,737,67,0.04
ga10271,2026-02-02,738,68,0.01
ga10271,2026-02-03,739,69,0.1
ga10271,2026-02-04,740,70,0.06
ga10271,2026-02-05,741,71,0.04
ga10271,2026-02-06,742,72,0.03
ga10271,2026-02-07,743,73,0.0
ga10271,2026-02-08,744,74,0.0
ga10271,2026-02-09,745,75,0.0
ga10271,2026-02-10,746,76,0.02
ga10271,2026-02-11,747,77,0.0
ga10271,2026-02-12,748,78,0.01
ga10271,2026-02-13,749,79,0.01
ga10271,2026-02-14,750,80,0.01
ga10271,2026-02-15,751,81,0.0
ga10271,2026-02-16,752,82,0.0
ga10271,2026-02-17,753,83,0.09
ga10271,2026-02-18,754,84,0.02
ga10271,2026-02-19,755,85,0.03
ga10271,2026-02-20,756,86,0.04
ga10271,2026-02-21,757,87,0.07
ga10271,2026-02-22,758,88,0.0
ga10271,2026-02-23,759,89,0.0
ga10271,2026-02-24,760,90,0.09
ga10271,2026-02-25,761,91,0.09
ga10271,2026-02-26,762,92,0.09
ga10271,2026-02-27,763,93,0.17
ga10271,2026-02-28,764,94,0.08
ga10271,2026-03-01,765,95,0.0
ga10271,2026-03-02,766,96,0.0
ga10271,2026-03-03,767,97,0.11
ga10271,2026-03-04,768,98,0.03
ga10271,2026-03-05,769,99,0.02
ga10272,2025-11-26,670,0,0.0
ga10272,2025-11-27,671,1,0.0
ga10272,2025-11-28,672,2,0.0
ga10272,2025-11-29,673,3,0.01
ga10272,2025-11-30,674,4,0.01
ga10272,2025-12-01,675,5,0.0
ga10272,2025-12-02,676,6,0.0
ga10272,2025-12-03,677,7,0.0
ga10272,2025-12-04,678,8,0.02
ga10272,2025-12-05,679,9,0.0
ga10272,2025-12-06,680,10,0.0
ga10272,2025-12-07,681,11,0.0
ga10272,2025-12-08,682,12,0.0
ga10272,2025-12-09,683,13,0.0
ga10272,2025-12-10,684,14,0.0
ga10272,2025-12-11,685,15,0.0
ga10272,2025-12-12,686,16,0.0
ga10272,2025-12-13,687,17,0.0
ga10272,2025-12-14,688,18,0.0
ga10272,2025-12-15,689,19,0.0
ga10272,2025-12-16,690,20,0.01
ga10272,2025-12-17,691,21,0.0
ga10272,2025-12-18,692,22,0.0
ga10272,2025-12-19,693,23,0.0
ga10272,2025-12-20,694,24,0.0
ga10272,2025-12-21,695,25,0.0
ga10272,2025-12-22,696,26,0.0
ga10272,2025-12-23,697,27,0.0
ga10272,2025-12-24,698,28,0.0
ga10272,2025-12-25,699,29,0.01
ga10272,2025-12-26,700,30,0.0
ga10272,2025-12-27,701,31,0.0
ga10272,2025-12-28,702,32,0.0
ga10272,2025-12-29,703,33,0.0
ga10272,2025-12-30,704,34,0.0
ga10272,2025-12-31,705,35,0.0
ga10272,2026-01-01,706,36,0.0
ga10272,2026-01-02,707,37,0.0
ga10272,2026-01-03,708,38,0.01
ga10272,2026-01-04,709,39,0.0
ga10272,2026-01-05,710,40,0.0
ga10272,2026-01-06,711,41,0.0
ga10272,2026-01-07,712,42,0.0
ga10272,2026-01-08,713,43,0.0
ga10272,2026-01-09,714,44,0.0
ga10272,2026-01-10,715,45,0.0
ga10272,2026-01-11,716,46,0.0
ga10272,2026-01-12,717,47,0.0
ga10272,2026-01-13,718,48,0.0
ga10272,2026-01-14,719,49,0.0
ga10272,2026-01-15,720,50,0.01
ga10272,2026-01-16,721,51,0.0
ga10272,2026-01-17,722,52,0.0
ga10272,2026-01-18,723,53,0.0
ga10272,2026-01-19,724,54,0.0
ga10272,2026-01-20,725,55,0.01
ga10272,2026-01-21,726,56,0.0
ga10272,2026-01-22,727,57,0.0
ga10272,2026-01-23,728,58,0.0
ga10272,2026-01-24,729,59,0.0
ga10272,2026-01-25,730,60,0.0
ga10272,2026-01-26,731,61,0.0
ga10272,2026-01-27,732,62,0.01
ga10272,2026-01-28,733,63,0.0
ga10272,2026-01-29,734,64,0.0
ga10272,2026-01-30,735,65,0.0
ga10272,2026-01-31,736,66,0.01
ga10272,2026-02-01,737,67,0.0
ga10272,2026-02-02,738,68,0.0
ga10272,2026-02-03,739,69,0.0
ga10272,2026-02-04,740,70,0.0
ga10272,2026-02-05,741,71,0.0
ga10272,2026-02-06,742,72,0.0
ga10272,2026-02-07,743,73,0.0
ga10272,2026-02-08,744,74,0.0
ga10272,2026-02-09,745,75,0.0
ga10272,2026-02-10,746,76,0.0
ga10272,2026-02-11,747,77,0.0
ga10272,2026-02-12,748,78,0.0
ga10272,2026-02-13,749,79,0.0
ga10272,2026-02-14,750,80,0.0
ga10272,2026-02-15,751,81,0.0
ga10272,2026-02-16,752,82,0.0
ga10272,2026-02-17,753,83,0.0
ga10272,2026-02-18,754,84,0.0
ga10272,2026-02-19,755,85,0.0
ga10272,2026-02-20,756,86,0.0
ga10272,2026-02-21,757,87,0.0
ga10272,2026-02-22,758,88,0.0
ga10272,2026-02-23,759,89,0.0
ga10272,2026-02-24,760,90,0.0
ga10272,2026-02-25,761,91,0.0
ga10272,2026-02-26,762,92,0.0
ga10272,2026-02-27,763,93,0.0
ga10272,2026-02-28,764,94,0.0
ga10272,2026-03-01,765,95,0.0
ga10272,2026-03-02,766,96,0.0
ga10272,2026-03-03,767,97,0.0
ga10272,2026-03-04,768,98,0.0
ga10272,2026-03-05,769,99,0.0
ga10273,2025-11-26,670,0,0.0
ga10273,2025-11-27,671,1,0.0
ga10273,2025-11-28,672,2,0.01
ga10273,2025-11-29,673,3,0.0
ga10273,2025-11-30,674,4,0.0
ga10273,2025-12-01,675,5,0.0
ga10273,2025-12-02,676,6,0.04
ga10273,2025-12-03,677,7,0.01
ga10273,2025-12-04,678,8,0.0
ga10273,2025-12-05,679,9,0.01
ga10273,2025-12-06,680,10,0.0
ga10273,2025-12-07,681,11,0.0
ga10273,2025-12-08,682,12,0.0
ga10273,2025-12-09,683,13,0.02
ga10273,2025-12-10,684,14,0.0
ga10273,2025-12-11,685,15,0.0
ga10273,2025-12-12,686,16,0.0
ga10273,2025-12-13,687,17,0.0
ga10273,2025-12-14,688,18,0.0
ga10273,2025-12-15,689,19,0.0
ga10273,2025-12-16,690,20,0.03
ga10273,2025-12-17,691,21,0.0
ga10273,2025-12-18,692,22,0.0
ga10273,2025-12-19,693,23,0.0
ga10273,2025-12-20,694,24,0.0
ga10273,2025-12-21,695,25,0.0
ga10273,2025-12-22,696,26,0.0
ga10273,2025-12-23,697,27,0.06
ga10273,2025-12-24,698,28,0.01
ga10273,2025-12-25,699,29,0.0
ga10273,2025-12-26,700,30,0.0
ga10273,2025-12-27,701,31,0.0
ga10273,2025-12-28,702,32,0.0
ga10273,2025-12-29,703,33,0.0
ga10273,2025-12-30,704,34,0.05
ga10273,2025-12-31,705,35,0.02
ga10273,2026-01-01,706,36,0.0
ga10273,2026-01-02,707,37,0.0
ga10273,2026-01-03,708,38,0.0
ga10273,2026-01-04,709,39,0.0
ga10273,2026-01-05,710,40,0.0
ga10273,2026-01-06,711,41,0.03
ga10273,2026-01-07,712,42,0.02
ga10273,2026-01-08,713,43,0.01
ga10273,2026-01-09,714,44,0.01
ga10273,2026-01-10,715,45,0.0
ga10273,2026-01-11,716,46,0.0
ga10273,2026-01-12,717,47,0.0
ga10273,2026-01-13,718,48,0.05
ga10273,2026-01-14,719,49,0.02
ga10273,2026-01-15,720,50,0.0
ga10273,2026-01-16,721,51,0.0
ga10273,2026-01-17,722,52,0.0
ga10273,2026-01-18,723,53,0.0
ga10273,2026-01-19,724,54,0.0
ga10273,2026-01-20,725,55,0.03
ga10273,2026-01-21,726,56,0.01
ga10273,2026-01-22,727,57,0.0
ga10273,2026-01-23,728,58,0.0
ga10273,2026-01-24,729,59,0.0
ga10273,2026-01-25,730,60,0.0
ga10273,2026-01-26,731,61,0.0
ga10273,2026-01-27,732,62,0.02
ga10273,2026-01-28,733,63,0.02
ga10273,2026-01-29,734,64,0.01
ga10273,2026-01-30,735,65,0.0
ga10273,2026-01-31,736,66,0.01
ga10273,2026-02-01,737,67,0.0
ga10273,2026-02-02,738,68,0.0
ga10273,2026-02-03,739,69,0.01
ga10273,2026-02-04,740,70,0.0
ga10273,2026-02-05,741,71,0.0
ga10273,2026-02-06,742,72,0.0
ga10273,2026-02-07,743,73,0.01
ga10273,2026-02-08,744,74,0.02
ga10273,2026-02-09,745,75,0.0
ga10273,2026-02-10,746,76,0.01
ga10273,2026-02-11,747,77,0.0
ga10273,2026-02-12,748,78,0.01
ga10273,2026-02-13,749,79,0.0
ga10273,2026-02-14,750,80,0.01
ga10273,2026-02-15,751,81,0.0
ga10273,2026-02-16,752,82,0.0
ga10273,2026-02-17,753,83,0.04
ga10273,2026-02-18,754,84,0.01
ga10273,2026-02-19,755,85,0.0
ga10273,2026-02-20,756,86,0.02
ga10273,2026-02-21,757,87,0.01
ga10273,2026-02-22,758,88,0.0
ga10273,2026-02-23,759,89,0.0
ga10273,2026-02-24,760,90,0.03
ga10273,2026-02-25,761,91,0.0
ga10273,2026-02-26,762,92,0.02
ga10273,2026-02-27,763,93,0.0
ga10273,2026-02-28,764,94,0.0
ga10273,2026-03-01,765,95,0.0
ga10273,2026-03-02,766,96,0.0
ga10273,2026-03-03,767,97,0.03
ga10273,2026-03-04,768,98,0.0
ga10273,2026-03-05,769,99,0.01
ga1027sf,2025-11-26,670,0,0.0
ga1027sf,2025-11-27,671,1,0.01
ga1027sf,2025-11-28,672,2,0.0
ga1027sf,2025-11-29,673,3,0.0
ga1027sf,2025-11-30,674,4,0.0
ga1027sf,2025-12-01,675,5,0.0
ga1027sf,2025-12-02,676,6,0.01
ga1027sf,2025-12-03,677,7,0.01
ga1027sf,2025-12-04,678,8,0.0
ga1027sf,2025-12-05,679,9,0.0
ga1027sf,2025-12-06,680,10,0.0
ga1027sf,2025-12-07,681,11,0.0
ga1027sf,2025-12-08,682,12,0.0
ga1027sf,2025-12-09,683,13,0.0
ga1027sf,2025-12-10,684,14,0.01
ga1027sf,2025-12-11,685,15,0.0
ga1027sf,2025-12-12,686,16,0.0
ga1027sf,2025-12-13,687,17,0.0
ga1027sf,2025-12-14,688,18,0.0
ga1027sf,2025-12-15,689,19,0.0
ga1027sf,2025-12-16,690,20,0.01
ga1027sf,2025-12-17,691,21,0.0
ga1027sf,2025-12-18,692,22,0.0
ga1027sf,2025-12-19,693,23,0.0
ga1027sf,2025-12-20,694,24,0.0
ga1027sf,2025-12-21,695,25,0.01
ga1027sf,2025-12-22,696,26,0.0
ga1027sf,2025-12-23,697,27,0.01
ga1027sf,2025-12-24,698,28,0.0
ga1027sf,2025-12-25,699,29,0.0
ga1027sf,2025-12-26,700,30,0.0
ga1027sf,2025-12-27,701,31,0.0
ga1027sf,2025-12-28,702,32,0.0
ga1027sf,2025-12-29,703,33,0.0
ga1027sf,2025-12-30,704,34,0.01
ga1027sf,2025-12-31,705,35,0.0
ga1027sf,2026-01-01,706,36,0.0
ga1027sf,2026-01-02,707,37,0.0
ga1027sf,2026-01-03,708,38,0.0
ga1027sf,2026-01-04,709,39,0.0
ga1027sf,2026-01-05,710,40,0.0
ga1027sf,2026-01-06,711,41,0.01
ga1027sf,2026-01-07,712,42,0.01
ga1027sf,2026-01-08,713,43,0.01
ga1027sf,2026-01-09,714,44,0.0
ga1027sf,2026-01-10,715,45,0.0
ga1027sf,2026-01-11,716,46,0.0
ga1027sf,2026-01-12,717,47,0.0
ga1027sf,2026-01-13,718,48,0.02
ga1027sf,2026-01-14,719,49,0.05
ga1027sf,2026-01-15,720,50,0.05
ga1027sf,2026-01-16,721,51,0.03
ga1027sf,2026-01-17,722,52,0.01
ga1027sf,2026-01-18,723,53,0.0
ga1027sf,2026-01-19,724,54,0.0
ga1027sf,2026-01-20,725,55,0.21
ga1027sf,2026-01-21,726,56,0.18
ga1027sf,2026-01-22,727,57,0.2
ga1027sf,2026-01-23,728,58,0.04
ga1027sf,2026-01-24,729,59,0.03
ga1027sf,2026-01-25,730,60,0.0
ga1027sf,2026-01-26,731,61,0.0
ga1027sf,2026-01-27,732,62,0.61
ga1027sf,2026-01-28,733,63,0.21
ga1027sf,2026-01-29,734,64,0.2
ga1027sf,2026-01-30,735,65,0.03
ga1027sf,2026-01-31,736,66,0.05
ga1027sf,2026-02-01,737,67,0.02
ga1027sf,2026-02-02,738,68,0.03
ga1027sf,2026-02-03,739,69,0.15
ga1027sf,2026-02-04,740,70,0.02
ga1027sf,2026-02-05,741,71,0.04
ga1027sf,2026-02-06,742,72,0.04
ga1027sf,2026-02-07,743,73,0.0
ga1027sf,2026-02-08,744,74,0.01
ga1027sf,2026-02-09,745,75,0.0
ga1027sf,2026-02-10,746,76,0.09
ga1027sf,2026-02-11,747,77,0.0
ga1027sf,2026-02-12,748,78,0.02
ga1027sf,2026-02-13,749,79,0.0
ga1027sf,2026-02-14,750,80,0.02
ga1027sf,2026-02-15,751,81,0.0
ga1027sf,2026-02-16,752,82,0.0
ga1027sf,2026-02-17,753,83,0.17
ga1027sf,2026-02-18,754,84,0.05
ga1027sf,2026-02-19,755,85,0.02
ga1027sf,2026-02-20,756,86,0.03
ga1027sf,2026-02-21,757,87,0.04
ga1027sf,2026-02-22,758,88,0.01
ga1027sf,2026-02-23,759,89,0.0
ga1027sf,2026-02-24,760,90,0.51
ga1027sf,2026-02-25,761,91,0.13
ga1027sf,2026-02-26,762,92,0.21
ga1027sf,2026-02-27,763,93,0.09
ga1027sf,2026-02-28,764,94,0.03
ga1027sf,2026-03-01,765,95,0.0
ga1027sf,2026-03-02,766,96,0.0
ga1027sf,2026-03-03,767,97,0.08
ga1027sf,2026-03-04,768,98,0.04
ga1027sf,2026-03-05,769,99,0.02
ga10281,2025-11-26,670,0,0.03
ga10281,2025-11-27,671,1,0.09
ga10281,2025-11-28,672,2,0.03
ga10281,2025-11-29,673,3,0.07
ga10281,2025-11-30,674,4,0.01
ga10281,2025-12-01,675,5,0.0
ga10281,2025-12-02,676,6,0.28
ga10281,2025-12-03,677,7,0.03
ga10281,2025-12-04,678,8,0.02
ga10281,2025-12-05,679,9,0.04
ga10281,2025-12-06,680,10,0.0
ga10281,2025-12-07,681,11,0.0
ga10281,2025-12-08,682,12,0.0
ga10281,2025-12-09,683,13,0.09
ga10281,2025-12-10,684,14,0.0
ga10281,2025-12-11,685,15,0.0
ga10281,2025-12-12,686,16,0.0
ga10281,2025-12-13,687,17,0.0
ga10281,2025-12-14,688,18,0.0
ga10281,2025-12-15,689,19,0.0
ga10281,2025-12-16,690,20,0.04
ga10281,2025-12-17,691,21,0.01
ga10281,2025-12-18,692,22,0.02
ga10281,2025-12-19,693,23,0.01
ga10281,2025-12-20,694,24,0.0
ga10281,2025-12-21,695,25,0.0
ga10281,2025-12-22,696,26,0.0
ga10281,2025-12-23,697,27,0.42
ga10281,2025-12-24,698,28,0.03
ga10281,2025-12-25,699,29,0.03
ga10281,2025-12-26,700,30,0.0
ga10281,2025-12-27,701,31,0.02
ga10281,2025-12-28,702,32,0.01
ga10281,2025-12-29,703,33,0.0
ga10281,2025-12-30,704,34,0.31
ga10281,2025-12-31,705,35,0.02
ga10281,2026-01-01,706,36,0.01
ga10281,2026-01-02,707,37,0.01
ga10281,2026-01-03,708,38,0.0
ga10281,2026-01-04,709,39,0.0
ga10281,2026-01-05,710,40,0.0
ga10281,2026-01-06,711,41,0.27
ga10281,2026-01-07,712,42,0.0
ga10281,2026-01-08,713,43,0.01
ga10281,2026-01-09,714,44,0.02
ga10281,2026-01-10,715,45,0.0
ga10281,2026-01-11,716,46,0.0
ga10281,2026-01-12,717,47,0.0
ga10281,2026-01-13,718,48,0.26
ga10281,2026-01-14,719,49,0.03
ga10281,2026-01-15,720,50,0.01
ga10281,2026-01-16,721,51,0.01
ga10281,2026-01-17,722,52,0.01
ga10281,2026-01-18,723,53,0.0
ga10281,2026-01-19,724,54,0.0
ga10281,2026-01-20,725,55,0.17
ga10281,2026-01-21,726,56,0.01
ga10281,2026-01-22,727,57,0.0
ga10281,2026-01-23,728,58,0.0
ga10281,2026-01-24,729,59,0.0
ga10281,2026-01-25,730,60,0.0
ga10281,2026-01-26,731,61,0.0
ga10281,2026-01-27,732,62,0.12
ga10281,2026-01-28,733,63,0.04
ga10281,2026-01-29,734,64,0.0
ga10281,2026-01-30,735,65,0.02
ga10281,2026-01-31,736,66,0.0
ga10281,2026-02-01,737,67,0.0
ga10281,2026-02-02,738,68,0.0
ga10281,2026-02-03,739,69,0.17
ga10281,2026-02-04,740,70,0.02
ga10281,2026-02-05,741,71,0.02
ga10281,2026-02-06,742,72,0.01
ga10281,2026-02-07,743,73,0.0
ga10281,2026-02-08,744,74,0.0
ga10281,2026-02-09,745,75,0.0
ga10281,2026-02-10,746,76,0.22
ga10281,2026-02-11,747,77,0.02
ga10281,2026-02-12,748,78,0.0
ga10281,2026-02-13,749,79,0.04
ga10281,2026-02-14,750,80,0.0
ga10281,2026-02-15,751,81,0.0
ga10281,2026-02-16,752,82,0.0
ga10281,2026-02-17,753,83,0.33
ga10281,2026-02-18,754,84,0.05
ga10281,2026-02-19,755,85,0.07
ga10281,2026-02-20,756,86,0.11
ga10281,2026-02-21,757,87,0.04
ga10281,2026-02-22,758,88,0.0
ga10281,2026-02-23,759,89,0.0
ga10281,2026-02-24,760,90,0.38
ga10281,2026-02-25,761,91,0.08
ga10281,2026-02-26,762,92,0.09
ga10281,2026-02-27,763,93,0.12
ga10281,2026-02-28,764,94,0.1
ga10281,2026-03-01,765,95,0.01
ga10281,2026-03-02,766,96,0.0
ga10281,2026-03-03,767,97,0.18
ga10281,2026-03-04,768,98,0.01
ga10281,2026-03-05,769,99,0.03
ga10282,2025-11-26,670,0,0.0
ga10282,2025-11-27,671,1,0.0
ga10282,2025-11-28,672,2,0.0
ga10282,2025-11-29,673,3,0.0
ga10282,2025-11-30,674,4,0.0
ga10282,2025-12-01,675,5,0.0
ga10282,2025-12-02,676,6,0.0
ga10282,2025-12-03,677,7,0.0
ga10282,2025-12-04,678,8,0.0
ga10282,2025-12-05,679,9,0.0
ga10282,2025-12-06,680,10,0.0
ga10282,2025-12-07,681,11,0.0
ga10282,2025-12-08,682,12,0.0
ga10282,2025-12-09,683,13,0.02
ga10282,2025-12-10,684,14,0.0
ga10282,2025-12-11,685,15,0.0
ga10282,2025-12-12,686,16,0.0
ga10282,2025-12-13,687,17,0.0
ga10282,2025-12-14,688,18,0.0
ga10282,2025-12-15,689,19,0.0
ga10282,2025-12-16,690,20,0.0
ga10282,2025-12-17,691,21,0.0
ga10282,2025-12-18,692,22,0.0
ga10282,2025-12-19,693,23,0.0
ga10282,2025-12-20,694,24,0.0
ga10282,2025-12-21,695,25,0.0
ga10282,2025-12-22,696,26,0.0
ga10282,2025-12-23,697,27,0.0
ga10282,2025-12-24,698,28,0.0
ga10282,2025-12-25,699,29,0.0
ga10282,2025-12-26,700,30,0.0
ga10282,2025-12-27,701,31,0.0
ga10282,2025-12-28,702,32,0.0
ga10282,2025-12-29,703,33,0.0
ga10282,2025-12-30,704,34,0.01
ga10282,2025-12-31,705,35,0.0
ga10282,2026-01-01,706,36,0.0
ga10282,2026-01-02,707,37,0.0
ga10282,2026-01-03,708,38,0.0
ga10282,2026-01-04,709,39,0.0
ga10282,2026-01-05,710,40,0.0
ga10282,2026-01-06,711,41,0.0
ga10282,2026-01-07,712,42,0.0
ga10282,2026-01-08,713,43,0.0
ga10282,2026-01-09,714,44,0.0
ga10282,2026-01-10,715,45,0.0
ga10282,2026-01-11,716,46,0.0
ga10282,2026-01-12,717,47,0.0
ga10282,2026-01-13,718,48,0.01
ga10282,2026-01-14,719,49,0.0
ga10282,2026-01-15,720,50,0.0
ga10282,2026-01-16,721,51,0.0
ga10282,2026-01-17,722,52,0.0
ga10282,2026-01-18,723,53,0.0
ga10282,2026-01-19,724,54,0.01
ga10282,2026-01-20,725,55,0.0
ga10282,2026-01-21,726,56,0.0
ga10282,2026-01-22,727,57,0.0
ga10282,2026-01-23,728,58,0.0
ga10282,2026-01-24,729,59,0.0
ga10282,2026-01-25,730,60,0.0
ga10282,2026-01-26,731,61,0.0
ga10282,2026-01-27,732,62,0.0
ga10282,2026-01-28,733,63,0.01
ga10282,2026-01-29,734,64,0.0
ga10282,2026-01-30,735,65,0.0
ga10282,2026-01-31,736,66,0.0
ga10282,2026-02-01,737,67,0.0
ga10282,2026-02-02,738,68,0.0
ga10282,2026-02-03,739,69,0.0
ga10282,2026-02-04,740,70,0.0
ga10282,2026-02-05,741,71,0.0
ga10282,2026-02-06,742,72,0.0
ga10282,2026-02-07,743,73,0.0
ga10282,2026-02-08,744,74,0.0
ga10282,2026-02-09,745,75,0.0
ga10282,2026-02-10,746,76,0.03
ga10282,2026-02-11,747,77,0.0
ga10282,2026-02-12,748,78,0.0
ga10282,2026-02-13,749,79,0.01
ga10282,2026-02-14,750,80,0.02
ga10282,2026-02-15,751,81,0.0
ga10282,2026-02-16,752,82,0.0
ga10282,2026-02-17,753,83,0.02
ga10282,2026-02-18,754,84,0.02
ga10282,2026-02-19,755,85,0.0
ga10282,2026-02-20,756,86,0.02
ga10282,2026-02-21,757,87,0.01
ga10282,2026-02-22,758,88,0.0
ga10282,2026-02-23,759,89,0.0
ga10282,2026-02-24,760,90,0.14
ga10282,2026-02-25,761,91,0.03
ga10282,2026-02-26,762,92,0.01
ga10282,2026-02-27,763,93,0.03
ga10282,2026-02-28,764,94,0.0
ga10282,2026-03-01,765,95,0.0
ga10282,2026-03-02,766,96,0.0
ga10282,2026-03-03,767,97,0.01
ga10282,2026-03-04,768,98,0.01
ga10282,2026-03-05,769,99,0.01
ga10283,2025-11-26,670,0,0.0
ga10283,2025-11-27,671,1,0.0
ga10283,2025-11-28,672,2,0.0
ga10283,2025-11-29,673,3,0.02
ga10283,2025-11-30,674,4,0.0
ga10283,2025-12-01,675,5,0.0
ga10283,2025-12-02,676,6,0.15
ga10283,2025-12-03,677,7,0.04
ga10283,2025-12-04,678,8,0.03
ga10283,2025-12-05,679,9,0.0
ga10283,2025-12-06,680,10,0.01
ga10283,2025-12-07,681,11,0.0
ga10283,2025-12-08,682,12,0.0
ga10283,2025-12-09,683,13,0.05
ga10283,2025-12-10,684,14,0.0
ga10283,2025-12-11,685,15,0.0
ga10283,2025-12-12,686,16,0.0
ga10283,2025-12-13,687,17,0.01
ga10283,2025-12-14,688,18,0.0
ga10283,2025-12-15,689,19,0.0
ga10283,2025-12-16,690,20,0.01
ga10283,2025-12-17,691,21,0.0
ga10283,2025-12-18,692,22,0.0
ga10283,2025-12-19,693,23,0.0
ga10283,2025-12-20,694,24,0.0
ga10283,2025-12-21,695,25,0.0
ga10283,2025-12-22,696,26,0.0
ga10283,2025-12-23,697,27,0.0
ga10283,2025-12-24,698,28,0.0
ga10283,2025-12-25,699,29,0.0
ga10283,2025-12-26,700,30,0.0
ga10283,2025-12-27,701,31,0.0
ga10283,2025-12-28,702,32,0.0
ga10283,2025-12-29,703,33,0.0
ga10283,2025-12-30,704,34,0.0
ga10283,2025-12-31,705,35,0.0
ga10283,2026-01-01,706,36,0.0
ga10283,2026-01-02,707,37,0.0
ga10283,2026-01-03,708,38,0.0
ga10283,2026-01-04,709,39,0.0
ga10283,2026-01-05,710,40,0.0
ga10283,2026-01-06,711,41,0.01
ga10283,2026-01-07,712,42,0.0
ga10283,2026-01-08,713,43,0.01
ga10283,2026-01-09,714,44,0.0
ga10283,2026-01-10,715,45,0.0
ga10283,2026-01-11,716,46,0.0
ga10283,2026-01-12,717,47,0.0
ga10283,2026-01-13,718,48,0.01
ga10283,2026-01-14,719,49,0.0
ga10283,2026-01-15,720,50,0.0
ga10283,2026-01-16,721,51,0.0
ga10283,2026-01-17,722,52,0.01
ga10283,2026-01-18,723,53,0.0
ga10283,2026-01-19,724,54,0.01
ga10283,2026-01-20,725,55,0.02
ga10283,2026-01-21,726,56,0.01
ga10283,2026-01-22,727,57,0.02
ga10283,2026-01-23,728,58,0.07
ga10283,2026-01-24,729,59,0.05
ga10283,2026-01-25,730,60,0.0
ga10283,2026-01-26,731,61,0.0
ga10283,2026-01-27,732,62,0.68
ga10283,2026-01-28,733,63,0.23
ga10283,2026-01-29,734,64,0.2
ga10283,2026-01-30,735,65,0.09
ga10283,2026-01-31,736,66,0.08
ga10283,2026-02-01,737,67,0.0
ga10283,2026-02-02,738,68,0.01
ga10283,2026-02-03,739,69,0.23
ga10283,2026-02-04,740,70,0.05
ga10283,2026-02-05,741,71,0.03
ga10283,2026-02-06,742,72,0.01
ga10283,2026-02-07,743,73,0.01
ga10283,2026-02-08,744,74,0.02
ga10283,2026-02-09,745,75,0.0
ga10283,2026-02-10,746,76,0.28
ga10283,2026-02-11,747,77,0.14
ga10283,2026-02-12,748,78,0.45
ga10283,2026-02-13,749,79,0.22
ga10283,2026-02-14,750,80,0.14
ga10283,2026-02-15,751,81,0.01
ga10283,2026-02-16,752,82,0.01
ga10283,2026-02-17,753,83,0.79
ga10283,2026-02-18,754,84,0.36
ga10283,2026-02-19,755,85,0.45
ga10283,2026-02-20,756,86,0.61
ga10283,2026-02-21,757,87,0.41
ga10283,2026-02-22,758,88,0.02
ga10283,2026-02-23,759,89,0.08
ga10283,2026-02-24,760,90,0.87
ga10283,2026-02-25,761,91,0.15
ga10283,2026-02-26,762,92,0.32
ga10283,2026-02-27,763,93,0.95
ga10283,2026-02-28,764,94,0.28
ga10283,2026-03-01,765,95,0.09
ga10283,2026-03-02,766,96,0.03
ga10283,2026-03-03,767,97,0.99
ga10283,2026-03-04,768,98,0.54
ga10283,2026-03-05,769,99,0.41
ga1028sf,2025-11-26,670,0,0.0
ga1028sf,2025-11-27,671,1,0.0
ga1028sf,2025-11-28,672,2,0.0
ga1028sf,2025-11-29,673,3,0.0
ga1028sf,2025-11-30,674,4,0.0
ga1028sf,2025-12-01,675,5,0.0
ga1028sf,2025-12-02,676,6,0.0
ga1028sf,2025-12-03,677,7,0.0
ga1028sf,2025-12-04,678,8,0.0
ga1028sf,2025-12-05,679,9,0.0
ga1028sf,2025-12-06,680,10,0.0
ga1028sf,2025-12-07,681,11,0.0
ga1028sf,2025-12-08,682,12,0.0
ga1028sf,2025-12-09,683,13,0.0
ga1028sf,2025-12-10,684,14,0.0
ga1028sf,2025-12-11,685,15,0.0
ga1028sf,2025-12-12,686,16,0.0
ga1028sf,2025-12-13,687,17,0.0
ga1028sf,2025-12-14,688,18,0.0
ga1028sf,2025-12-15,689,19,0.0
ga1028sf,2025-12-16,690,20,0.0
ga1028sf,2025-12-17,691,21,0.0
ga1028sf,2025-12-18,692,22,0.0
ga1028sf,2025-12-19,693,23,0.0
ga1028sf,2025-12-20,694,24,0.0
ga1028sf,2025-12-21,695,25,0.0
ga1028sf,2025-12-22,696,26,0.0
ga1028sf,2025-12-23,697,27,0.0
ga1028sf,2025-12-24,698,28,0.0
ga1028sf,2025-12-25,699,29,0.0
ga1028sf,2025-12-26,700,30,0.0
ga1028sf,2025-12-27,701,31,0.0
ga1028sf,2025-12-28,702,32,0.0
ga1028sf,2025-12-29,703,33,0.0
ga1028sf,2025-12-30,704,34,0.0
ga1028sf,2025-12-31,705,35,0.0
ga1028sf,2026-01-01,706,36,0.0
ga1028sf,2026-01-02,707,37,0.01
ga1028sf,2026-01-03,708,38,0.0
ga1028sf,2026-01-04,709,39,0.0
ga1028sf,2026-01-05,710,40,0.0
ga1028sf,2026-01-06,711,41,0.0
ga1028sf,2026-01-07,712,42,0.0
ga1028sf,2026-01-08,713,43,0.0
ga1028sf,2026-01-09,714,44,0.0
ga1028sf,2026-01-10,715,45,0.0
ga1028sf,2026-01-11,716,46,0.0
ga1028sf,2026-01-12,717,47,0.0
ga1028sf,2026-01-13,718,48,0.0
ga1028sf,2026-01-14,719,49,0.0
ga1028sf,2026-01-15,720,50,0.0
ga1028sf,2026-01-16,721,51,0.0
ga1028sf,2026-01-17,722,52,0.0
ga1028sf,2026-01-18,723,53,0.0
ga1028sf,2026-01-19,724,54,0.0
ga1028sf,2026-01-20,725,55,0.0
ga1028sf,2026-01-21,726,56,0.0
ga1028sf,2026-01-22,727,57,0.0
ga1028sf,2026-01-23,728,58,0.0
ga1028sf,2026-01-24,729,59,0.0
ga1028sf,2026-01-25,730,60,0.0
ga1028sf,2026-01-26,731,61,0.0
ga1028sf,2026-01-27,732,62,0.0
ga1028sf,2026-01-28,733,63,0.0
ga1028sf,2026-01-29,734,64,0.0
ga1028sf,2026-01-30,735,65,0.0
ga1028sf,2026-01-31,736,66,0.0
ga1028sf,2026-02-01,737,67,0.0
ga1028sf,2026-02-02,738,68,0.0
ga1028sf,2026-02-03,739,69,0.0
ga1028sf,2026-02-04,740,70,0.0
ga1028sf,2026-02-05,741,71,0.0
ga1028sf,2026-02-06,742,72,0.0
ga1028sf,2026-02-07,743,73,0.0
ga1028sf,2026-02-08,744,74,0.0
ga1028sf,2026-02-09,745,75,0.0
ga1028sf,2026-02-10,746,76,0.0
ga1028sf,2026-02-11,747,77,0.0
ga1028sf,2026-02-12,748,78,0.0
ga1028sf,2026-02-13,749,79,0.0
ga1028sf,2026-02-14,750,80,0.0
ga1028sf,2026-02-15,751,81,0.0
ga1028sf,2026-02-16,752,82,0.0
ga1028sf,2026-02-17,753,83,0.0
ga1028sf,2026-02-18,754,84,0.0
ga1028sf,2026-02-19,755,85,0.0
ga1028sf,2026-02-20,756,86,0.01
ga1028sf,2026-02-21,757,87,0.0
ga1028sf,2026-02-22,758,88,0.0
ga1028sf,2026-02-23,759,89,0.0
ga1028sf,2026-02-24,760,90,0.0
ga1028sf,2026-02-25,761,91,0.0
ga1028sf,2026-02-26,762,92,0.0
ga1028sf,2026-02-27,763,93,0.0
ga1028sf,2026-02-28,764,94,0.0
ga1028sf,2026-03-01,765,95,0.0
ga1028sf,2026-03-02,766,96,0.0
ga1028sf,2026-03-03,767,97,0.0
ga1028sf,2026-03-04,768,98,0.0
ga1028sf,2026-03-05,769,99,0.0
ga10291,2025-11-26,670,0,0.0
ga10291,2025-11-27,671,1,0.0
ga10291,2025-11-28,672,2,0.0
ga10291,2025-11-29,673,3,0.0
ga10291,2025-11-30,674,4,0.0
ga10291,2025-12-01,675,5,0.0
ga10291,2025-12-02,676,6,0.02
ga10291,2025-12-03,677,7,0.01
ga10291,2025-12-04,678,8,0.01
ga10291,2025-12-05,679,9,0.0
ga10291,2025-12-06,680,10,0.0
ga10291,2025-12-07,681,11,0.0
ga10291,2025-12-08,682,12,0.0
ga10291,2025-12-09,683,13,0.05
ga10291,2025-12-10,684,14,0.0
ga10291,2025-12-11,685,15,0.0
ga10291,2025-12-12,686,16,0.01
ga10291,2025-12-13,687,17,0.0
ga10291,2025-12-14,688,18,0.0
ga10291,2025-12-15,689,19,0.0
ga10291,2025-12-16,690,20,0.14
ga10291,2025-12-17,691,21,0.02
ga10291,2025-12-18,692,22,0.04
ga10291,2025-12-19,693,23,0.05
ga10291,2025-12-20,694,24,0.0
ga10291,2025-12-21,695,25,0.0
ga10291,2025-12-22,696,26,0.0
ga10291,2025-12-23,697,27,0.5
ga10291,2025-12-24,698,28,0.07
ga10291,2025-12-25,699,29,0.13
ga10291,2025-12-26,700,30,0.02
ga10291,2025-12-27,701,31,0.05
ga10291,2025-12-28,702,32,0.03
ga10291,2025-12-29,703,33,0.0
ga10291,2025-12-30,704,34,0.29
ga10291,2025-12-31,705,35,0.06
ga10291,2026-01-01,706,36,0.05
ga10291,2026-01-02,707,37,0.03
ga10291,2026-01-03,708,38,0.02
ga10291,2026-01-04,709,39,0.01
ga10291,2026-01-05,710,40,0.01
ga10291,2026-01-06,711,41,0.33
ga10291,2026-01-07,712,42,0.04
ga10291,2026-01-08,713,43,0.01
ga10291,2026-01-09,714,44,0.01
ga10291,2026-01-10,715,45,0.01
ga10291,2026-01-11,716,46,0.01
ga10291,2026-01-12,717,47,0.0
ga10291,2026-01-13,718,48,0.05
ga10291,2026-01-14,719,49,0.05
ga10291,2026-01-15,720,50,0.01
ga10291,2026-01-16,721,51,0.02
ga10291,2026-01-17,722,52,0.0
ga10291,2026-01-18,723,53,0.0
ga10291,2026-01-19,724,54,0.0
ga10291,2026-01-20,725,55,0.09
ga10291,2026-01-21,726,56,0.01
ga10291,2026-01-22,727,57,0.0
ga10291,2026-01-23,728,58,0.0
ga10291,2026-01-24,729,59,0.0
ga10291,2026-01-25,730,60,0.0
ga10291,2026-01-26,731,61,0.01
ga10291,2026-01-27,732,62,0.02
ga10291,2026-01-28,733,63,0.01
ga10291,2026-01-29,734,64,0.01
ga10291,2026-01-30,735,65,0.02
ga10291,2026-01-31,736,66,0.0
ga10291,2026-02-01,737,67,0.0
ga10291,2026-02-02,738,68,0.0
ga10291,2026-02-03,739,69,0.0
ga10291,2026-02-04,740,70,0.0
ga10291,2026-02-05,741,71,0.01
ga10291,2026-02-06,742,72,0.0
ga10291,2026-02-07,743,73,0.03
ga10291,2026-02-08,744,74,0.0
ga10291,2026-02-09,745,75,0.0
ga10291,2026-02-10,746,76,0.49
ga10291,2026-02-11,747,77,0.15
ga10291,2026-02-12,748,78,0.13
ga10291,2026-02-13,749,79,0.15
ga10291,2026-02-14,750,80,0.07
ga10291,2026-02-15,751,81,0.0
ga10291,2026-02-16,752,82,0.0
ga10291,2026-02-17,753,83,1.0
ga10291,2026-02-18,754,84,0.09
ga10291,2026-02-19,755,85,0.15
ga10291,2026-02-20,756,86,0.12
ga10291,2026-02-21,757,87,0.03
ga10291,2026-02-22,758,88,0.0
ga10291,2026-02-23,759,89,0.01
ga10291,2026-02-24,760,90,0.52
ga10291,2026-02-25,761,91,0.11
ga10291,2026-02-26,762,92,0.05
ga10291,2026-02-27,763,93,0.08
ga10291,2026-02-28,764,94,0.01
ga10291,2026-03-01,765,95,0.0
ga10291,2026-03-02,766,96,0.0
ga10291,2026-03-03,767,97,0.45
ga10291,2026-03-04,768,98,0.07
ga10291,2026-03-05,769,99,0.08
ga10292,2025-11-26,670,0,0.0
ga10292,2025-11-27,671,1,0.0
ga10292,2025-11-28,672,2,0.0
ga10292,2025-11-29,673,3,0.0
ga10292,2025-11-30,674,4,0.0
ga10292,2025-12-01,675,5,0.0
ga10292,2025-12-02,676,6,0.01
ga10292,2025-12-03,677,7,0.0
ga10292,2025-12-04,678,8,0.0
ga10292,2025-12-05,679,9,0.0
ga10292,2025-12-06,680,10,0.0
ga10292,2025-12-07,681,11,0.0
ga10292,2025-12-08,682,12,0.01
ga10292,2025-12-09,683,13,0.0
ga10292,2025-12-10,684,14,0.0
ga10292,2025-12-11,685,15,0.0
ga10292,2025-12-12,686,16,0.0
ga10292,2025-12-13,687,17,0.0
ga10292,2025-12-14,688,18,0.0
ga10292,2025-12-15,689,19,0.0
ga10292,2025-12-16,690,20,0.0
ga10292,2025-12-17,691,21,0.0
ga10292,2025-12-18,692,22,0.0
ga10292,2025-12-19,693,23,0.0
ga10292,2025-12-20,694,24,0.0
ga10292,2025-12-21,695,25,0.0
ga10292,2025-12-22,696,26,0.0
ga10292,2025-12-23,697,27,0.0
ga10292,2025-12-24,698,28,0.0
ga10292,2025-12-25,699,29,0.0
ga10292,2025-12-26,700,30,0.0
ga10292,2025-12-27,701,31,0.0
ga10292,2025-12-28,702,32,0.0
ga10292,2025-12-29,703,33,0.0
ga10292,2025-12-30,704,34,0.0
ga10292,2025-12-31,705,35,0.0
ga10292,2026-01-01,706,36,0.0
ga10292,2026-01-02,707,37,0.0
ga10292,2026-01-03,708,38,0.0
ga10292,2026-01-04,709,39,0.0
ga10292,2026-01-05,710,40,0.0
ga10292,2026-01-06,711,41,0.0
ga10292,2026-01-07,712,42,0.0
ga10292,2026-01-08,713,43,0.01
ga10292,2026-01-09,714,44,0.0
ga10292,2026-01-10,715,45,0.0
ga10292,2026-01-11,716,46,0.0
ga10292,2026-01-12,717,47,0.0
ga10292,2026-01-13,718,48,0.03
ga10292,2026-01-14,719,49,0.01
ga10292,2026-01-15,720,50,0.01
ga10292,2026-01-16,721,51,0.0
ga10292,2026-01-17,722,52,0.01
ga10292,2026-01-18,723,53,0.0
ga10292,2026-01-19,724,54,0.0
ga10292,2026-01-20,725,55,0.0
ga10292,2026-01-21,726,56,0.0
ga10292,2026-01-22,727,57,0.01
ga10292,2026-01-23,728,58,0.0
ga10292,2026-01-24,729,59,0.0
ga10292,2026-01-25,730,60,0.0
ga10292,2026-01-26,731,61,0.0
ga10292,2026-01-27,732,62,0.02
ga10292,2026-01-28,733,63,0.0
ga10292,2026-01-29,734,64,0.0
ga10292,2026-01-30,735,65,0.01
ga10292,2026-01-31,736,66,0.0
ga10292,2026-02-01,737,67,0.0
ga10292,2026-02-02,738,68,0.0
ga10292,2026-02-03,739,69,0.0
ga10292,2026-02-04,740,70,0.0
ga10292,2026-02-05,741,71,0.0
ga10292,2026-02-06,742,72,0.02
ga10292,2026-02-07,743,73,0.0
ga10292,2026-02-08,744,74,0.0
ga10292,2026-02-09,745,75,0.0
ga10292,2026-02-10,746,76,0.0
ga10292,2026-02-11,747,77,0.0
ga10292,2026-02-12,748,78,0.02
ga10292,2026-02-13,749,79,0.02
ga10292,2026-02-14,750,80,0.0
ga10292,2026-02-15,751,81,0.01
ga10292,2026-02-16,752,82,0.0
ga10292,2026-02-17,753,83,0.01
ga10292,2026-02-18,754,84,0.01
ga10292,2026-02-19,755,85,0.01
ga10292,2026-02-20,756,86,0.0
ga10292,2026-02-21,757,87,0.0
ga10292,2026-02-22,758,88,0.0
ga10292,2026-02-23,759,89,0.0
ga10292,2026-02-24,760,90,0.0
ga10292,2026-02-25,761,91,0.0
ga10292,2026-02-26,762,92,0.01
ga10292,2026-02-27,763,93,0.01
ga10292,2026-02-28,764,94,0.01
ga10292,2026-03-01,765,95,0.0
ga10292,2026-03-02,766,96,0.01
ga10292,2026-03-03,767,97,0.01
ga10292,2026-03-04,768,98,0.01
ga10292,2026-03-05,769,99,0.03
ga10293,2025-11-26,670,0,0.0
ga10293,2025-11-27,671,1,0.0
ga10293,2025-11-28,672,2,0.0
ga10293,2025-11-29,673,3,0.0
ga10293,2025-11-30,674,4,0.0
ga10293,2025-12-01,675,5,0.0
ga10293,2025-12-02,676,6,0.0
ga10293,2025-12-03,677,7,0.0
ga10293,2025-12-04,678,8,0.0
ga10293,2025-12-05,679,9,0.0
ga10293,2025-12-06,680,10,0.0
ga10293,2025-12-07,681,11,0.0
ga10293,2025-12-08,682,12,0.0
ga10293,2025-12-09,683,13,0.0
ga10293,2025-12-10,684,14,0.0
ga10293,2025-12-11,685,15,0.0
ga10293,2025-12-12,686,16,0.0
ga10293,2025-12-13,687,17,0.0
ga10293,2025-12-14,688,18,0.0
ga10293,2025-12-15,689,19,0.0
ga10293,2025-12-16,690,20,0.0
ga10293,2025-12-17,691,21,0.01
ga10293,2025-12-18,692,22,0.0
ga10293,2025-12-19,693,23,0.0
ga10293,2025-12-20,694,24,0.0
ga10293,2025-12-21,695,25,0.0
ga10293,2025-12-22,696,26,0.0
ga10293,2025-12-23,697,27,0.02
ga10293,2025-12-24,698,28,0.0
ga10293,2025-12-25,699,29,0.01
ga10293,2025-12-26,700,30,0.0
ga10293,2025-12-27,701,31,0.0
ga10293,2025-12-28,702,32,0.0
ga10293,2025-12-29,703,33,0.0
ga10293,2025-12-30,704,34,0.03
ga10293,2025-12-31,705,35,0.0
ga10293,2026-01-01,706,36,0.01
ga10293,2026-01-02,707,37,0.0
ga10293,2026-01-03,708,38,0.01
ga10293,2026-01-04,709,39,0.0
ga10293,2026-01-05,710,40,0.01
ga10293,2026-01-06,711,41,0.17
ga10293,2026-01-07,712,42,0.07
ga10293,2026-01-08,713,43,0.05
ga10293,2026-01-09,714,44,0.04
ga10293,2026-01-10,715,45,0.01
ga10293,2026-01-11,716,46,0.01
ga10293,2026-01-12,717,47,0.0
ga10293,2026-01-13,718,48,0.27
ga10293,2026-01-14,719,49,0.04
ga10293,2026-01-15,720,50,0.06
ga10293,2026-01-16,721,51,0.0
ga10293,2026-01-17,722,52,0.0
ga10293,2026-01-18,723,53,0.01
ga10293,2026-01-19,724,54,0.0
ga10293,2026-01-20,725,55,0.23
ga10293,2026-01-21,726,56,0.0
ga10293,2026-01-22,727,57,0.03
ga10293,2026-01-23,728,58,0.0
ga10293,2026-01-24,729,59,0.0
ga10293,2026-01-25,730,60,0.0
ga10293,2026-01-26,731,61,0.0
ga10293,2026-01-27,732,62,0.22
ga10293,2026-01-28,733,63,0.01
ga10293,2026-01-29,734,64,0.01
ga10293,2026-01-30,735,65,0.02
ga10293,2026-01-31,736,66,0.0
ga10293,2026-02-01,737,67,0.0
ga10293,2026-02-02,738,68,0.0
ga10293,2026-02-03,739,69,0.09
ga10293,2026-02-04,740,70,0.01
ga10293,2026-02-05,741,71,0.02
ga10293,2026-02-06,742,72,0.01
ga10293,2026-02-07,743,73,0.01
ga10293,2026-02-08,744,74,0.0
ga10293,2026-02-09,745,75,0.0
ga10293,2026-02-10,746,76,0.04
ga10293,2026-02-11,747,77,0.01
ga10293,2026-02-12,748,78,0.01
ga10293,2026-02-13,749,79,0.0
ga10293,2026-02-14,750,80,0.02
ga10293,2026-02-15,751,81,0.0
ga10293,2026-02-16,752,82,0.0
ga10293,2026-02-17,753,83,0.02
ga10293,2026-02-18,754,84,0.0
ga10293,2026-02-19,755,85,0.0
ga10293,2026-02-20,756,86,0.0
ga10293,2026-02-21,757,87,0.02
ga10293,2026-02-22,758,88,0.0
ga10293,2026-02-23,759,89,0.0
ga10293,2026-02-24,760,90,0.09
ga10293,2026-02-25,761,91,0.01
ga10293,2026-02-26,762,92,0.0
ga10293,2026-02-27,763,93,0.02
ga10293,2026-02-28,764,94,0.02
ga10293,2026-03-01,765,95,0.0
ga10293,2026-03-02,766,96,0.0
ga10293,2026-03-03,767,97,0.0
ga10293,2026-03-04,768,98,0.0
ga10293,2026-03-05,769,99,0.02
ga10301,2025-11-26,670,0,0.03
ga10301,2025-11-27,671,1,0.02
ga10301,2025-11-28,672,2,0.01
ga10301,2025-11-29,673,3,0.04
ga10301,2025-11-30,674,4,0.03
ga10301,2025-12-01,675,5,0.0
ga10301,2025-12-02,676,6,0.21
ga10301,2025-12-03,677,7,0.11
ga10301,2025-12-04,678,8,0.15
ga10301,2025-12-05,679,9,0.08
ga10301,2025-12-06,680,10,0.06
ga10301,2025-12-07,681,11,0.01
ga10301,2025-12-08,682,12,0.01
ga10301,2025-12-09,683,13,0.13
ga10301,2025-12-10,684,14,0.05
ga10301,2025-12-11,685,15,0.05
ga10301,2025-12-12,686,16,0.03
ga10301,2025-12-13,687,17,0.05
ga10301,2025-12-14,688,18,0.0
ga10301,2025-12-15,689,19,0.0
ga10301,2025-12-16,690,20,0.11
ga10301,2025-12-17,691,21,0.02
ga10301,2025-12-18,692,22,0.02
ga10301,2025-12-19,693,23,0.04
ga10301,2025-12-20,694,24,0.01
ga10301,2025-12-21,695,25,0.0
ga10301,2025-12-22,696,26,0.0
ga10301,2025-12-23,697,27,0.04
ga10301,2025-12-24,698,28,0.02
ga10301,2025-12-25,699,29,0.03
ga10301,2025-12-26,700,30,0.0
ga10301,2025-12-27,701,31,0.01
ga10301,2025-12-28,702,32,0.01
ga10301,2025-12-29,703,33,0.0
ga10301,2025-12-30,704,34,0.02
ga10301,2025-12-31,705,35,0.0
ga10301,2026-01-01,706,36,0.0
ga10301,2026-01-02,707,37,0.0
ga10301,2026-01-03,708,38,0.0
ga10301,2026-01-04,709,39,0.0
ga10301,2026-01-05,710,40,0.0
ga10301,2026-01-06,711,41,0.01
ga10301,2026-01-07,712,42,0.0
ga10301,2026-01-08,713,43,0.0
ga10301,2026-01-09,714,44,0.0
ga10301,2026-01-10,715,45,0.01
ga10301,2026-01-11,716,46,0.0
ga10301,2026-01-12,717,47,0.0
ga10301,2026-01-13,718,48,0.01
ga10301,2026-01-14,719,49,0.0
ga10301,2026-01-15,720,50,0.0
ga10301,2026-01-16,721,51,0.0
ga10301,2026-01-17,722,52,0.0
ga10301,2026-01-18,723,53,0.01
ga10301,2026-01-19,724,54,0.0
ga10301,2026-01-20,725,55,0.01
ga10301,2026-01-21,726,56,0.0
ga10301,2026-01-22,727,57,0.0
ga10301,2026-01-23,728,58,0.0
ga10301,2026-01-24,729,59,0.0
ga10301,2026-01-25,730,60,0.0
ga10301,2026-01-26,731,61,0.0
ga10301,2026-01-27,732,62,0.0
ga10301,2026-01-28,733,63,0.0
ga10301,2026-01-29,734,64,0.0
ga10301,2026-01-30,735,65,0.0
ga10301,2026-01-31,736,66,0.0
ga10301,2026-02-01,737,67,0.0
ga10301,2026-02-02,738,68,0.0
ga10301,2026-02-03,739,69,0.0
ga10301,2026-02-04,740,70,0.0
ga10301,2026-02-05,741,71,0.0
ga10301,2026-02-06,742,72,0.0
ga10301,2026-02-07,743,73,0.0
ga10301,2026-02-08,744,74,0.0
ga10301,2026-02-09,745,75,0.0
ga10301,2026-02-10,746,76,0.0
ga10301,2026-02-11,747,77,0.0
ga10301,2026-02-12,748,78,0.0
ga10301,2026-02-13,749,79,0.0
ga10301,2026-02-14,750,80,0.0
ga10301,2026-02-15,751,81,0.0
ga10301,2026-02-16,752,82,0.0
ga10301,2026-02-17,753,83,0.0
ga10301,2026-02-18,754,84,0.0
ga10301,2026-02-19,755,85,0.0
ga10301,2026-02-20,756,86,0.0
ga10301,2026-02-21,757,87,0.0
ga10301,2026-02-22,758,88,0.0
ga10301,2026-02-23,759,89,0.0
ga10301,2026-02-24,760,90,0.0
ga10301,2026-02-25,761,91,0.0
ga10301,2026-02-26,762,92,0.0
ga10301,2026-02-27,763,93,0.0
ga10301,2026-02-28,764,94,0.0
ga10301,2026-03-01,765,95,0.0
ga10301,2026-03-02,766,96,0.0
ga10301,2026-03-03,767,97,0.0
ga10301,2026-03-04,768,98,0.0
ga10301,2026-03-05,769,99,0.0
ga10302,2025-11-26,670,0,0.0
ga10302,2025-11-27,671,1,0.01
ga10302,2025-11-28,672,2,0.0
ga10302,2025-11-29,673,3,0.0
ga10302,2025-11-30,674,4,0.0
ga10302,2025-12-01,675,5,0.0
ga10302,2025-12-02,676,6,0.04
ga10302,2025-12-03,677,7,0.0
ga10302,2025-12-04,678,8,0.01
ga10302,2025-12-05,679,9,0.0
ga10302,2025-12-06,680,10,0.0
ga10302,2025-12-07,681,11,0.0
ga10302,2025-12-08,682,12,0.0
ga10302,2025-12-09,683,13,0.0
ga10302,2025-12-10,684,14,0.0
ga10302,2025-12-11,685,15,0.0
ga10302,2025-12-12,686,16,0.0
ga10302,2025-12-13,687,17,0.0
ga10302,2025-12-14,688,18,0.0
ga10302,2025-12-15,689,19,0.01
ga10302,2025-12-16,690,20,0.01
ga10302,2025-12-17,691,21,0.0
ga10302,2025-12-18,692,22,0.0
ga10302,2025-12-19,693,23,0.0
ga10302,2025-12-20,694,24,0.0
ga10302,2025-12-21,695,25,0.0
ga10302,2025-12-22,696,26,0.0
ga10302,2025-12-23,697,27,0.0
ga10302,2025-12-24,698,28,0.0
ga10302,2025-12-25,699,29,0.0
ga10302,2025-12-26,700,30,0.0
ga10302,2025-12-27,701,31,0.0
ga10302,2025-12-28,702,32,0.0
ga10302,2025-12-29,703,33,0.0
ga10302,2025-12-30,704,34,0.01
ga10302,2025-12-31,705,35,0.0
ga10302,2026-01-01,706,36,0.0
ga10302,2026-01-02,707,37,0.01
ga10302,2026-01-03,708,38,0.0
ga10302,2026-01-04,709,39,0.0
ga10302,2026-01-05,710,40,0.0
ga10302,2026-01-06,711,41,0.0
ga10302,2026-01-07,712,42,0.0
ga10302,2026-01-08,713,43,0.0
ga10302,2026-01-09,714,44,0.0
ga10302,2026-01-10,715,45,0.0
ga10302,2026-01-11,716,46,0.0
ga10302,2026-01-12,717,47,0.0
ga10302,2026-01-13,718,48,0.01
ga10302,2026-01-14,719,49,0.0
ga10302,2026-01-15,720,50,0.0
ga10302,2026-01-16,721,51,0.0
ga10302,2026-01-17,722,52,0.0
ga10302,2026-01-18,723,53,0.0
ga10302,2026-01-19,724,54,0.0
ga10302,2026-01-20,725,55,0.02
ga10302,2026-01-21,726,56,0.0
ga10302,2026-01-22,727,57,0.0
ga10302,2026-01-23,728,58,0.0
ga10302,2026-01-24,729,59,0.0
ga10302,2026-01-25,730,60,0.0
ga10302,2026-01-26,731,61,0.0
ga10302,2026-01-27,732,62,0.01
ga10302,2026-01-28,733,63,0.0
ga10302,2026-01-29,734,64,0.01
ga10302,2026-01-30,735,65,0.0
ga10302,2026-01-31,736,66,0.0
ga10302,2026-02-01,737,67,0.0
ga10302,2026-02-02,738,68,0.0
ga10302,2026-02-03,739,69,0.01
ga10302,2026-02-04,740,70,0.0
ga10302,2026-02-05,741,71,0.0
ga10302,2026-02-06,742,72,0.0
ga10302,2026-02-07,743,73,0.0
ga10302,2026-02-08,744,74,0.01
ga10302,2026-02-09,745,75,0.0
ga10302,2026-02-10,746,76,0.01
ga10302,2026-02-11,747,77,0.0
ga10302,2026-02-12,748,78,0.03
ga10302,2026-02-13,749,79,0.0
ga10302,2026-02-14,750,80,0.0
ga10302,2026-02-15,751,81,0.0
ga10302,2026-02-16,752,82,0.01
ga10302,2026-02-17,753,83,0.02
ga10302,2026-02-18,754,84,0.0
ga10302,2026-02-19,755,85,0.01
ga10302,2026-02-20,756,86,0.03
ga10302,2026-02-21,757,87,0.01
ga10302,2026-02-22,758,88,0.0
ga10302,2026-02-23,759,89,0.0
ga10302,2026-02-24,760,90,0.06
ga10302,2026-02-25,761,91,0.01
ga10302,2026-02-26,762,92,0.0
ga10302,2026-02-27,763,93,0.01
ga10302,2026-02-28,764,94,0.0
ga10302,2026-03-01,765,95,0.0
ga10302,2026-03-02,766,96,0.0
ga10302,2026-03-03,767,97,0.02
ga10302,2026-03-04,768,98,0.0
ga10302,2026-03-05,769,99,0.04
ga10303,2025-11-26,670,0,0.0
ga10303,2025-11-27,671,1,0.0
ga10303,2025-11-28,672,2,0.0
ga10303,2025-11-29,673,3,0.0
ga10303,2025-11-30,674,4,0.0
ga10303,2025-12-01,675,5,0.0
ga10303,2025-12-02,676,6,0.01
ga10303,2025-12-03,677,7,0.0
ga10303,2025-12-04,678,8,0.0
ga10303,2025-12-05,679,9,0.0
ga10303,2025-12-06,680,10,0.01
ga10303,2025-12-07,681,11,0.0
ga10303,2025-12-08,682,12,0.0
ga10303,2025-12-09,683,13,0.0
ga10303,2025-12-10,684,14,0.0
ga10303,2025-12-11,685,15,0.0
ga10303,2025-12-12,686,16,0.0
ga10303,2025-12-13,687,17,0.0
ga10303,2025-12-14,688,18,0.0
ga10303,2025-12-15,689,19,0.0
ga10303,2025-12-16,690,20,0.04
ga10303,2025-12-17,691,21,0.02
ga10303,2025-12-18,692,22,0.03
ga10303,2025-12-19,693,23,0.04
ga10303,2025-12-20,694,24,0.03
ga10303,2025-12-21,695,25,0.01
ga10303,2025-12-22,696,26,0.0
ga10303,2025-12-23,697,27,0.24
ga10303,2025-12-24,698,28,0.14
ga10303,2025-12-25,699,29,0.1
ga10303,2025-12-26,700,30,0.08
ga10303,2025-12-27,701,31,0.04
ga10303,2025-12-28,702,32,0.0
ga10303,2025-12-29,703,33,0.0
ga10303,2025-12-30,704,34,0.4
ga10303,2025-12-31,705,35,0.14
ga10303,2026-01-01,706,36,0.06
ga10303,2026-01-02,707,37,0.04
ga10303,2026-01-03,708,38,0.01
ga10303,2026-01-04,709,39,0.01
ga10303,2026-01-05,710,40,0.0
ga10303,2026-01-06,711,41,0.04
ga10303,2026-01-07,712,42,0.03
ga10303,2026-01-08,713,43,0.0
ga10303,2026-01-09,714,44,0.0
ga10303,2026-01-10,715,45,0.0
ga10303,2026-01-11,716,46,0.0
ga10303,2026-01-12,717,47,0.0
ga10303,2026-01-13,718,48,0.05
ga10303,2026-01-14,719,49,0.0
ga10303,2026-01-15,720,50,0.01
ga10303,2026-01-16,721,51,0.0
ga10303,2026-01-17,722,52,0.0
ga10303,2026-01-18,723,53,0.0
ga10303,2026-01-19,724,54,0.0
ga10303,2026-01-20,725,55,0.05
ga10303,2026-01-21,726,56,0.0
ga10303,2026-01-22,727,57,0.02
ga10303,2026-01-23,728,58,0.02
ga10303,2026-01-24,729,59,0.01
ga10303,2026-01-25,730,60,0.0
ga10303,2026-01-26,731,61,0.0
ga10303,2026-01-27,732,62,0.03
ga10303,2026-01-28,733,63,0.03
ga10303,2026-01-29,734,64,0.02
ga10303,2026-01-30,735,65,0.03
ga10303,2026-01-31,736,66,0.02
ga10303,2026-02-01,737,67,0.01
ga10303,2026-02-02,738,68,0.0
ga10303,2026-02-03,739,69,0.01
ga10303,2026-02-04,740,70,0.0
ga10303,2026-02-05,741,71,0.0
ga10303,2026-02-06,742,72,0.0
ga10303,2026-02-07,743,73,0.0
ga10303,2026-02-08,744,74,0.01
ga10303,2026-02-09,745,75,0.0
ga10303,2026-02-10,746,76,0.02
ga10303,2026-02-11,747,77,0.01
ga10303,2026-02-12,748,78,0.0
ga10303,2026-02-13,749,79,0.0
ga10303,2026-02-14,750,80,0.0
ga10303,2026-02-15,751,81,0.0
ga10303,2026-02-16,752,82,0.0
ga10303,2026-02-17,753,83,0.01
ga10303,2026-02-18,754,84,0.0
ga10303,2026-02-19,755,85,0.0
ga10303,2026-02-20,756,86,0.0
ga10303,2026-02-21,757,87,0.0
ga10303,2026-02-22,758,88,0.0
ga10303,2026-02-23,759,89,0.0
ga10303,2026-02-24,760,90,0.0
ga10303,2026-02-25,761,91,0.0
ga10303,2026-02-26,762,92,0.0
ga10303,2026-02-27,763,93,0.0
ga10303,2026-02-28,764,94,0.0
ga10303,2026-03-01,765,95,0.0
ga10303,2026-03-02,766,96,0.0
ga10303,2026-03-03,767,97,0.01
ga10303,2026-03-04,768,98,0.0
ga10303,2026-03-05,769,99,0.0
ga1030sf,2025-11-26,670,0,0.0
ga1030sf,2025-11-27,671,1,0.0
ga1030sf,2025-11-28,672,2,0.0
ga1030sf,2025-11-29,673,3,0.0
ga1030sf,2025-11-30,674,4,0.0
ga1030sf,2025-12-01,675,5,0.0
ga1030sf,2025-12-02,676,6,0.0
ga1030sf,2025-12-03,677,7,0.0
ga1030sf,2025-12-04,678,8,0.0
ga1030sf,2025-12-05,679,9,0.0
ga1030sf,2025-12-06,680,10,0.0
ga1030sf,2025-12-07,681,11,0.0
ga1030sf,2025-12-08,682,12,0.0
ga1030sf,2025-12-09,683,13,0.0
ga1030sf,2025-12-10,684,14,0.0
ga1030sf,2025-12-11,685,15,0.0
ga1030sf,2025-12-12,686,16,0.0
ga1030sf,2025-12-13,687,17,0.0
ga1030sf,2025-12-14,688,18,0.0
ga1030sf,2025-12-15,689,19,0.0
ga1030sf,2025-12-16,690,20,0.0
ga1030sf,2025-12-17,691,21,0.0
ga1030sf,2025-12-18,692,22,0.0
ga1030sf,2025-12-19,693,23,0.0
ga1030sf,2025-12-20,694,24,0.0
ga1030sf,2025-12-21,695,25,0.0
ga1030sf,2025-12-22,696,26,0.0
ga1030sf,2025-12-23,697,27,0.0
ga1030sf,2025-12-24,698,28,0.0
ga1030sf,2025-12-25,699,29,0.0
ga1030sf,2025-12-26,700,30,0.0
ga1030sf,2025-12-27,701,31,0.0
ga1030sf,2025-12-28,702,32,0.0
ga1030sf,2025-12-29,703,33,0.0
ga1030sf,2025-12-30,704,34,0.0
ga1030sf,2025-12-31,705,35,0.0
ga1030sf,2026-01-01,706,36,0.0
ga1030sf,2026-01-02,707,37,0.0
ga1030sf,2026-01-03,708,38,0.0
ga1030sf,2026-01-04,709,39,0.0
ga1030sf,2026-01-05,710,40,0.0
ga1030sf,2026-01-06,711,41,0.0
ga1030sf,2026-01-07,712,42,0.0
ga1030sf,2026-01-08,713,43,0.0
ga1030sf,2026-01-09,714,44,0.0
ga1030sf,2026-01-10,715,45,0.0
ga1030sf,2026-01-11,716,46,0.0
ga1030sf,2026-01-12,717,47,0.0
ga1030sf,2026-01-13,718,48,0.0
ga1030sf,2026-01-14,719,49,0.0
ga1030sf,2026-01-15,720,50,0.0
ga1030sf,2026-01-16,721,51,0.0
ga1030sf,2026-01-17,722,52,0.0
ga1030sf,2026-01-18,723,53,0.0
ga1030sf,2026-01-19,724,54,0.0
ga1030sf,2026-01-20,725,55,0.01
ga1030sf,2026-01-21,726,56,0.0
ga1030sf,2026-01-22,727,57,0.0
ga1030sf,2026-01-23,728,58,0.0
ga1030sf,2026-01-24,729,59,0.0
ga1030sf,2026-01-25,730,60,0.0
ga1030sf,2026-01-26,731,61,0.0
ga1030sf,2026-01-27,732,62,0.0
ga1030sf,2026-01-28,733,63,0.0
ga1030sf,2026-01-29,734,64,0.01
ga1030sf,2026-01-30,735,65,0.0
ga1030sf,2026-01-31,736,66,0.0
ga1030sf,2026-02-01,737,67,0.0
ga1030sf,2026-02-02,738,68,0.0
ga1030sf,2026-02-03,739,69,0.0
ga1030sf,2026-02-04,740,70,0.0
ga1030sf,2026-02-05,741,71,0.0
ga1030sf,2026-02-06,742,72,0.0
ga1030sf,2026-02-07,743,73,0.0
ga1030sf,2026-02-08,744,74,0.0
ga1030sf,2026-02-09,745,75,0.0
ga1030sf,2026-02-10,746,76,0.0
ga1030sf,2026-02-11,747,77,0.0
ga1030sf,2026-02-12,748,78,0.0
ga1030sf,2026-02-13,749,79,0.0
ga1030sf,2026-02-14,750,80,0.0
ga1030sf,2026-02-15,751,81,0.0
ga1030sf,2026-02-16,752,82,0.0
ga1030sf,2026-02-17,753,83,0.0
ga1030sf,2026-02-18,754,84,0.0
ga1030sf,2026-02-19,755,85,0.0
ga1030sf,2026-02-20,756,86,0.0
ga1030sf,2026-02-21,757,87,0.0
ga1030sf,2026-02-22,758,88,0.0
ga1030sf,2026-02-23,759,89,0.0
ga1030sf,2026-02-24,760,90,0.0
ga1030sf,2026-02-25,761,91,0.0
ga1030sf,2026-02-26,762,92,0.0
ga1030sf,2026-02-27,763,93,0.0
ga1030sf,2026-02-28,764,94,0.0
ga1030sf,2026-03-01,765,95,0.0
ga1030sf,2026-03-02,766,96,0.0
ga1030sf,2026-03-03,767,97,0.0
ga1030sf,2026-03-04,768,98,0.0
ga1030sf,2026-03-05,769,99,0.01
ga10311,2025-11-26,670,0,0.34
ga10311,2025-11-27,671,1,0.26
ga10311,2025-11-28,672,2,0.16
ga10311,2025-11-29,673,3,0.12
ga10311,2025-11-30,674,4,0.09
ga10311,2025-12-01,675,5,0.12
ga10311,2025-12-02,676,6,1.19
ga10311,2025-12-03,677,7,0.78
ga10311,2025-12-04,678,8,1.13
ga10311,2025-12-05,679,9,1.03
ga10311,2025-12-06,680,10,0.81
ga10311,2025-12-07,681,11,0.12
ga10311,2025-12-08,682,12,0.05
ga10311,2025-12-09,683,13,0.55
ga10311,2025-12-10,684,14,0.07
ga10311,2025-12-11,685,15,0.17
ga10311,2025-12-12,686,16,0.1
ga10311,2025-12-13,687,17,0.07
ga10311,2025-12-14,688,18,0.01
ga10311,2025-12-15,689,19,0.01
ga10311,2025-12-16,690,20,0.23
ga10311,2025-12-17,691,21,0.13
ga10311,2025-12-18,692,22,0.11
ga10311,2025-12-19,693,23,0.12
ga10311,2025-12-20,694,24,0.08
ga10311,2025-12-21,695,25,0.01
ga10311,2025-12-22,696,26,0.0
ga10311,2025-12-23,697,27,0.49
ga10311,2025-12-24,698,28,0.13
ga10311,2025-12-25,699,29,0.08
ga10311,2025-12-26,700,30,0.39
ga10311,2025-12-27,701,31,0.39
ga10311,2025-12-28,702,32,0.04
ga10311,2025-12-29,703,33,0.01
ga10311,2025-12-30,704,34,1.01
ga10311,2025-12-31,705,35,0.22
ga10311,2026-01-01,706,36,0.36
ga10311,2026-01-02,707,37,0.3
ga10311,2026-01-03,708,38,0.33
ga10311,2026-01-04,709,39,0.03
ga10311,2026-01-05,710,40,0.02
ga10311,2026-01-06,711,41,0.42
ga10311,2026-01-07,712,42,0.19
ga10311,2026-01-08,713,43,0.24
ga10311,2026-01-09,714,44,0.34
ga10311,2026-01-10,715,45,0.41
ga10311,2026-01-11,716,46,0.07
ga10311,2026-01-12,717,47,0.08
ga10311,2026-01-13,718,48,0.87
ga10311,2026-01-14,719,49,0.31
ga10311,2026-01-15,720,50,0.35
ga10311,2026-01-16,721,51,0.3
ga10311,2026-01-17,722,52,0.46
ga10311,2026-01-18,723,53,0.1
ga10311,2026-01-19,724,54,0.07
ga10311,2026-01-20,725,55,1.72
ga10311,2026-01-21,726,56,0.48
ga10311,2026-01-22,727,57,0.43
ga10311,2026-01-23,728,58,0.2
ga10311,2026-01-24,729,59,0.29
ga10311,2026-01-25,730,60,0.07
ga10311,2026-01-26,731,61,0.1
ga10311,2026-01-27,732,62,1.16
ga10311,2026-01-28,733,63,0.33
ga10311,2026-01-29,734,64,0.47
ga10311,2026-01-30,735,65,0.69
ga10311,2026-01-31,736,66,0.57
ga10311,2026-02-01,737,67,0.07
ga10311,2026-02-02,738,68,0.06
ga10311,2026-02-03,739,69,1.54
ga10311,2026-02-04,740,70,0.83
ga10311,2026-02-05,741,71,0.51
ga10311,2026-02-06,742,72,0.68
ga10311,2026-02-07,743,73,0.68
ga10311,2026-02-08,744,74,0.04
ga10311,2026-02-09,745,75,0.03
ga10311,2026-02-10,746,76,2.49
ga10311,2026-02-11,747,77,0.8
ga10311,2026-02-12,748,78,0.57
ga10311,2026-02-13,749,79,0.53
ga10311,2026-02-14,750,80,0.76
ga10311,2026-02-15,751,81,0.05
ga10311,2026-02-16,752,82,0.02
ga10311,2026-02-17,753,83,2.78
ga10311,2026-02-18,754,84,0.86
ga10311,2026-02-19,755,85,0.66
ga10311,2026-02-20,756,86,1.01
ga10311,2026-02-21,757,87,0.8
ga10311,2026-02-22,758,88,0.06
ga10311,2026-02-23,759,89,0.07
ga10311,2026-02-24,760,90,2.35
ga10311,2026-02-25,761,91,0.95
ga10311,2026-02-26,762,92,0.94
ga10311,2026-02-27,763,93,0.77
ga10311,2026-02-28,764,94,0.76
ga10311,2026-03-01,765,95,0.06
ga10311,2026-03-02,766,96,0.05
ga10311,2026-03-03,767,97,2.35
ga10311,2026-03-04,768,98,1.0
ga10311,2026-03-05,769,99,0.96
ga10312,2025-11-26,670,0,0.0
ga10312,2025-11-27,671,1,0.01
ga10312,2025-11-28,672,2,0.0
ga10312,2025-11-29,673,3,0.02
ga10312,2025-11-30,674,4,0.0
ga10312,2025-12-01,675,5,0.0
ga10312,2025-12-02,676,6,0.06
ga10312,2025-12-03,677,7,0.05
ga10312,2025-12-04,678,8,0.0
ga10312,2025-12-05,679,9,0.04
ga10312,2025-12-06,680,10,0.0
ga10312,2025-12-07,681,11,0.0
ga10312,2025-12-08,682,12,0.0
ga10312,2025-12-09,683,13,0.01
ga10312,2025-12-10,684,14,0.01
ga10312,2025-12-11,685,15,0.01
ga10312,2025-12-12,686,16,0.0
ga10312,2025-12-13,687,17,0.0
ga10312,2025-12-14,688,18,0.01
ga10312,2025-12-15,689,19,0.0
ga10312,2025-12-16,690,20,0.07
ga10312,2025-12-17,691,21,0.01
ga10312,2025-12-18,692,22,0.02
ga10312,2025-12-19,693,23,0.0
ga10312,2025-12-20,694,24,0.01
ga10312,2025-12-21,695,25,0.0
ga10312,2025-12-22,696,26,0.0
ga10312,2025-12-23,697,27,0.15
ga10312,2025-12-24,698,28,0.02
ga10312,2025-12-25,699,29,0.04
ga10312,2025-12-26,700,30,0.09
ga10312,2025-12-27,701,31,0.01
ga10312,2025-12-28,702,32,0.0
ga10312,2025-12-29,703,33,0.0
ga10312,2025-12-30,704,34,0.2
ga10312,2025-12-31,705,35,0.04
ga10312,2026-01-01,706,36,0.02
ga10312,2026-01-02,707,37,0.0
ga10312,2026-01-03,708,38,0.02
ga10312,2026-01-04,709,39,0.0
ga10312,2026-01-05,710,40,0.0
ga10312,2026-01-06,711,41,0.36
ga10312,2026-01-07,712,42,0.23
ga10312,2026-01-08,713,43,0.18
ga10312,2026-01-09,714,44,0.08
ga10312,2026-01-10,715,45,0.01
ga10312,2026-01-11,716,46,0.0
ga10312,2026-01-12,717,47,0.0
ga10312,2026-01-13,718,48,0.16
ga10312,2026-01-14,719,49,0.07
ga10312,2026-01-15,720,50,0.06
ga10312,2026-01-16,721,51,0.02
ga10312,2026-01-17,722,52,0.0
ga10312,2026-01-18,723,53,0.0
ga10312,2026-01-19,724,54,0.0
ga10312,2026-01-20,725,55,0.18
ga10312,2026-01-21,726,56,0.12
ga10312,2026-01-22,727,57,0.09
ga10312,2026-01-23,728,58,0.13
ga10312,2026-01-24,729,59,0.02
ga10312,2026-01-25,730,60,0.0
ga10312,2026-01-26,731,61,0.01
ga10312,2026-01-27,732,62,0.54
ga10312,2026-01-28,733,63,0.24
ga10312,2026-01-29,734,64,0.15
ga10312,2026-01-30,735,65,0.13
ga10312,2026-01-31,736,66,0.06
ga10312,2026-02-01,737,67,0.0
ga10312,2026-02-02,738,68,0.0
ga10312,2026-02-03,739,69,0.15
ga10312,2026-02-04,740,70,0.06
ga10312,2026-02-05,741,71,0.04
ga10312,2026-02-06,742,72,0.07
ga10312,2026-02-07,743,73,0.04
ga10312,2026-02-08,744,74,0.0
ga10312,2026-02-09,745,75,0.0
ga10312,2026-02-10,746,76,0.24
ga10312,2026-02-11,747,77,0.01
ga10312,2026-02-12,748,78,0.04
ga10312,2026-02-13,749,79,0.03
ga10312,2026-02-14,750,80,0.06
ga10312,2026-02-15,751,81,0.0
ga10312,2026-02-16,752,82,0.0
ga10312,2026-02-17,753,83,0.14
ga10312,2026-02-18,754,84,0.03
ga10312,2026-02-19,755,85,0.03
ga10312,2026-02-20,756,86,0.03
ga10312,2026-02-21,757,87,0.06
ga10312,2026-02-22,758,88,0.0
ga10312,2026-02-23,759,89,0.0
ga10312,2026-02-24,760,90,0.24
ga10312,2026-02-25,761,91,0.06
ga10312,2026-02-26,762,92,0.08
ga10312,2026-02-27,763,93,0.05
ga10312,2026-02-28,764,94,0.04
ga10312,2026-03-01,765,95,0.0
ga10312,2026-03-02,766,96,0.0
ga10312,2026-03-03,767,97,0.19
ga10312,2026-03-04,768,98,0.05
ga10312,2026-03-05,769,99,0.05
ga10313,2025-11-26,670,0,0.4
ga10313,2025-11-27,671,1,0.3
ga10313,2025-11-28,672,2,0.12
ga10313,2025-11-29,673,3,0.12
ga10313,2025-11-30,674,4,0.02
ga10313,2025-12-01,675,5,0.02
ga10313,2025-12-02,676,6,0.63
ga10313,2025-12-03,677,7,0.61
ga10313,2025-12-04,678,8,0.59
ga10313,2025-12-05,679,9,0.23
ga10313,2025-12-06,680,10,0.13
ga10313,2025-12-07,681,11,0.0
ga10313,2025-12-08,682,12,0.0
ga10313,2025-12-09,683,13,0.15
ga10313,2025-12-10,684,14,0.1
ga10313,2025-12-11,685,15,0.04
ga10313,2025-12-12,686,16,0.02
ga10313,2025-12-13,687,17,0.0
ga10313,2025-12-14,688,18,0.0
ga10313,2025-12-15,689,19,0.0
ga10313,2025-12-16,690,20,0.08
ga10313,2025-12-17,691,21,0.03
ga10313,2025-12-18,692,22,0.05
ga10313,2025-12-19,693,23,0.0
ga10313,2025-12-20,694,24,0.02
ga10313,2025-12-21,695,25,0.0
ga10313,2025-12-22,696,26,0.0
ga10313,2025-12-23,697,27,0.09
ga10313,2025-12-24,698,28,0.01
ga10313,2025-12-25,699,29,0.03
ga10313,2025-12-26,700,30,0.07
ga10313,2025-12-27,701,31,0.0
ga10313,2025-12-28,702,32,0.0
ga10313,2025-12-29,703,33,0.0
ga10313,2025-12-30,704,34,0.16
ga10313,2025-12-31,705,35,0.02
ga10313,2026-01-01,706,36,0.04
ga10313,2026-01-02,707,37,0.03
ga10313,2026-01-03,708,38,0.03
ga10313,2026-01-04,709,39,0.0
ga10313,2026-01-05,710,40,0.0
ga10313,2026-01-06,711,41,0.34
ga10313,2026-01-07,712,42,0.26
ga10313,2026-01-08,713,43,0.3
ga10313,2026-01-09,714,44,0.17
ga10313,2026-01-10,715,45,0.12
ga10313,2026-01-11,716,46,0.02
ga10313,2026-01-12,717,47,0.03
ga10313,2026-01-13,718,48,0.42
ga10313,2026-01-14,719,49,0.29
ga10313,2026-01-15,720,50,0.44
ga10313,2026-01-16,721,51,0.21
ga10313,2026-01-17,722,52,0.05
ga10313,2026-01-18,723,53,0.01
ga10313,2026-01-19,724,54,0.02
ga10313,2026-01-20,725,55,0.08
ga10313,2026-01-21,726,56,0.11
ga10313,2026-01-22,727,57,0.08
ga10313,2026-01-23,728,58,0.1
ga10313,2026-01-24,729,59,0.0
ga10313,2026-01-25,730,60,0.0
ga10313,2026-01-26,731,61,0.0
ga10313,2026-01-27,732,62,0.21
ga10313,2026-01-28,733,63,0.06
ga10313,2026-01-29,734,64,0.14
ga10313,2026-01-30,735,65,0.03
ga10313,2026-01-31,736,66,0.01
ga10313,2026-02-01,737,67,0.01
ga10313,2026-02-02,738,68,0.0
ga10313,2026-02-03,739,69,0.11
ga10313,2026-02-04,740,70,0.06
ga10313,2026-02-05,741,71,0.11
ga10313,2026-02-06,742,72,0.09
ga10313,2026-02-07,743,73,0.05
ga10313,2026-02-08,744,74,0.01
ga10313,2026-02-09,745,75,0.0
ga10313,2026-02-10,746,76,0.5
ga10313,2026-02-11,747,77,0.21
ga10313,2026-02-12,748,78,0.26
ga10313,2026-02-13,749,79,0.31
ga10313,2026-02-14,750,80,0.26
ga10313,2026-02-15,751,81,0.04
ga10313,2026-02-16,752,82,0.0
ga10313,2026-02-17,753,83,0.44
ga10313,2026-02-18,754,84,0.43
ga10313,2026-02-19,755,85,0.49
ga10313,2026-02-20,756,86,0.78
ga10313,2026-02-21,757,87,0.51
ga10313,2026-02-22,758,88,0.09
ga10313,2026-02-23,759,89,0.06
ga10313,2026-02-24,760,90,0.98
ga10313,2026-02-25,761,91,0.94
ga10313,2026-02-26,762,92,0.94
ga10313,2026-02-27,763,93,0.78
ga10313,2026-02-28,764,94,0.43
ga10313,2026-03-01,765,95,0.05
ga10313,2026-03-02,766,96,0.0
ga10313,2026-03-03,767,97,0.41
ga10313,2026-03-04,768,98,0.25
ga10313,2026-03-05,769,99,0.26
ga1031sf,2025-11-26,670,0,0.0
ga1031sf,2025-11-27,671,1,0.0
ga1031sf,2025-11-28,672,2,0.0
ga1031sf,2025-11-29,673,3,0.0
ga1031sf,2025-11-30,674,4,0.0
ga1031sf,2025-12-01,675,5,0.0
ga1031sf,2025-12-02,676,6,0.0
ga1031sf,2025-12-03,677,7,0.0
ga1031sf,2025-12-04,678,8,0.0
ga1031sf,2025-12-05,679,9,0.0
ga1031sf,2025-12-06,680,10,0.0
ga1031sf,2025-12-07,681,11,0.0
ga1031sf,2025-12-08,682,12,0.01
ga1031sf,2025-12-09,683,13,0.0
ga1031sf,2025-12-10,684,14,0.0
ga1031sf,2025-12-11,685,15,0.0
ga1031sf,2025-12-12,686,16,0.0
ga1031sf,2025-12-13,687,17,0.0
ga1031sf,2025-12-14,688,18,0.0
ga1031sf,2025-12-15,689,19,0.0
ga1031sf,2025-12-16,690,20,0.0
ga1031sf,2025-12-17,691,21,0.0
ga1031sf,2025-12-18,692,22,0.0
ga1031sf,2025-12-19,693,23,0.0
ga1031sf,2025-12-20,694,24,0.0
ga1031sf,2025-12-21,695,25,0.0
ga1031sf,2025-12-22,696,26,0.01
ga1031sf,2025-12-23,697,27,0.0
ga1031sf,2025-12-24,698,28,0.0
ga1031sf,2025-12-25,699,29,0.0
ga1031sf,2025-12-26,700,30,0.0
ga1031sf,2025-12-27,701,31,0.0
ga1031sf,2025-12-28,702,32,0.0
ga1031sf,2025-12-29,703,33,0.0
ga1031sf,2025-12-30,704,34,0.0
ga1031sf,2025-12-31,705,35,0.0
ga1031sf,2026-01-01,706,36,0.0
ga1031sf,2026-01-02,707,37,0.0
ga1031sf,2026-01-03,708,38,0.0
ga1031sf,2026-01-04,709,39,0.0
ga1031sf,2026-01-05,710,40,0.0
ga1031sf,2026-01-06,711,41,0.01
ga1031sf,2026-01-07,712,42,0.0
ga1031sf,2026-01-08,713,43,0.0
ga1031sf,2026-01-09,714,44,0.0
ga1031sf,2026-01-10,715,45,0.0
ga1031sf,2026-01-11,716,46,0.0
ga1031sf,2026-01-12,717,47,0.01
ga1031sf,2026-01-13,718,48,0.01
ga1031sf,2026-01-14,719,49,0.0
ga1031sf,2026-01-15,720,50,0.0
ga1031sf,2026-01-16,721,51,0.0
ga1031sf,2026-01-17,722,52,0.0
ga1031sf,2026-01-18,723,53,0.01
ga1031sf,2026-01-19,724,54,0.0
ga1031sf,2026-01-20,725,55,0.0
ga1031sf,2026-01-21,726,56,0.0
ga1031sf,2026-01-22,727,57,0.0
ga1031sf,2026-01-23,728,58,0.0
ga1031sf,2026-01-24,729,59,0.0
ga1031sf,2026-01-25,730,60,0.0
ga1031sf,2026-01-26,731,61,0.0
ga1031sf,2026-01-27,732,62,0.02
ga1031sf,2026-01-28,733,63,0.01
ga1031sf,2026-01-29,734,64,0.0
ga1031sf,2026-01-30,735,65,0.0
ga1031sf,2026-01-31,736,66,0.0
ga1031sf,2026-02-01,737,67,0.0
ga1031sf,2026-02-02,738,68,0.0
ga1031sf,2026-02-03,739,69,0.0
ga1031sf,2026-02-04,740,70,0.0
ga1031sf,2026-02-05,741,71,0.0
ga1031sf,2026-02-06,742,72,0.0
ga1031sf,2026-02-07,743,73,0.01
ga1031sf,2026-02-08,744,74,0.01
ga1031sf,2026-02-09,745,75,0.0
ga1031sf,2026-02-10,746,76,0.0
ga1031sf,2026-02-11,747,77,0.0
ga1031sf,2026-02-12,748,78,0.0
ga1031sf,2026-02-13,749,79,0.02
ga1031sf,2026-02-14,750,80,0.01
ga1031sf,2026-02-15,751,81,0.01
ga1031sf,2026-02-16,752,82,0.0
ga1031sf,2026-02-17,753,83,0.01
ga1031sf,2026-02-18,754,84,0.01
ga1031sf,2026-02-19,755,85,0.0
ga1031sf,2026-02-20,756,86,0.0
ga1031sf,2026-02-21,757,87,0.0
ga1031sf,2026-02-22,758,88,0.0
ga1031sf,2026-02-23,759,89,0.0
ga1031sf,2026-02-24,760,90,0.02
ga1031sf,2026-02-25,761,91,0.01
ga1031sf,2026-02-26,762,92,0.02
ga1031sf,2026-02-27,763,93,0.02
ga1031sf,2026-02-28,764,94,0.01
ga1031sf,2026-03-01,765,95,0.01
ga1031sf,2026-03-02,766,96,0.01
ga1031sf,2026-03-03,767,97,0.04
ga1031sf,2026-03-04,768,98,0.01
ga1031sf,2026-03-05,769,99,0.02
ga10321,2025-11-26,670,0,0.03
ga10321,2025-11-27,671,1,0.0
ga10321,2025-11-28,672,2,0.03
ga10321,2025-11-29,673,3,0.0
ga10321,2025-11-30,674,4,0.0
ga10321,2025-12-01,675,5,0.0
ga10321,2025-12-02,676,6,0.26
ga10321,2025-12-03,677,7,0.13
ga10321,2025-12-04,678,8,0.18
ga10321,2025-12-05,679,9,0.16
ga10321,2025-12-06,680,10,0.1
ga10321,2025-12-07,681,11,0.0
ga10321,2025-12-08,682,12,0.0
ga10321,2025-12-09,683,13,0.06
ga10321,2025-12-10,684,14,0.0
ga10321,2025-12-11,685,15,0.01
ga10321,2025-12-12,686,16,0.0
ga10321,2025-12-13,687,17,0.0
ga10321,2025-12-14,688,18,0.0
ga10321,2025-12-15,689,19,0.0
ga10321,2025-12-16,690,20,0.0
ga10321,2025-12-17,691,21,0.0
ga10321,2025-12-18,692,22,0.0
ga10321,2025-12-19,693,23,0.0
ga10321,2025-12-20,694,24,0.0
ga10321,2025-12-21,695,25,0.0
ga10321,2025-12-22,696,26,0.0
ga10321,2025-12-23,697,27,0.0
ga10321,2025-12-24,698,28,0.0
ga10321,2025-12-25,699,29,0.0
ga10321,2025-12-26,700,30,0.0
ga10321,2025-12-27,701,31,0.0
ga10321,2025-12-28,702,32,0.0
ga10321,2025-12-29,703,33,0.0
ga10321,2025-12-30,704,34,0.0
ga10321,2025-12-31,705,35,0.0
ga10321,2026-01-01,706,36,0.0
ga10321,2026-01-02,707,37,0.01
ga10321,2026-01-03,708,38,0.0
ga10321,2026-01-04,709,39,0.0
ga10321,2026-01-05,710,40,0.0
ga10321,2026-01-06,711,41,0.02
ga10321,2026-01-07,712,42,0.0
ga10321,2026-01-08,713,43,0.0
ga10321,2026-01-09,714,44,0.0
ga10321,2026-01-10,715,45,0.0
ga10321,2026-01-11,716,46,0.0
ga10321,2026-01-12,717,47,0.0
ga10321,2026-01-13,718,48,0.03
ga10321,2026-01-14,719,49,0.0
ga10321,2026-01-15,720,50,0.0
ga10321,2026-01-16,721,51,0.0
ga10321,2026-01-17,722,52,0.0
ga10321,2026-01-18,723,53,0.0
ga10321,2026-01-19,724,54,0.0
ga10321,2026-01-20,725,55,0.01
ga10321,2026-01-21,726,56,0.0
ga10321,2026-01-22,727,57,0.0
ga10321,2026-01-23,728,58,0.0
ga10321,2026-01-24,729,59,0.0
ga10321,2026-01-25,730,60,0.0
ga10321,2026-01-26,731,61,0.0
ga10321,2026-01-27,732,62,0.01
ga10321,2026-01-28,733,63,0.01
ga10321,2026-01-29,734,64,0.0
ga10321,2026-01-30,735,65,0.0
ga10321,2026-01-31,736,66,0.0
ga10321,2026-02-01,737,67,0.0
ga10321,2026-02-02,738,68,0.01
ga10321,2026-02-03,739,69,0.0
ga10321,2026-02-04,740,70,0.0
ga10321,2026-02-05,741,71,0.0
ga10321,2026-02-06,742,72,0.0
ga10321,2026-02-07,743,73,0.01
ga10321,2026-02-08,744,74,0.0
ga10321,2026-02-09,745,75,0.0
ga10321,2026-02-10,746,76,0.0
ga10321,2026-02-11,747,77,0.0
ga10321,2026-02-12,748,78,0.0
ga10321,2026-02-13,749,79,0.0
ga10321,2026-02-14,750,80,0.0
ga10321,2026-02-15,751,81,0.0
ga10321,2026-02-16,752,82,0.0
ga10321,2026-02-17,753,83,0.0
ga10321,2026-02-18,754,84,0.0
ga10321,2026-02-19,755,85,0.01
ga10321,2026-02-20,756,86,0.0
ga10321,2026-02-21,757,87,0.0
ga10321,2026-02-22,758,88,0.01
ga10321,2026-02-23,759,89,0.0
ga10321,2026-02-24,760,90,0.02
ga10321,2026-02-25,761,91,0.04
ga10321,2026-02-26,762,92,0.08
ga10321,2026-02-27,763,93,0.2
ga10321,2026-02-28,764,94,0.28
ga10321,2026-03-01,765,95,0.13
ga10321,2026-03-02,766,96,0.07
ga10321,2026-03-03,767,97,0.82
ga10321,2026-03-04,768,98,0.4
ga10321,2026-03-05,769,99,0.34
ga10322,2025-11-26,670,0,0.0
ga10322,2025-11-27,671,1,0.0
ga10322,2025-11-28,672,2,0.01
ga10322,2025-11-29,673,3,0.0
ga10322,2025-11-30,674,4,0.0
ga10322,2025-12-01,675,5,0.0
ga10322,2025-12-02,676,6,0.03
ga10322,2025-12-03,677,7,0.05
ga10322,2025-12-04,678,8,0.01
ga10322,2025-12-05,679,9,0.01
ga10322,2025-12-06,680,10,0.0
ga10322,2025-12-07,681,11,0.0
ga10322,2025-12-08,682,12,0.0
ga10322,2025-12-09,683,13,0.04
ga10322,2025-12-10,684,14,0.01
ga10322,2025-12-11,685,15,0.0
ga10322,2025-12-12,686,16,0.0
ga10322,2025-12-13,687,17,0.0
ga10322,2025-12-14,688,18,0.0
ga10322,2025-12-15,689,19,0.0
ga10322,2025-12-16,690,20,0.0
ga10322,2025-12-17,691,21,0.0
ga10322,2025-12-18,692,22,0.0
ga10322,2025-12-19,693,23,0.0
ga10322,2025-12-20,694,24,0.0
ga10322,2025-12-21,695,25,0.0
ga10322,2025-12-22,696,26,0.0
ga10322,2025-12-23,697,27,0.0
ga10322,2025-12-24,698,28,0.0
ga10322,2025-12-25,699,29,0.0
ga10322,2025-12-26,700,30,0.0
ga10322,2025-12-27,701,31,0.0
ga10322,2025-12-28,702,32,0.0
ga10322,2025-12-29,703,33,0.0
ga10322,2025-12-30,704,34,0.0
ga10322,2025-12-31,705,35,0.0
ga10322,2026-01-01,706,36,0.0
ga10322,2026-01-02,707,37,0.0
ga10322,2026-01-03,708,38,0.0
ga10322,2026-01-04,709,39,0.0
ga10322,2026-01-05,710,40,0.0
ga10322,2026-01-06,711,41,0.0
ga10322,2026-01-07,712,42,0.0
ga10322,2026-01-08,713,43,0.0
ga10322,2026-01-09,714,44,0.0
ga10322,2026-01-10,715,45,0.0
ga10322,2026-01-11,716,46,0.0
ga10322,2026-01-12,717,47,0.0
ga10322,2026-01-13,718,48,0.0
ga10322,2026-01-14,719,49,0.0
ga10322,2026-01-15,720,50,0.0
ga10322,2026-01-16,721,51,0.0
ga10322,2026-01-17,722,52,0.0
ga10322,2026-01-18,723,53,0.0
ga10322,2026-01-19,724,54,0.0
ga10322,2026-01-20,725,55,0.0
ga10322,2026-01-21,726,56,0.01
ga10322,2026-01-22,727,57,0.0
ga10322,2026-01-23,728,58,0.0
ga10322,2026-01-24,729,59,0.0
ga10322,2026-01-25,730,60,0.0
ga10322,2026-01-26,731,61,0.0
ga10322,2026-01-27,732,62,0.0
ga10322,2026-01-28,733,63,0.0
ga10322,2026-01-29,734,64,0.0
ga10322,2026-01-30,735,65,0.0
ga10322,2026-01-31,736,66,0.01
ga10322,2026-02-01,737,67,0.0
ga10322,2026-02-02,738,68,0.0
ga10322,2026-02-03,739,69,0.0
ga10322,2026-02-04,740,70,0.0
ga10322,2026-02-05,741,71,0.0
ga10322,2026-02-06,742,72,0.0
ga10322,2026-02-07,743,73,0.0
ga10322,2026-02-08,744,74,0.01
ga10322,2026-02-09,745,75,0.0
ga10322,2026-02-10,746,76,0.0
ga10322,2026-02-11,747,77,0.0
ga10322,2026-02-12,748,78,0.0
ga10322,2026-02-13,749,79,0.0
ga10322,2026-02-14,750,80,0.0
ga10322,2026-02-15,751,81,0.0
ga10322,2026-02-16,752,82,0.0
ga10322,2026-02-17,753,83,0.0
ga10322,2026-02-18,754,84,0.01
ga10322,2026-02-19,755,85,0.0
ga10322,2026-02-20,756,86,0.0
ga10322,2026-02-21,757,87,0.0
ga10322,2026-02-22,758,88,0.0
ga10322,2026-02-23,759,89,0.0
ga10322,2026-02-24,760,90,0.01
ga10322,2026-02-25,761,91,0.01
ga10322,2026-02-26,762,92,0.01
ga10322,2026-02-27,763,93,0.0
ga10322,2026-02-28,764,94,0.01
ga10322,2026-03-01,765,95,0.0
ga10322,2026-03-02,766,96,0.0
ga10322,2026-03-03,767,97,0.01
ga10322,2026-03-04,768,98,0.01
ga10322,2026-03-05,769,99,0.01
ga10323,2025-11-26,670,0,0.0
ga10323,2025-11-27,671,1,0.0
ga10323,2025-11-28,672,2,0.0
ga10323,2025-11-29,673,3,0.0
ga10323,2025-11-30,674,4,0.0
ga10323,2025-12-01,675,5,0.0
ga10323,2025-12-02,676,6,0.0
ga10323,2025-12-03,677,7,0.0
ga10323,2025-12-04,678,8,0.0
ga10323,2025-12-05,679,9,0.0
ga10323,2025-12-06,680,10,0.0
ga10323,2025-12-07,681,11,0.0
ga10323,2025-12-08,682,12,0.0
ga10323,2025-12-09,683,13,0.0
ga10323,2025-12-10,684,14,0.0
ga10323,2025-12-11,685,15,0.0
ga10323,2025-12-12,686,16,0.0
ga10323,2025-12-13,687,17,0.0
ga10323,2025-12-14,688,18,0.0
ga10323,2025-12-15,689,19,0.0
ga10323,2025-12-16,690,20,0.0
ga10323,2025-12-17,691,21,0.0
ga10323,2025-12-18,692,22,0.0
ga10323,2025-12-19,693,23,0.0
ga10323,2025-12-20,694,24,0.0
ga10323,2025-12-21,695,25,0.0
ga10323,2025-12-22,696,26,0.0
ga10323,2025-12-23,697,27,0.0
ga10323,2025-12-24,698,28,0.0
ga10323,2025-12-25,699,29,0.0
ga10323,2025-12-26,700,30,0.0
ga10323,2025-12-27,701,31,0.0
ga10323,2025-12-28,702,32,0.0
ga10323,2025-12-29,703,33,0.0
ga10323,2025-12-30,704,34,0.0
ga10323,2025-12-31,705,35,0.0
ga10323,2026-01-01,706,36,0.0
ga10323,2026-01-02,707,37,0.0
ga10323,2026-01-03,708,38,0.0
ga10323,2026-01-04,709,39,0.0
ga10323,2026-01-05,710,40,0.0
ga10323,2026-01-06,711,41,0.0
ga10323,2026-01-07,712,42,0.0
ga10323,2026-01-08,713,43,0.0
ga10323,2026-01-09,714,44,0.0
ga10323,2026-01-10,715,45,0.0
ga10323,2026-01-11,716,46,0.0
ga10323,2026-01-12,717,47,0.0
ga10323,2026-01-13,718,48,0.0
ga10323,2026-01-14,719,49,0.0
ga10323,2026-01-15,720,50,0.0
ga10323,2026-01-16,721,51,0.0
ga10323,2026-01-17,722,52,0.0
ga10323,2026-01-18,723,53,0.0
ga10323,2026-01-19,724,54,0.0
ga10323,2026-01-20,725,55,0.0
ga10323,2026-01-21,726,56,0.0
ga10323,2026-01-22,727,57,0.0
ga10323,2026-01-23,728,58,0.0
ga10323,2026-01-24,729,59,0.0
ga10323,2026-01-25,730,60,0.0
ga10323,2026-01-26,731,61,0.0
ga10323,2026-01-27,732,62,0.0
ga10323,2026-01-28,733,63,0.0
ga10323,2026-01-29,734,64,0.0
ga10323,2026-01-30,735,65,0.0
ga10323,2026-01-31,736,66,0.0
ga10323,2026-02-01,737,67,0.0
ga10323,2026-02-02,738,68,0.0
ga10323,2026-02-03,739,69,0.0
ga10323,2026-02-04,740,70,0.0
ga10323,2026-02-05,741,71,0.0
ga10323,2026-02-06,742,72,0.0
ga10323,2026-02-07,743,73,0.0
ga10323,2026-02-08,744,74,0.01
ga10323,2026-02-09,745,75,0.0
ga10323,2026-02-10,746,76,0.01
ga10323,2026-02-11,747,77,0.0
ga10323,2026-02-12,748,78,0.01
ga10323,2026-02-13,749,79,0.04
ga10323,2026-02-14,750,80,0.02
ga10323,2026-02-15,751,81,0.03
ga10323,2026-02-16,752,82,0.01
ga10323,2026-02-17,753,83,0.05
ga10323,2026-02-18,754,84,0.04
ga10323,2026-02-19,755,85,0.03
ga10323,2026-02-20,756,86,0.09
ga10323,2026-02-21,757,87,0.05
ga10323,2026-02-22,758,88,0.0
ga10323,2026-02-23,759,89,0.0
ga10323,2026-02-24,760,90,0.08
ga10323,2026-02-25,761,91,0.02
ga10323,2026-02-26,762,92,0.01
ga10323,2026-02-27,763,93,0.03
ga10323,2026-02-28,764,94,0.01
ga10323,2026-03-01,765,95,0.01
ga10323,2026-03-02,766,96,0.0
ga10323,2026-03-03,767,97,0.0
ga10323,2026-03-04,768,98,0.0
ga10323,2026-03-05,769,99,0.01
ga10331,2025-11-26,670,0,0.01
ga10331,2025-11-27,671,1,0.04
ga10331,2025-11-28,672,2,0.03
ga10331,2025-11-29,673,3,0.07
ga10331,2025-11-30,674,4,0.02
ga10331,2025-12-01,675,5,0.04
ga10331,2025-12-02,676,6,0.33
ga10331,2025-12-03,677,7,0.16
ga10331,2025-12-04,678,8,0.26
ga10331,2025-12-05,679,9,0.12
ga10331,2025-12-06,680,10,0.08
ga10331,2025-12-07,681,11,0.02
ga10331,2025-12-08,682,12,0.01
ga10331,2025-12-09,683,13,0.15
ga10331,2025-12-10,684,14,0.04
ga10331,2025-12-11,685,15,0.02
ga10331,2025-12-12,686,16,0.02
ga10331,2025-12-13,687,17,0.01
ga10331,2025-12-14,688,18,0.0
ga10331,2025-12-15,689,19,0.01
ga10331,2025-12-16,690,20,0.02
ga10331,2025-12-17,691,21,0.0
ga10331,2025-12-18,692,22,0.02
ga10331,2025-12-19,693,23,0.02
ga10331,2025-12-20,694,24,0.01
ga10331,2025-12-21,695,25,0.0
ga10331,2025-12-22,696,26,0.0
ga10331,2025-12-23,697,27,0.05
ga10331,2025-12-24,698,28,0.0
ga10331,2025-12-25,699,29,0.0
ga10331,2025-12-26,700,30,0.0
ga10331,2025-12-27,701,31,0.01
ga10331,2025-12-28,702,32,0.0
ga10331,2025-12-29,703,33,0.0
ga10331,2025-12-30,704,34,0.03
ga10331,2025-12-31,705,35,0.01
ga10331,2026-01-01,706,36,0.0
ga10331,2026-01-02,707,37,0.01
ga10331,2026-01-03,708,38,0.0
ga10331,2026-01-04,709,39,0.0
ga10331,2026-01-05,710,40,0.0
ga10331,2026-01-06,711,41,0.29
ga10331,2026-01-07,712,42,0.05
ga10331,2026-01-08,713,43,0.06
ga10331,2026-01-09,714,44,0.05
ga10331,2026-01-10,715,45,0.05
ga10331,2026-01-11,716,46,0.05
ga10331,2026-01-12,717,47,0.0
ga10331,2026-01-13,718,48,0.25
ga10331,2026-01-14,719,49,0.12
ga10331,2026-01-15,720,50,0.02
ga10331,2026-01-16,721,51,0.03
ga10331,2026-01-17,722,52,0.04
ga10331,2026-01-18,723,53,0.01
ga10331,2026-01-19,724,54,0.0
ga10331,2026-01-20,725,55,0.3
ga10331,2026-01-21,726,56,0.03
ga10331,2026-01-22,727,57,0.04
ga10331,2026-01-23,728,58,0.02
ga10331,2026-01-24,729,59,0.03
ga10331,2026-01-25,730,60,0.02
ga10331,2026-01-26,731,61,0.0
ga10331,2026-01-27,732,62,0.33
ga10331,2026-01-28,733,63,0.02
ga10331,2026-01-29,734,64,0.03
ga10331,2026-01-30,735,65,0.05
ga10331,2026-01-31,736,66,0.0
ga10331,2026-02-01,737,67,0.0
ga10331,2026-02-02,738,68,0.01
ga10331,2026-02-03,739,69,0.15
ga10331,2026-02-04,740,70,0.01
ga10331,2026-02-05,741,71,0.01
ga10331,2026-02-06,742,72,0.02
ga10331,2026-02-07,743,73,0.04
ga10331,2026-02-08,744,74,0.01
ga10331,2026-02-09,745,75,0.02
ga10331,2026-02-10,746,76,0.45
ga10331,2026-02-11,747,77,0.05
ga10331,2026-02-12,748,78,0.21
ga10331,2026-02-13,749,79,0.21
ga10331,2026-02-14,750,80,0.15
ga10331,2026-02-15,751,81,0.05
ga10331,2026-02-16,752,82,0.02
ga10331,2026-02-17,753,83,0.56
ga10331,2026-02-18,754,84,0.44
ga10331,2026-02-19,755,85,0.4
ga10331,2026-02-20,756,86,0.54
ga10331,2026-02-21,757,87,0.45
ga10331,2026-02-22,758,88,0.19
ga10331,2026-02-23,759,89,0.03
ga10331,2026-02-24,760,90,1.19
ga10331,2026-02-25,761,91,1.13
ga10331,2026-02-26,762,92,0.53
ga10331,2026-02-27,763,93,0.35
ga10331,2026-02-28,764,94,0.62
ga10331,2026-03-01,765,95,0.03
ga10331,2026-03-02,766,96,0.0
ga10331,2026-03-03,767,97,0.75
ga10331,2026-03-04,768,98,0.14
ga10331,2026-03-05,769,99,0.49
ga10332,2025-11-26,670,0,0.0
ga10332,2025-11-27,671,1,0.0
ga10332,2025-11-28,672,2,0.0
ga10332,2025-11-29,673,3,0.0
ga10332,2025-11-30,674,4,0.0
ga10332,2025-12-01,675,5,0.0
ga10332,2025-12-02,676,6,0.01
ga10332,2025-12-03,677,7,0.0
ga10332,2025-12-04,678,8,0.01
ga10332,2025-12-05,679,9,0.0
ga10332,2025-12-06,680,10,0.0
ga10332,2025-12-07,681,11,0.0
ga10332,2025-12-08,682,12,0.0
ga10332,2025-12-09,683,13,0.0
ga10332,2025-12-10,684,14,0.0
ga10332,2025-12-11,685,15,0.0
ga10332,2025-12-12,686,16,0.0
ga10332,2025-12-13,687,17,0.0
ga10332,2025-12-14,688,18,0.0
ga10332,2025-12-15,689,19,0.0
ga10332,2025-12-16,690,20,0.0
ga10332,2025-12-17,691,21,0.0
ga10332,2025-12-18,692,22,0.0
ga10332,2025-12-19,693,23,0.01
ga10332,2025-12-20,694,24,0.0
ga10332,2025-12-21,695,25,0.0
ga10332,2025-12-22,696,26,0.0
ga10332,2025-12-23,697,27,0.0
ga10332,2025-12-24,698,28,0.01
ga10332,2025-12-25,699,29,0.0
ga10332,2025-12-26,700,30,0.0
ga10332,2025-12-27,701,31,0.0
ga10332,2025-12-28,702,32,0.0
ga10332,2025-12-29,703,33,0.0
ga10332,2025-12-30,704,34,0.0
ga10332,2025-12-31,705,35,0.0
ga10332,2026-01-01,706,36,0.0
ga10332,2026-01-02,707,37,0.01
ga10332,2026-01-03,708,38,0.0
ga10332,2026-01-04,709,39,0.0
ga10332,2026-01-05,710,40,0.0
ga10332,2026-01-06,711,41,0.05
ga10332,2026-01-07,712,42,0.01
ga10332,2026-01-08,713,43,0.0
ga10332,2026-01-09,714,44,0.01
ga10332,2026-01-10,715,45,0.0
ga10332,2026-01-11,716,46,0.0
ga10332,2026-01-12,717,47,0.0
ga10332,2026-01-13,718,48,0.16
ga10332,2026-01-14,719,49,0.02
ga10332,2026-01-15,720,50,0.02
ga10332,2026-01-16,721,51,0.02
ga10332,2026-01-17,722,52,0.03
ga10332,2026-01-18,723,53,0.01
ga10332,2026-01-19,724,54,0.01
ga10332,2026-01-20,725,55,0.03
ga10332,2026-01-21,726,56,0.01
ga10332,2026-01-22,727,57,0.02
ga10332,2026-01-23,728,58,0.02
ga10332,2026-01-24,729,59,0.03
ga10332,2026-01-25,730,60,0.0
ga10332,2026-01-26,731,61,0.0
ga10332,2026-01-27,732,62,0.02
ga10332,2026-01-28,733,63,0.0
ga10332,2026-01-29,734,64,0.0
ga10332,2026-01-30,735,65,0.0
ga10332,2026-01-31,736,66,0.01
ga10332,2026-02-01,737,67,0.01
ga10332,2026-02-02,738,68,0.0
ga10332,2026-02-03,739,69,0.02
ga10332,2026-02-04,740,70,0.01
ga10332,2026-02-05,741,71,0.02
ga10332,2026-02-06,742,72,0.01
ga10332,2026-02-07,743,73,0.0
ga10332,2026-02-08,744,74,0.0
ga10332,2026-02-09,745,75,0.0
ga10332,2026-02-10,746,76,0.04
ga10332,2026-02-11,747,77,0.01
ga10332,2026-02-12,748,78,0.03
ga10332,2026-02-13,749,79,0.09
ga10332,2026-02-14,750,80,0.05
ga10332,2026-02-15,751,81,0.03
ga10332,2026-02-16,752,82,0.0
ga10332,2026-02-17,753,83,0.42
ga10332,2026-02-18,754,84,0.25
ga10332,2026-02-19,755,85,0.39
ga10332,2026-02-20,756,86,0.17
ga10332,2026-02-21,757,87,0.12
ga10332,2026-02-22,758,88,0.01
ga10332,2026-02-23,759,89,0.0
ga10332,2026-02-24,760,90,0.67
ga10332,2026-02-25,761,91,0.2
ga10332,2026-02-26,762,92,0.18
ga10332,2026-02-27,763,93,0.06
ga10332,2026-02-28,764,94,0.05
ga10332,2026-03-01,765,95,0.0
ga10332,2026-03-02,766,96,0.0
ga10332,2026-03-03,767,97,0.14
ga10332,2026-03-04,768,98,0.08
ga10332,2026-03-05,769,99,0.12
ga10333,2025-11-26,670,0,0.91
ga10333,2025-11-27,671,1,0.28
ga10333,2025-11-28,672,2,0.08
ga10333,2025-11-29,673,3,0.02
ga10333,2025-11-30,674,4,0.0
ga10333,2025-12-01,675,5,0.0
ga10333,2025-12-02,676,6,0.43
ga10333,2025-12-03,677,7,0.93
ga10333,2025-12-04,678,8,0.61
ga10333,2025-12-05,679,9,0.08
ga10333,2025-12-06,680,10,0.03
ga10333,2025-12-07,681,11,0.0
ga10333,2025-12-08,682,12,0.0
ga10333,2025-12-09,683,13,0.05
ga10333,2025-12-10,684,14,0.03
ga10333,2025-12-11,685,15,0.01
ga10333,2025-12-12,686,16,0.01
ga10333,2025-12-13,687,17,0.01
ga10333,2025-12-14,688,18,0.0
ga10333,2025-12-15,689,19,0.01
ga10333,2025-12-16,690,20,0.03
ga10333,2025-12-17,691,21,0.0
ga10333,2025-12-18,692,22,0.0
ga10333,2025-12-19,693,23,0.0
ga10333,2025-12-20,694,24,0.0
ga10333,2025-12-21,695,25,0.0
ga10333,2025-12-22,696,26,0.0
ga10333,2025-12-23,697,27,0.01
ga10333,2025-12-24,698,28,0.01
ga10333,2025-12-25,699,29,0.0
ga10333,2025-12-26,700,30,0.0
ga10333,2025-12-27,701,31,0.0
ga10333,2025-12-28,702,32,0.0
ga10333,2025-12-29,703,33,0.0
ga10333,2025-12-30,704,34,0.01
ga10333,2025-12-31,705,35,0.0
ga10333,2026-01-01,706,36,0.0
ga10333,2026-01-02,707,37,0.0
ga10333,2026-01-03,708,38,0.0
ga10333,2026-01-04,709,39,0.0
ga10333,2026-01-05,710,40,0.0
ga10333,2026-01-06,711,41,0.02
ga10333,2026-01-07,712,42,0.01
ga10333,2026-01-08,713,43,0.0
ga10333,2026-01-09,714,44,0.02
ga10333,2026-01-10,715,45,0.0
ga10333,2026-01-11,716,46,0.0
ga10333,2026-01-12,717,47,0.0
ga10333,2026-01-13,718,48,0.21
ga10333,2026-01-14,719,49,0.09
ga10333,2026-01-15,720,50,0.1
ga10333,2026-01-16,721,51,0.03
ga10333,2026-01-17,722,52,0.0
ga10333,2026-01-18,723,53,0.0
ga10333,2026-01-19,724,54,0.0
ga10333,2026-01-20,725,55,0.1
ga10333,2026-01-21,726,56,0.05
ga10333,2026-01-22,727,57,0.08
ga10333,2026-01-23,728,58,0.03
ga10333,2026-01-24,729,59,0.03
ga10333,2026-01-25,730,60,0.01
ga10333,2026-01-26,731,61,0.0
ga10333,2026-01-27,732,62,0.2
ga10333,2026-01-28,733,63,0.21
ga10333,2026-01-29,734,64,0.12
ga10333,2026-01-30,735,65,0.02
ga10333,2026-01-31,736,66,0.01
ga10333,2026-02-01,737,67,0.01
ga10333,2026-02-02,738,68,0.0
ga10333,2026-02-03,739,69,0.04
ga10333,2026-02-04,740,70,0.01
ga10333,2026-02-05,741,71,0.02
ga10333,2026-02-06,742,72,0.01
ga10333,2026-02-07,743,73,0.01
ga10333,2026-02-08,744,74,0.0
ga10333,2026-02-09,745,75,0.0
ga10333,2026-02-10,746,76,0.14
ga10333,2026-02-11,747,77,0.09
ga10333,2026-02-12,748,78,0.08
ga10333,2026-02-13,749,79,0.03
ga10333,2026-02-14,750,80,0.04
ga10333,2026-02-15,751,81,0.01
ga10333,2026-02-16,752,82,0.0
ga10333,2026-02-17,753,83,0.27
ga10333,2026-02-18,754,84,0.23
ga10333,2026-02-19,755,85,0.39
ga10333,2026-02-20,756,86,0.09
ga10333,2026-02-21,757,87,0.02
ga10333,2026-02-22,758,88,0.01
ga10333,2026-02-23,759,89,0.01
ga10333,2026-02-24,760,90,0.4
ga10333,2026-02-25,761,91,0.24
ga10333,2026-02-26,762,92,0.14
ga10333,2026-02-27,763,93,0.03
ga10333,2026-02-28,764,94,0.05
ga10333,2026-03-01,765,95,0.03
ga10333,2026-03-02,766,96,0.0
ga10333,2026-03-03,767,97,0.25
ga10333,2026-03-04,768,98,0.08
ga10333,2026-03-05,769,99,0.17
ga1033sf,2025-11-26,670,0,0.0
ga1033sf,2025-11-27,671,1,0.0
ga1033sf,2025-11-28,672,2,0.0
ga1033sf,2025-11-29,673,3,0.0
ga1033sf,2025-11-30,674,4,0.0
ga1033sf,2025-12-01,675,5,0.0
ga1033sf,2025-12-02,676,6,0.01
ga1033sf,2025-12-03,677,7,0.0
ga1033sf,2025-12-04,678,8,0.0
ga1033sf,2025-12-05,679,9,0.0
ga1033sf,2025-12-06,680,10,0.0
ga1033sf,2025-12-07,681,11,0.0
ga1033sf,2025-12-08,682,12,0.0
ga1033sf,2025-12-09,683,13,0.0
ga1033sf,2025-12-10,684,14,0.0
ga1033sf,2025-12-11,685,15,0.0
ga1033sf,2025-12-12,686,16,0.0
ga1033sf,2025-12-13,687,17,0.0
ga1033sf,2025-12-14,688,18,0.0
ga1033sf,2025-12-15,689,19,0.0
ga1033sf,2025-12-16,690,20,0.0
ga1033sf,2025-12-17,691,21,0.0
ga1033sf,2025-12-18,692,22,0.0
ga1033sf,2025-12-19,693,23,0.0
ga1033sf,2025-12-20,694,24,0.0
ga1033sf,2025-12-21,695,25,0.0
ga1033sf,2025-12-22,696,26,0.0
ga1033sf,2025-12-23,697,27,0.0
ga1033sf,2025-12-24,698,28,0.0
ga1033sf,2025-12-25,699,29,0.0
ga1033sf,2025-12-26,700,30,0.0
ga1033sf,2025-12-27,701,31,0.0
ga1033sf,2025-12-28,702,32,0.0
ga1033sf,2025-12-29,703,33,0.0
ga1033sf,2025-12-30,704,34,0.0
ga1033sf,2025-12-31,705,35,0.0
ga1033sf,2026-01-01,706,36,0.0
ga1033sf,2026-01-02,707,37,0.0
ga1033sf,2026-01-03,708,38,0.0
ga1033sf,2026-01-04,709,39,0.0
ga1033sf,2026-01-05,710,40,0.0
ga1033sf,2026-01-06,711,41,0.0
ga1033sf,2026-01-07,712,42,0.0
ga1033sf,2026-01-08,713,43,0.0
ga1033sf,2026-01-09,714,44,0.0
ga1033sf,2026-01-10,715,45,0.0
ga1033sf,2026-01-11,716,46,0.0
ga1033sf,2026-01-12,717,47,0.0
ga1033sf,2026-01-13,718,48,0.0
ga1033sf,2026-01-14,719,49,0.0
ga1033sf,2026-01-15,720,50,0.0
ga1033sf,2026-01-16,721,51,0.0
ga1033sf,2026-01-17,722,52,0.0
ga1033sf,2026-01-18,723,53,0.0
ga1033sf,2026-01-19,724,54,0.0
ga1033sf,2026-01-20,725,55,0.0
ga1033sf,2026-01-21,726,56,0.0
ga1033sf,2026-01-22,727,57,0.0
ga1033sf,2026-01-23,728,58,0.0
ga1033sf,2026-01-24,729,59,0.0
ga1033sf,2026-01-25,730,60,0.0
ga1033sf,2026-01-26,731,61,0.0
ga1033sf,2026-01-27,732,62,0.0
ga1033sf,2026-01-28,733,63,0.0
ga1033sf,2026-01-29,734,64,0.0
ga1033sf,2026-01-30,735,65,0.0
ga1033sf,2026-01-31,736,66,0.0
ga1033sf,2026-02-01,737,67,0.0
ga1033sf,2026-02-02,738,68,0.0
ga1033sf,2026-02-03,739,69,0.0
ga1033sf,2026-02-04,740,70,0.0
ga1033sf,2026-02-05,741,71,0.0
ga1033sf,2026-02-06,742,72,0.0
ga1033sf,2026-02-07,743,73,0.0
ga1033sf,2026-02-08,744,74,0.0
ga1033sf,2026-02-09,745,75,0.0
ga1033sf,2026-02-10,746,76,0.0
ga1033sf,2026-02-11,747,77,0.0
ga1033sf,2026-02-12,748,78,0.0
ga1033sf,2026-02-13,749,79,0.0
ga1033sf,2026-02-14,750,80,0.0
ga1033sf,2026-02-15,751,81,0.0
ga1033sf,2026-02-16,752,82,0.0
ga1033sf,2026-02-17,753,83,0.0
ga1033sf,2026-02-18,754,84,0.0
ga1033sf,2026-02-19,755,85,0.0
ga1033sf,2026-02-20,756,86,0.0
ga1033sf,2026-02-21,757,87,0.0
ga1033sf,2026-02-22,758,88,0.0
ga1033sf,2026-02-23,759,89,0.0
ga1033sf,2026-02-24,760,90,0.0
ga1033sf,2026-02-25,761,91,0.0
ga1033sf,2026-02-26,762,92,0.0
ga1033sf,2026-02-27,763,93,0.01
ga1033sf,2026-02-28,764,94,0.0
ga1033sf,2026-03-01,765,95,0.0
ga1033sf,2026-03-02,766,96,0.0
ga1033sf,2026-03-03,767,97,0.0
ga1033sf,2026-03-04,768,98,0.0
ga1033sf,2026-03-05,769,99,0.0
ga11001,2025-11-26,670,0,0.0
ga11001,2025-11-27,671,1,0.01
ga11001,2025-11-28,672,2,0.0
ga11001,2025-11-29,673,3,0.0
ga11001,2025-11-30,674,4,0.0
ga11001,2025-12-01,675,5,0.0
ga11001,2025-12-02,676,6,0.0
ga11001,2025-12-03,677,7,0.0
ga11001,2025-12-04,678,8,0.0
ga11001,2025-12-05,679,9,0.0
ga11001,2025-12-06,680,10,0.0
ga11001,2025-12-07,681,11,0.0
ga11001,2025-12-08,682,12,0.0
ga11001,2025-12-09,683,13,0.0
ga11001,2025-12-10,684,14,0.0
ga11001,2025-12-11,685,15,0.0
ga11001,2025-12-12,686,16,0.0
ga11001,2025-12-13,687,17,0.0
ga11001,2025-12-14,688,18,0.0
ga11001,2025-12-15,689,19,0.0
ga11001,2025-12-16,690,20,0.0
ga11001,2025-12-17,691,21,0.0
ga11001,2025-12-18,692,22,0.0
ga11001,2025-12-19,693,23,0.0
ga11001,2025-12-20,694,24,0.0
ga11001,2025-12-21,695,25,0.0
ga11001,2025-12-22,696,26,0.0
ga11001,2025-12-23,697,27,0.0
ga11001,2025-12-24,698,28,0.0
ga11001,2025-12-25,699,29,0.0
ga11001,2025-12-26,700,30,0.0
ga11001,2025-12-27,701,31,0.0
ga11001,2025-12-28,702,32,0.0
ga11001,2025-12-29,703,33,0.0
ga11001,2025-12-30,704,34,0.0
ga11001,2025-12-31,705,35,0.0
ga11001,2026-01-01,706,36,0.0
ga11001,2026-01-02,707,37,0.0
ga11001,2026-01-03,708,38,0.0
ga11001,2026-01-04,709,39,0.0
ga11001,2026-01-05,710,40,0.0
ga11001,2026-01-06,711,41,0.0
ga11001,2026-01-07,712,42,0.0
ga11001,2026-01-08,713,43,0.0
ga11001,2026-01-09,714,44,0.0
ga11001,2026-01-10,715,45,0.0
ga11001,2026-01-11,716,46,0.0
ga11001,2026-01-12,717,47,0.0
ga11001,2026-01-13,718,48,0.0
ga11001,2026-01-14,719,49,0.0
ga11001,2026-01-15,720,50,0.0
ga11001,2026-01-16,721,51,0.0
ga11001,2026-01-17,722,52,0.0
ga11001,2026-01-18,723,53,0.0
ga11001,2026-01-19,724,54,0.0
ga11001,2026-01-20,725,55,0.0
ga11001,2026-01-21,726,56,0.01
ga11001,2026-01-22,727,57,0.0
ga11001,2026-01-23,728,58,0.0
ga11001,2026-01-24,729,59,0.0
ga11001,2026-01-25,730,60,0.0
ga11001,2026-01-26,731,61,0.0
ga11001,2026-01-27,732,62,0.0
ga11001,2026-01-28,733,63,0.0
ga11001,2026-01-29,734,64,0.0
ga11001,2026-01-30,735,65,0.0
ga11001,2026-01-31,736,66,0.0
ga11001,2026-02-01,737,67,0.0
ga11001,2026-02-02,738,68,0.0
ga11001,2026-02-03,739,69,0.0
ga11001,2026-02-04,740,70,0.0
ga11001,2026-02-05,741,71,0.0
ga11001,2026-02-06,742,72,0.0
ga11001,2026-02-07,743,73,0.0
ga11001,2026-02-08,744,74,0.0
ga11001,2026-02-09,745,75,0.0
ga11001,2026-02-10,746,76,0.0
ga11001,2026-02-11,747,77,0.0
ga11001,2026-02-12,748,78,0.0
ga11001,2026-02-13,749,79,0.0
ga11001,2026-02-14,750,80,0.0
ga11001,2026-02-15,751,81,0.0
ga11001,2026-02-16,752,82,0.0
ga11001,2026-02-17,753,83,0.0
ga11001,2026-02-18,754,84,0.0
ga11001,2026-02-19,755,85,0.0
ga11001,2026-02-20,756,86,0.0
ga11001,2026-02-21,757,87,0.0
ga11001,2026-02-22,758,88,0.0
ga11001,2026-02-23,759,89,0.01
ga11001,2026-02-24,760,90,0.01
ga11001,2026-02-25,761,91,0.0
ga11001,2026-02-26,762,92,0.0
ga11001,2026-02-27,763,93,0.0
ga11001,2026-02-28,764,94,0.0
ga11001,2026-03-01,765,95,0.0
ga11001,2026-03-02,766,96,0.0
ga11001,2026-03-03,767,97,0.0
ga11001,2026-03-04,768,98,0.0
ga11001,2026-03-05,769,99,0.0
ga11002,2025-11-26,670,0,0.01
ga11002,2025-11-27,671,1,0.01
ga11002,2025-11-28,672,2,0.0
ga11002,2025-11-29,673,3,0.01
ga11002,2025-11-30,674,4,0.0
ga11002,2025-12-01,675,5,0.0
ga11002,2025-12-02,676,6,0.27
ga11002,2025-12-03,677,7,0.07
ga11002,2025-12-04,678,8,0.02
ga11002,2025-12-05,679,9,0.01
ga11002,2025-12-06,680,10,0.01
ga11002,2025-12-07,681,11,0.0
ga11002,2025-12-08,682,12,0.0
ga11002,2025-12-09,683,13,0.01
ga11002,2025-12-10,684,14,0.0
ga11002,2025-12-11,685,15,0.0
ga11002,2025-12-12,686,16,0.0
ga11002,2025-12-13,687,17,0.0
ga11002,2025-12-14,688,18,0.0
ga11002,2025-12-15,689,19,0.0
ga11002,2025-12-16,690,20,0.0
ga11002,2025-12-17,691,21,0.0
ga11002,2025-12-18,692,22,0.01
ga11002,2025-12-19,693,23,0.0
ga11002,2025-12-20,694,24,0.0
ga11002,2025-12-21,695,25,0.0
ga11002,2025-12-22,696,26,0.0
ga11002,2025-12-23,697,27,0.0
ga11002,2025-12-24,698,28,0.0
ga11002,2025-12-25,699,29,0.0
ga11002,2025-12-26,700,30,0.0
ga11002,2025-12-27,701,31,0.0
ga11002,2025-12-28,702,32,0.0
ga11002,2025-12-29,703,33,0.0
ga11002,2025-12-30,704,34,0.0
ga11002,2025-12-31,705,35,0.0
ga11002,2026-01-01,706,36,0.0
ga11002,2026-01-02,707,37,0.0
ga11002,2026-01-03,708,38,0.0
ga11002,2026-01-04,709,39,0.0
ga11002,2026-01-05,710,40,0.0
ga11002,2026-01-06,711,41,0.01
ga11002,2026-01-07,712,42,0.0
ga11002,2026-01-08,713,43,0.0
ga11002,2026-01-09,714,44,0.0
ga11002,2026-01-10,715,45,0.0
ga11002,2026-01-11,716,46,0.0
ga11002,2026-01-12,717,47,0.0
ga11002,2026-01-13,718,48,0.0
ga11002,2026-01-14,719,49,0.0
ga11002,2026-01-15,720,50,0.0
ga11002,2026-01-16,721,51,0.0
ga11002,2026-01-17,722,52,0.0
ga11002,2026-01-18,723,53,0.0
ga11002,2026-01-19,724,54,0.0
ga11002,2026-01-20,725,55,0.01
ga11002,2026-01-21,726,56,0.0
ga11002,2026-01-22,727,57,0.01
ga11002,2026-01-23,728,58,0.0
ga11002,2026-01-24,729,59,0.0
ga11002,2026-01-25,730,60,0.0
ga11002,2026-01-26,731,61,0.0
ga11002,2026-01-27,732,62,0.0
ga11002,2026-01-28,733,63,0.0
ga11002,2026-01-29,734,64,0.0
ga11002,2026-01-30,735,65,0.0
ga11002,2026-01-31,736,66,0.0
ga11002,2026-02-01,737,67,0.0
ga11002,2026-02-02,738,68,0.0
ga11002,2026-02-03,739,69,0.0
ga11002,2026-02-04,740,70,0.0
ga11002,2026-02-05,741,71,0.0
ga11002,2026-02-06,742,72,0.0
ga11002,2026-02-07,743,73,0.0
ga11002,2026-02-08,744,74,0.0
ga11002,2026-02-09,745,75,0.0
ga11002,2026-02-10,746,76,0.0
ga11002,2026-02-11,747,77,0.0
ga11002,2026-02-12,748,78,0.0
ga11002,2026-02-13,749,79,0.0
ga11002,2026-02-14,750,80,0.0
ga11002,2026-02-15,751,81,0.0
ga11002,2026-02-16,752,82,0.0
ga11002,2026-02-17,753,83,0.0
ga11002,2026-02-18,754,84,0.01
ga11002,2026-02-19,755,85,0.0
ga11002,2026-02-20,756,86,0.0
ga11002,2026-02-21,757,87,0.0
ga11002,2026-02-22,758,88,0.0
ga11002,2026-02-23,759,89,0.0
ga11002,2026-02-24,760,90,0.01
ga11002,2026-02-25,761,91,0.0
ga11002,2026-02-26,762,92,0.0
ga11002,2026-02-27,763,93,0.0
ga11002,2026-02-28,764,94,0.0
ga11002,2026-03-01,765,95,0.0
ga11002,2026-03-02,766,96,0.0
ga11002,2026-03-03,767,97,0.0
ga11002,2026-03-04,768,98,0.0
ga11002,2026-03-05,769,99,0.0
sw10004,2025-11-26,670,0,0.02
sw10004,2025-11-27,671,1,0.06
sw10004,2025-11-28,672,2,0.06
sw10004,2025-11-29,673,3,0.03
sw10004,2025-11-30,674,4,0.0
sw10004,2025-12-01,675,5,0.05
sw10004,2025-12-02,676,6,1.01
sw10004,2025-12-03,677,7,0.9
sw10004,2025-12-04,678,8,0.57
sw10004,2025-12-05,679,9,0.35
sw10004,2025-12-06,680,10,0.07
sw10004,2025-12-07,681,11,0.0
sw10004,2025-12-08,682,12,0.0
sw10004,2025-12-09,683,13,0.08
sw10004,2025-12-10,684,14,0.01
sw10004,2025-12-11,685,15,0.01
sw10004,2025-12-12,686,16,0.0
sw10004,2025-12-13,687,17,0.01
sw10004,2025-12-14,688,18,0.0
sw10004,2025-12-15,689,19,0.0
sw10004,2025-12-16,690,20,0.09
sw10004,2025-12-17,691,21,0.01
sw10004,2025-12-18,692,22,0.01
sw10004,2025-12-19,693,23,0.01
sw10004,2025-12-20,694,24,0.03
sw10004,2025-12-21,695,25,0.0
sw10004,2025-12-22,696,26,0.0
sw10004,2025-12-23,697,27,0.1
sw10004,2025-12-24,698,28,0.01
sw10004,2025-12-25,699,29,0.01
sw10004,2025-12-26,700,30,0.02
sw10004,2025-12-27,701,31,0.0
sw10004,2025-12-28,702,32,0.0
sw10004,2025-12-29,703,33,0.0
sw10004,2025-12-30,704,34,0.08
sw10004,2025-12-31,705,35,0.02
sw10004,2026-01-01,706,36,0.04
sw10004,2026-01-02,707,37,0.0
sw10004,2026-01-03,708,38,0.0
sw10004,2026-01-04,709,39,0.0
sw10004,2026-01-05,710,40,0.0
sw10004,2026-01-06,711,41,0.14
sw10004,2026-01-07,712,42,0.06
sw10004,2026-01-08,713,43,0.03
sw10004,2026-01-09,714,44,0.05
sw10004,2026-01-10,715,45,0.02
sw10004,2026-01-11,716,46,0.0
sw10004,2026-01-12,717,47,0.0
sw10004,2026-01-13,718,48,0.21
sw10004,2026-01-14,719,49,0.02
sw10004,2026-01-15,720,50,0.08
sw10004,2026-01-16,721,51,0.04
sw10004,2026-01-17,722,52,0.03
sw10004,2026-01-18,723,53,0.0
sw10004,2026-01-19,724,54,0.0
sw10004,2026-01-20,725,55,0.19
sw10004,2026-01-21,726,56,0.05
sw10004,2026-01-22,727,57,0.03
sw10004,2026-01-23,728,58,0.01
sw10004,2026-01-24,729,59,0.02
sw10004,2026-01-25,730,60,0.0
sw10004,2026-01-26,731,61,0.01
sw10004,2026-01-27,732,62,0.14
sw10004,2026-01-28,733,63,0.07
sw10004,2026-01-29,734,64,0.01
sw10004,2026-01-30,735,65,0.06
sw10004,2026-01-31,736,66,0.0
sw10004,2026-02-01,737,67,0.01
sw10004,2026-02-02,738,68,0.01
sw10004,2026-02-03,739,69,0.07
sw10004,2026-02-04,740,70,0.0
sw10004,2026-02-05,741,71,0.03
sw10004,2026-02-06,742,72,0.06
sw10004,2026-02-07,743,73,0.0
sw10004,2026-02-08,744,74,0.02
sw10004,2026-02-09,745,75,0.0
sw10004,2026-02-10,746,76,0.14
sw10004,2026-02-11,747,77,0.1
sw10004,2026-02-12,748,78,0.07
sw10004,2026-02-13,749,79,0.11
sw10004,2026-02-14,750,80,0.07
sw10004,2026-02-15,751,81,0.01
sw10004,2026-02-16,752,82,0.02
sw10004,2026-02-17,753,83,0.23
sw10004,2026-02-18,754,84,0.02
sw10004,2026-02-19,755,85,0.19
sw10004,2026-02-20,756,86,0.06
sw10004,2026-02-21,757,87,0.14
sw10004,2026-02-22,758,88,0.02
sw10004,2026-02-23,759,89,0.01
sw10004,2026-02-24,760,90,0.14
sw10004,2026-02-25,761,91,0.03
sw10004,2026-02-26,762,92,0.09
sw10004,2026-02-27,763,93,0.11
sw10004,2026-02-28,764,94,0.08
sw10004,2026-03-01,765,95,0.0
sw10004,2026-03-02,766,96,0.0
sw10004,2026-03-03,767,97,0.01
sw10004,2026-03-04,768,98,0.03
sw10004,2026-03-05,769,99,0.03
sw100041,2025-11-26,670,0,0.07
sw100041,2025-11-27,671,1,0.04
sw100041,2025-11-28,672,2,0.03
sw100041,2025-11-29,673,3,0.01
sw100041,2025-11-30,674,4,0.0
sw100041,2025-12-01,675,5,0.0
sw100041,2025-12-02,676,6,0.36
sw100041,2025-12-03,677,7,0.39
sw100041,2025-12-04,678,8,0.13
sw100041,2025-12-05,679,9,0.06
sw100041,2025-12-06,680,10,0.01
sw100041,2025-12-07,681,11,0.0
sw100041,2025-12-08,682,12,0.0
sw100041,2025-12-09,683,13,0.18
sw100041,2025-12-10,684,14,0.06
sw100041,2025-12-11,685,15,0.03
sw100041,2025-12-12,686,16,0.01
sw100041,2025-12-13,687,17,0.01
sw100041,2025-12-14,688,18,0.0
sw100041,2025-12-15,689,19,0.0
sw100041,2025-12-16,690,20,0.07
sw100041,2025-12-17,691,21,0.0
sw100041,2025-12-18,692,22,0.02
sw100041,2025-12-19,693,23,0.0
sw100041,2025-12-20,694,24,0.0
sw100041,2025-12-21,695,25,0.0
sw100041,2025-12-22,696,26,0.0
sw100041,2025-12-23,697,27,0.2
sw100041,2025-12-24,698,28,0.0
sw100041,2025-12-25,699,29,0.05
sw100041,2025-12-26,700,30,0.01
sw100041,2025-12-27,701,31,0.0
sw100041,2025-12-28,702,32,0.0
sw100041,2025-12-29,703,33,0.0
sw100041,2025-12-30,704,34,0.09
sw100041,2025-12-31,705,35,0.0
sw100041,2026-01-01,706,36,0.03
sw100041,2026-01-02,707,37,0.01
sw100041,2026-01-03,708,38,0.01
sw100041,2026-01-04,709,39,0.0
sw100041,2026-01-05,710,40,0.01
sw100041,2026-01-06,711,41,0.43
sw100041,2026-01-07,712,42,0.09
sw100041,2026-01-08,713,43,0.04
sw100041,2026-01-09,714,44,0.03
sw100041,2026-01-10,715,45,0.0
sw100041,2026-01-11,716,46,0.0
sw100041,2026-01-12,717,47,0.0
sw100041,2026-01-13,718,48,0.37
sw100041,2026-01-14,719,49,0.07
sw100041,2026-01-15,720,50,0.06
sw100041,2026-01-16,721,51,0.03
sw100041,2026-01-17,722,52,0.03
sw100041,2026-01-18,723,53,0.0
sw100041,2026-01-19,724,54,0.0
sw100041,2026-01-20,725,55,0.26
sw100041,2026-01-21,726,56,0.05
sw100041,2026-01-22,727,57,0.03
sw100041,2026-01-23,728,58,0.04
sw100041,2026-01-24,729,59,0.0
sw100041,2026-01-25,730,60,0.0
sw100041,2026-01-26,731,61,0.0
sw100041,2026-01-27,732,62,0.23
sw100041,2026-01-28,733,63,0.22
sw100041,2026-01-29,734,64,0.2
sw100041,2026-01-30,735,65,0.07
sw100041,2026-01-31,736,66,0.05
sw100041,2026-02-01,737,67,0.0
sw100041,2026-02-02,738,68,0.0
sw100041,2026-02-03,739,69,0.47
sw100041,2026-02-04,740,70,0.06
sw100041,2026-02-05,741,71,0.04
sw100041,2026-02-06,742,72,0.03
sw100041,2026-02-07,743,73,0.02
sw100041,2026-02-08,744,74,0.0
sw100041,2026-02-09,745,75,0.02
sw100041,2026-02-10,746,76,0.63
sw100041,2026-02-11,747,77,0.09
sw100041,2026-02-12,748,78,0.13
sw100041,2026-02-13,749,79,0.05
sw100041,2026-02-14,750,80,0.01
sw100041,2026-02-15,751,81,0.0
sw100041,2026-02-16,752,82,0.01
sw100041,2026-02-17,753,83,0.54
sw100041,2026-02-18,754,84,0.02
sw100041,2026-02-19,755,85,0.17
sw100041,2026-02-20,756,86,0.03
sw100041,2026-02-21,757,87,0.03
sw100041,2026-02-22,758,88,0.0
sw100041,2026-02-23,759,89,0.0
sw100041,2026-02-24,760,90,0.51
sw100041,2026-02-25,761,91,0.3
sw100041,2026-02-26,762,92,0.11
sw100041,2026-02-27,763,93,0.07
sw100041,2026-02-28,764,94,0.11
sw100041,2026-03-01,765,95,0.0
sw100041,2026-03-02,766,96,0.0
sw100041,2026-03-03,767,97,0.48
sw100041,2026-03-04,768,98,0.1
sw100041,2026-03-05,769,99,0.11
sw100042,2025-11-26,670,0,0.22
sw100042,2025-11-27,671,1,0.06
sw100042,2025-11-28,672,2,0.06
sw100042,2025-11-29,673,3,0.17
sw100042,2025-11-30,674,4,0.0
sw100042,2025-12-01,675,5,0.0
sw100042,2025-12-02,676,6,0.2
sw100042,2025-12-03,677,7,0.15
sw100042,2025-12-04,678,8,0.13
sw100042,2025-12-05,679,9,0.05
sw100042,2025-12-06,680,10,0.0
sw100042,2025-12-07,681,11,0.0
sw100042,2025-12-08,682,12,0.0
sw100042,2025-12-09,683,13,0.05
sw100042,2025-12-10,684,14,0.06
sw100042,2025-12-11,685,15,0.0
sw100042,2025-12-12,686,16,0.0
sw100042,2025-12-13,687,17,0.0
sw100042,2025-12-14,688,18,0.0
sw100042,2025-12-15,689,19,0.0
sw100042,2025-12-16,690,20,0.02
sw100042,2025-12-17,691,21,0.0
sw100042,2025-12-18,692,22,0.0
sw100042,2025-12-19,693,23,0.0
sw100042,2025-12-20,694,24,0.0
sw100042,2025-12-21,695,25,0.0
sw100042,2025-12-22,696,26,0.0
sw100042,2025-12-23,697,27,0.0
sw100042,2025-12-24,698,28,0.02
sw100042,2025-12-25,699,29,0.0
sw100042,2025-12-26,700,30,0.0
sw100042,2025-12-27,701,31,0.0
sw100042,2025-12-28,702,32,0.0
sw100042,2025-12-29,703,33,0.01
sw100042,2025-12-30,704,34,0.01
sw100042,2025-12-31,705,35,0.0
sw100042,2026-01-01,706,36,0.0
sw100042,2026-01-02,707,37,0.0
sw100042,2026-01-03,708,38,0.0
sw100042,2026-01-04,709,39,0.0
sw100042,2026-01-05,710,40,0.0
sw100042,2026-01-06,711,41,0.0
sw100042,2026-01-07,712,42,0.0
sw100042,2026-01-08,713,43,0.0
sw100042,2026-01-09,714,44,0.0
sw100042,2026-01-10,715,45,0.0
sw100042,2026-01-11,716,46,0.0
sw100042,2026-01-12,717,47,0.0
sw100042,2026-01-13,718,48,0.01
sw100042,2026-01-14,719,49,0.03
sw100042,2026-01-15,720,50,0.02
sw100042,2026-01-16,721,51,0.01
sw100042,2026-01-17,722,52,0.0
sw100042,2026-01-18,723,53,0.0
sw100042,2026-01-19,724,54,0.0
sw100042,2026-01-20,725,55,0.03
sw100042,2026-01-21,726,56,0.02
sw100042,2026-01-22,727,57,0.01
sw100042,2026-01-23,728,58,0.01
sw100042,2026-01-24,729,59,0.0
sw100042,2026-01-25,730,60,0.0
sw100042,2026-01-26,731,61,0.0
sw100042,2026-01-27,732,62,0.06
sw100042,2026-01-28,733,63,0.24
sw100042,2026-01-29,734,64,0.05
sw100042,2026-01-30,735,65,0.03
sw100042,2026-01-31,736,66,0.01
sw100042,2026-02-01,737,67,0.0
sw100042,2026-02-02,738,68,0.0
sw100042,2026-02-03,739,69,0.02
sw100042,2026-02-04,740,70,0.01
sw100042,2026-02-05,741,71,0.0
sw100042,2026-02-06,742,72,0.01
sw100042,2026-02-07,743,73,0.01
sw100042,2026-02-08,744,74,0.0
sw100042,2026-02-09,745,75,0.0
sw100042,2026-02-10,746,76,0.27
sw100042,2026-02-11,747,77,0.31
sw100042,2026-02-12,748,78,0.2
sw100042,2026-02-13,749,79,0.21
sw100042,2026-02-14,750,80,0.21
sw100042,2026-02-15,751,81,0.0
sw100042,2026-02-16,752,82,0.01
sw100042,2026-02-17,753,83,0.87
sw100042,2026-02-18,754,84,0.47
sw100042,2026-02-19,755,85,0.14
sw100042,2026-02-20,756,86,0.11
sw100042,2026-02-21,757,87,0.15
sw100042,2026-02-22,758,88,0.01
sw100042,2026-02-23,759,89,0.01
sw100042,2026-02-24,760,90,0.69
sw100042,2026-02-25,761,91,0.56
sw100042,2026-02-26,762,92,0.2
sw100042,2026-02-27,763,93,0.08
sw100042,2026-02-28,764,94,0.16
sw100042,2026-03-01,765,95,0.0
sw100042,2026-03-02,766,96,0.0
sw100042,2026-03-03,767,97,0.75
sw100042,2026-03-04,768,98,0.19
sw100042,2026-03-05,769,99,0.18
sw100043,2025-11-26,670,0,0.0
sw100043,2025-11-27,671,1,0.0
sw100043,2025-11-28,672,2,0.0
sw100043,2025-11-29,673,3,0.0
sw100043,2025-11-30,674,4,0.0
sw100043,2025-12-01,675,5,0.0
sw100043,2025-12-02,676,6,0.0
sw100043,2025-12-03,677,7,0.0
sw100043,2025-12-04,678,8,0.0
sw100043,2025-12-05,679,9,0.0
sw100043,2025-12-06,680,10,0.0
sw100043,2025-12-07,681,11,0.0
sw100043,2025-12-08,682,12,0.0
sw100043,2025-12-09,683,13,0.0
sw100043,2025-12-10,684,14,0.0
sw100043,2025-12-11,685,15,0.0
sw100043,2025-12-12,686,16,0.0
sw100043,2025-12-13,687,17,0.0
sw100043,2025-12-14,688,18,0.0
sw100043,2025-12-15,689,19,0.0
sw100043,2025-12-16,690,20,0.0
sw100043,2025-12-17,691,21,0.0
sw100043,2025-12-18,692,22,0.0
sw100043,2025-12-19,693,23,0.0
sw100043,2025-12-20,694,24,0.0
sw100043,2025-12-21,695,25,0.0
sw100043,2025-12-22,696,26,0.0
sw100043,2025-12-23,697,27,0.0
sw100043,2025-12-24,698,28,0.0
sw100043,2025-12-25,699,29,0.0
sw100043,2025-12-26,700,30,0.0
sw100043,2025-12-27,701,31,0.0
sw100043,2025-12-28,702,32,0.0
sw100043,2025-12-29,703,33,0.0
sw100043,2025-12-30,704,34,0.0
sw100043,2025-12-31,705,35,0.0
sw100043,2026-01-01,706,36,0.0
sw100043,2026-01-02,707,37,0.0
sw100043,2026-01-03,708,38,0.0
sw100043,2026-01-04,709,39,0.0
sw100043,2026-01-05,710,40,0.01
sw100043,2026-01-06,711,41,0.01
sw100043,2026-01-07,712,42,0.0
sw100043,2026-01-08,713,43,0.0
sw100043,2026-01-09,714,44,0.0
sw100043,2026-01-10,715,45,0.0
sw100043,2026-01-11,716,46,0.0
sw100043,2026-01-12,717,47,0.0
sw100043,2026-01-13,718,48,0.01
sw100043,2026-01-14,719,49,0.0
sw100043,2026-01-15,720,50,0.01
sw100043,2026-01-16,721,51,0.0
sw100043,2026-01-17,722,52,0.01
sw100043,2026-01-18,723,53,0.0
sw100043,2026-01-19,724,54,0.0
sw100043,2026-01-20,725,55,0.06
sw100043,2026-01-21,726,56,0.01
sw100043,2026-01-22,727,57,0.06
sw100043,2026-01-23,728,58,0.18
sw100043,2026-01-24,729,59,0.04
sw100043,2026-01-25,730,60,0.04
sw100043,2026-01-26,731,61,0.0
sw100043,2026-01-27,732,62,0.29
sw100043,2026-01-28,733,63,0.13
sw100043,2026-01-29,734,64,0.04
sw100043,2026-01-30,735,65,0.05
sw100043,2026-01-31,736,66,0.03
sw100043,2026-02-01,737,67,0.04
sw100043,2026-02-02,738,68,0.01
sw100043,2026-02-03,739,69,0.02
sw100043,2026-02-04,740,70,0.0
sw100043,2026-02-05,741,71,0.01
sw100043,2026-02-06,742,72,0.02
sw100043,2026-02-07,743,73,0.01
sw100043,2026-02-08,744,74,0.01
sw100043,2026-02-09,745,75,0.0
sw100043,2026-02-10,746,76,0.02
sw100043,2026-02-11,747,77,0.0
sw100043,2026-02-12,748,78,0.0
sw100043,2026-02-13,749,79,0.0
sw100043,2026-02-14,750,80,0.0
sw100043,2026-02-15,751,81,0.0
sw100043,2026-02-16,752,82,0.01
sw100043,2026-02-17,753,83,0.01
sw100043,2026-02-18,754,84,0.01
sw100043,2026-02-19,755,85,0.0
sw100043,2026-02-20,756,86,0.0
sw100043,2026-02-21,757,87,0.01
sw100043,2026-02-22,758,88,0.0
sw100043,2026-02-23,759,89,0.0
sw100043,2026-02-24,760,90,0.03
sw100043,2026-02-25,761,91,0.0
sw100043,2026-02-26,762,92,0.0
sw100043,2026-02-27,763,93,0.01
sw100043,2026-02-28,764,94,0.01
sw100043,2026-03-01,765,95,0.0
sw100043,2026-03-02,766,96,0.0
sw100043,2026-03-03,767,97,0.15
sw100043,2026-03-04,768,98,0.09
sw100043,2026-03-05,769,99,0.18
sw100044,2025-11-26,670,0,0.0
sw100044,2025-11-27,671,1,0.01
sw100044,2025-11-28,672,2,0.0
sw100044,2025-11-29,673,3,0.0
sw100044,2025-11-30,674,4,0.0
sw100044,2025-12-01,675,5,0.0
sw100044,2025-12-02,676,6,0.0
sw100044,2025-12-03,677,7,0.0
sw100044,2025-12-04,678,8,0.0
sw100044,2025-12-05,679,9,0.01
sw100044,2025-12-06,680,10,0.0
sw100044,2025-12-07,681,11,0.0
sw100044,2025-12-08,682,12,0.0
sw100044,2025-12-09,683,13,0.0
sw100044,2025-12-10,684,14,0.0
sw100044,2025-12-11,685,15,0.0
sw100044,2025-12-12,686,16,0.0
sw100044,2025-12-13,687,17,0.0
sw100044,2025-12-14,688,18,0.0
sw100044,2025-12-15,689,19,0.0
sw100044,2025-12-16,690,20,0.0
sw100044,2025-12-17,691,21,0.0
sw100044,2025-12-18,692,22,0.0
sw100044,2025-12-19,693,23,0.0
sw100044,2025-12-20,694,24,0.0
sw100044,2025-12-21,695,25,0.0
sw100044,2025-12-22,696,26,0.0
sw100044,2025-12-23,697,27,0.01
sw100044,2025-12-24,698,28,0.0
sw100044,2025-12-25,699,29,0.0
sw100044,2025-12-26,700,30,0.0
sw100044,2025-12-27,701,31,0.0
sw100044,2025-12-28,702,32,0.0
sw100044,2025-12-29,703,33,0.0
sw100044,2025-12-30,704,34,0.0
sw100044,2025-12-31,705,35,0.0
sw100044,2026-01-01,706,36,0.0
sw100044,2026-01-02,707,37,0.0
sw100044,2026-01-03,708,38,0.0
sw100044,2026-01-04,709,39,0.0
sw100044,2026-01-05,710,40,0.0
sw100044,2026-01-06,711,41,0.0
sw100044,2026-01-07,712,42,0.0
sw100044,2026-01-08,713,43,0.0
sw100044,2026-01-09,714,44,0.0
sw100044,2026-01-10,715,45,0.01
sw100044,2026-01-11,716,46,0.0
sw100044,2026-01-12,717,47,0.0
sw100044,2026-01-13,718,48,0.01
sw100044,2026-01-14,719,49,0.0
sw100044,2026-01-15,720,50,0.0
sw100044,2026-01-16,721,51,0.0
sw100044,2026-01-17,722,52,0.0
sw100044,2026-01-18,723,53,0.0
sw100044,2026-01-19,724,54,0.0
sw100044,2026-01-20,725,55,0.0
sw100044,2026-01-21,726,56,0.0
sw100044,2026-01-22,727,57,0.0
sw100044,2026-01-23,728,58,0.0
sw100044,2026-01-24,729,59,0.0
sw100044,2026-01-25,730,60,0.0
sw100044,2026-01-26,731,61,0.0
sw100044,2026-01-27,732,62,0.01
sw100044,2026-01-28,733,63,0.0
sw100044,2026-01-29,734,64,0.0
sw100044,2026-01-30,735,65,0.0
sw100044,2026-01-31,736,66,0.0
sw100044,2026-02-01,737,67,0.0
sw100044,2026-02-02,738,68,0.0
sw100044,2026-02-03,739,69,0.0
sw100044,2026-02-04,740,70,0.01
sw100044,2026-02-05,741,71,0.0
sw100044,2026-02-06,742,72,0.0
sw100044,2026-02-07,743,73,0.0
sw100044,2026-02-08,744,74,0.0
sw100044,2026-02-09,745,75,0.0
sw100044,2026-02-10,746,76,0.0
sw100044,2026-02-11,747,77,0.0
sw100044,2026-02-12,748,78,0.0
sw100044,2026-02-13,749,79,0.0
sw100044,2026-02-14,750,80,0.0
sw100044,2026-02-15,751,81,0.0
sw100044,2026-02-16,752,82,0.0
sw100044,2026-02-17,753,83,0.0
sw100044,2026-02-18,754,84,0.0
sw100044,2026-02-19,755,85,0.0
sw100044,2026-02-20,756,86,0.0
sw100044,2026-02-21,757,87,0.0
sw100044,2026-02-22,758,88,0.0
sw100044,2026-02-23,759,89,0.0
sw100044,2026-02-24,760,90,0.01
sw100044,2026-02-25,761,91,0.0
sw100044,2026-02-26,762,92,0.0
sw100044,2026-02-27,763,93,0.01
sw100044,2026-02-28,764,94,0.0
sw100044,2026-03-01,765,95,0.0
sw100044,2026-03-02,766,96,0.0
sw100044,2026-03-03,767,97,0.0
sw100044,2026-03-04,768,98,0.0
sw100044,2026-03-05,769,99,0.0
sw100045,2025-11-26,670,0,0.0
sw100045,2025-11-27,671,1,0.01
sw100045,2025-11-28,672,2,0.0
sw100045,2025-11-29,673,3,0.0
sw100045,2025-11-30,674,4,0.0
sw100045,2025-12-01,675,5,0.0
sw100045,2025-12-02,676,6,0.03
sw100045,2025-12-03,677,7,0.0
sw100045,2025-12-04,678,8,0.01
sw100045,2025-12-05,679,9,0.0
sw100045,2025-12-06,680,10,0.0
sw100045,2025-12-07,681,11,0.0
sw100045,2025-12-08,682,12,0.0
sw100045,2025-12-09,683,13,0.06
sw100045,2025-12-10,684,14,0.01
sw100045,2025-12-11,685,15,0.0
sw100045,2025-12-12,686,16,0.01
sw100045,2025-12-13,687,17,0.0
sw100045,2025-12-14,688,18,0.0
sw100045,2025-12-15,689,19,0.0
sw100045,2025-12-16,690,20,0.0
sw100045,2025-12-17,691,21,0.01
sw100045,2025-12-18,692,22,0.0
sw100045,2025-12-19,693,23,0.0
sw100045,2025-12-20,694,24,0.0
sw100045,2025-12-21,695,25,0.0
sw100045,2025-12-22,696,26,0.0
sw100045,2025-12-23,697,27,0.0
sw100045,2025-12-24,698,28,0.0
sw100045,2025-12-25,699,29,0.0
sw100045,2025-12-26,700,30,0.0
sw100045,2025-12-27,701,31,0.0
sw100045,2025-12-28,702,32,0.01
sw100045,2025-12-29,703,33,0.0
sw100045,2025-12-30,704,34,0.0
sw100045,2025-12-31,705,35,0.0
sw100045,2026-01-01,706,36,0.0
sw100045,2026-01-02,707,37,0.0
sw100045,2026-01-03,708,38,0.0
sw100045,2026-01-04,709,39,0.0
sw100045,2026-01-05,710,40,0.0
sw100045,2026-01-06,711,41,0.0
sw100045,2026-01-07,712,42,0.01
sw100045,2026-01-08,713,43,0.0
sw100045,2026-01-09,714,44,0.0
sw100045,2026-01-10,715,45,0.0
sw100045,2026-01-11,716,46,0.0
sw100045,2026-01-12,717,47,0.0
sw100045,2026-01-13,718,48,0.0
sw100045,2026-01-14,719,49,0.0
sw100045,2026-01-15,720,50,0.0
sw100045,2026-01-16,721,51,0.0
sw100045,2026-01-17,722,52,0.0
sw100045,2026-01-18,723,53,0.0
sw100045,2026-01-19,724,54,0.0
sw100045,2026-01-20,725,55,0.0
sw100045,2026-01-21,726,56,0.0
sw100045,2026-01-22,727,57,0.0
sw100045,2026-01-23,728,58,0.0
sw100045,2026-01-24,729,59,0.02
sw100045,2026-01-25,730,60,0.0
sw100045,2026-01-26,731,61,0.0
sw100045,2026-01-27,732,62,0.01
sw100045,2026-01-28,733,63,0.02
sw100045,2026-01-29,734,64,0.0
sw100045,2026-01-30,735,65,0.01
sw100045,2026-01-31,736,66,0.0
sw100045,2026-02-01,737,67,0.0
sw100045,2026-02-02,738,68,0.0
sw100045,2026-02-03,739,69,0.0
sw100045,2026-02-04,740,70,0.0
sw100045,2026-02-05,741,71,0.0
sw100045,2026-02-06,742,72,0.0
sw100045,2026-02-07,743,73,0.0
sw100045,2026-02-08,744,74,0.0
sw100045,2026-02-09,745,75,0.0
sw100045,2026-02-10,746,76,0.18
sw100045,2026-02-11,747,77,0.14
sw100045,2026-02-12,748,78,0.02
sw100045,2026-02-13,749,79,0.01
sw100045,2026-02-14,750,80,0.0
sw100045,2026-02-15,751,81,0.0
sw100045,2026-02-16,752,82,0.0
sw100045,2026-02-17,753,83,0.04
sw100045,2026-02-18,754,84,0.04
sw100045,2026-02-19,755,85,0.0
sw100045,2026-02-20,756,86,0.02
sw100045,2026-02-21,757,87,0.01
sw100045,2026-02-22,758,88,0.0
sw100045,2026-02-23,759,89,0.01
sw100045,2026-02-24,760,90,0.07
sw100045,2026-02-25,761,91,0.04
sw100045,2026-02-26,762,92,0.0
sw100045,2026-02-27,763,93,0.03
sw100045,2026-02-28,764,94,0.0
sw100045,2026-03-01,765,95,0.0
sw100045,2026-03-02,766,96,0.0
sw100045,2026-03-03,767,97,0.06
sw100045,2026-03-04,768,98,0.01
sw100045,2026-03-05,769,99,0.01
sw10017,2025-11-26,670,0,0.0
sw10017,2025-11-27,671,1,0.01
sw10017,2025-11-28,672,2,0.0
sw10017,2025-11-29,673,3,0.0
sw10017,2025-11-30,674,4,0.0
sw10017,2025-12-01,675,5,0.0
sw10017,2025-12-02,676,6,0.0
sw10017,2025-12-03,677,7,0.0
sw10017,2025-12-04,678,8,0.0
sw10017,2025-12-05,679,9,0.0
sw10017,2025-12-06,680,10,0.0
sw10017,2025-12-07,681,11,0.0
sw10017,2025-12-08,682,12,0.0
sw10017,2025-12-09,683,13,0.0
sw10017,2025-12-10,684,14,0.0
sw10017,2025-12-11,685,15,0.0
sw10017,2025-12-12,686,16,0.0
sw10017,2025-12-13,687,17,0.0
sw10017,2025-12-14,688,18,0.0
sw10017,2025-12-15,689,19,0.0
sw10017,2025-12-16,690,20,0.01
sw10017,2025-12-17,691,21,0.01
sw10017,2025-12-18,692,22,0.0
sw10017,2025-12-19,693,23,0.0
sw10017,2025-12-20,694,24,0.0
sw10017,2025-12-21,695,25,0.0
sw10017,2025-12-22,696,26,0.0
sw10017,2025-12-23,697,27,0.01
sw10017,2025-12-24,698,28,0.0
sw10017,2025-12-25,699,29,0.0
sw10017,2025-12-26,700,30,0.01
sw10017,2025-12-27,701,31,0.0
sw10017,2025-12-28,702,32,0.0
sw10017,2025-12-29,703,33,0.0
sw10017,2025-12-30,704,34,0.0
sw10017,2025-12-31,705,35,0.0
sw10017,2026-01-01,706,36,0.0
sw10017,2026-01-02,707,37,0.0
sw10017,2026-01-03,708,38,0.01
sw10017,2026-01-04,709,39,0.0
sw10017,2026-01-05,710,40,0.0
sw10017,2026-01-06,711,41,0.01
sw10017,2026-01-07,712,42,0.0
sw10017,2026-01-08,713,43,0.0
sw10017,2026-01-09,714,44,0.0
sw10017,2026-01-10,715,45,0.0
sw10017,2026-01-11,716,46,0.0
sw10017,2026-01-12,717,47,0.0
sw10017,2026-01-13,718,48,0.0
sw10017,2026-01-14,719,49,0.0
sw10017,2026-01-15,720,50,0.0
sw10017,2026-01-16,721,51,0.0
sw10017,2026-01-17,722,52,0.02
sw10017,2026-01-18,723,53,0.0
sw10017,2026-01-19,724,54,0.0
sw10017,2026-01-20,725,55,0.01
sw10017,2026-01-21,726,56,0.0
sw10017,2026-01-22,727,57,0.0
sw10017,2026-01-23,728,58,0.0
sw10017,2026-01-24,729,59,0.0
sw10017,2026-01-25,730,60,0.0
sw10017,2026-01-26,731,61,0.01
sw10017,2026-01-27,732,62,0.04
sw10017,2026-01-28,733,63,0.0
sw10017,2026-01-29,734,64,0.01
sw10017,2026-01-30,735,65,0.0
sw10017,2026-01-31,736,66,0.01
sw10017,2026-02-01,737,67,0.01
sw10017,2026-02-02,738,68,0.0
sw10017,2026-02-03,739,69,0.0
sw10017,2026-02-04,740,70,0.0
sw10017,2026-02-05,741,71,0.02
sw10017,2026-02-06,742,72,0.0
sw10017,2026-02-07,743,73,0.0
sw10017,2026-02-08,744,74,0.0
sw10017,2026-02-09,745,75,0.0
sw10017,2026-02-10,746,76,0.0
sw10017,2026-02-11,747,77,0.02
sw10017,2026-02-12,748,78,0.0
sw10017,2026-02-13,749,79,0.0
sw10017,2026-02-14,750,80,0.0
sw10017,2026-02-15,751,81,0.0
sw10017,2026-02-16,752,82,0.0
sw10017,2026-02-17,753,83,0.0
sw10017,2026-02-18,754,84,0.0
sw10017,2026-02-19,755,85,0.0
sw10017,2026-02-20,756,86,0.0
sw10017,2026-02-21,757,87,0.0
sw10017,2026-02-22,758,88,0.0
sw10017,2026-02-23,759,89,0.0
sw10017,2026-02-24,760,90,0.01
sw10017,2026-02-25,761,91,0.0
sw10017,2026-02-26,762,92,0.0
sw10017,2026-02-27,763,93,0.0
sw10017,2026-02-28,764,94,0.0
sw10017,2026-03-01,765,95,0.0
sw10017,2026-03-02,766,96,0.0
sw10017,2026-03-03,767,97,0.0
sw10017,2026-03-04,768,98,0.0
sw10017,2026-03-05,769,99,0.01
sw100171,2025-11-26,670,0,0.15
sw100171,2025-11-27,671,1,0.27
sw100171,2025-11-28,672,2,0.15
sw100171,2025-11-29,673,3,0.19
sw100171,2025-11-30,674,4,0.33
sw100171,2025-12-01,675,5,0.22
sw100171,2025-12-02,676,6,1.29
sw100171,2025-12-03,677,7,1.07
sw100171,2025-12-04,678,8,0.44
sw100171,2025-12-05,679,9,0.02
sw100171,2025-12-06,680,10,0.0
sw100171,2025-12-07,681,11,0.0
sw100171,2025-12-08,682,12,0.0
sw100171,2025-12-09,683,13,0.01
sw100171,2025-12-10,684,14,0.0
sw100171,2025-12-11,685,15,0.0
sw100171,2025-12-12,686,16,0.0
sw100171,2025-12-13,687,17,0.0
sw100171,2025-12-14,688,18,0.0
sw100171,2025-12-15,689,19,0.0
sw100171,2025-12-16,690,20,0.0
sw100171,2025-12-17,691,21,0.0
sw100171,2025-12-18,692,22,0.0
sw100171,2025-12-19,693,23,0.0
sw100171,2025-12-20,694,24,0.01
sw100171,2025-12-21,695,25,0.0
sw100171,2025-12-22,696,26,0.0
sw100171,2025-12-23,697,27,0.0
sw100171,2025-12-24,698,28,0.0
sw100171,2025-12-25,699,29,0.0
sw100171,2025-12-26,700,30,0.0
sw100171,2025-12-27,701,31,0.0
sw100171,2025-12-28,702,32,0.0
sw100171,2025-12-29,703,33,0.0
sw100171,2025-12-30,704,34,0.0
sw100171,2025-12-31,705,35,0.0
sw100171,2026-01-01,706,36,0.0
sw100171,2026-01-02,707,37,0.0
sw100171,2026-01-03,708,38,0.0
sw100171,2026-01-04,709,39,0.0
sw100171,2026-01-05,710,40,0.0
sw100171,2026-01-06,711,41,0.0
sw100171,2026-01-07,712,42,0.0
sw100171,2026-01-08,713,43,0.0
sw100171,2026-01-09,714,44,0.01
sw100171,2026-01-10,715,45,0.0
sw100171,2026-01-11,716,46,0.0
sw100171,2026-01-12,717,47,0.0
sw100171,2026-01-13,718,48,0.0
sw100171,2026-01-14,719,49,0.0
sw100171,2026-01-15,720,50,0.0
sw100171,2026-01-16,721,51,0.0
sw100171,2026-01-17,722,52,0.0
sw100171,2026-01-18,723,53,0.0
sw100171,2026-01-19,724,54,0.01
sw100171,2026-01-20,725,55,0.07
sw100171,2026-01-21,726,56,0.01
sw100171,2026-01-22,727,57,0.02
sw100171,2026-01-23,728,58,0.0
sw100171,2026-01-24,729,59,0.01
sw100171,2026-01-25,730,60,0.0
sw100171,2026-01-26,731,61,0.0
sw100171,2026-01-27,732,62,0.06
sw100171,2026-01-28,733,63,0.0
sw100171,2026-01-29,734,64,0.0
sw100171,2026-01-30,735,65,0.0
sw100171,2026-01-31,736,66,0.01
sw100171,2026-02-01,737,67,0.0
sw100171,2026-02-02,738,68,0.0
sw100171,2026-02-03,739,69,0.01
sw100171,2026-02-04,740,70,0.01
sw100171,2026-02-05,741,71,0.0
sw100171,2026-02-06,742,72,0.0
sw100171,2026-02-07,743,73,0.0
sw100171,2026-02-08,744,74,0.0
sw100171,2026-02-09,745,75,0.0
sw100171,2026-02-10,746,76,0.04
sw100171,2026-02-11,747,77,0.04
sw100171,2026-02-12,748,78,0.06
sw100171,2026-02-13,749,79,0.05
sw100171,2026-02-14,750,80,0.03
sw100171,2026-02-15,751,81,0.02
sw100171,2026-02-16,752,82,0.01
sw100171,2026-02-17,753,83,1.38
sw100171,2026-02-18,754,84,0.4
sw100171,2026-02-19,755,85,0.72
sw100171,2026-02-20,756,86,0.64
sw100171,2026-02-21,757,87,0.35
sw100171,2026-02-22,758,88,0.05
sw100171,2026-02-23,759,89,0.01
sw100171,2026-02-24,760,90,0.65
sw100171,2026-02-25,761,91,0.13
sw100171,2026-02-26,762,92,0.56
sw100171,2026-02-27,763,93,0.07
sw100171,2026-02-28,764,94,0.09
sw100171,2026-03-01,765,95,0.0
sw100171,2026-03-02,766,96,0.01
sw100171,2026-03-03,767,97,0.51
sw100171,2026-03-04,768,98,0.26
sw100171,2026-03-05,769,99,0.08
sw100172,2025-11-26,670,0,0.0
sw100172,2025-11-27,671,1,0.0
sw100172,2025-11-28,672,2,0.01
sw100172,2025-11-29,673,3,0.0
sw100172,2025-11-30,674,4,0.0
sw100172,2025-12-01,675,5,0.0
sw100172,2025-12-02,676,6,0.3
sw100172,2025-12-03,677,7,0.2
sw100172,2025-12-04,678,8,0.22
sw100172,2025-12-05,679,9,0.2
sw100172,2025-12-06,680,10,0.23
sw100172,2025-12-07,681,11,0.06
sw100172,2025-12-08,682,12,0.05
sw100172,2025-12-09,683,13,0.58
sw100172,2025-12-10,684,14,0.01
sw100172,2025-12-11,685,15,0.03
sw100172,2025-12-12,686,16,0.02
sw100172,2025-12-13,687,17,0.02
sw100172,2025-12-14,688,18,0.01
sw100172,2025-12-15,689,19,0.0
sw100172,2025-12-16,690,20,0.0
sw100172,2025-12-17,691,21,0.01
sw100172,2025-12-18,692,22,0.0
sw100172,2025-12-19,693,23,0.0
sw100172,2025-12-20,694,24,0.0
sw100172,2025-12-21,695,25,0.0
sw100172,2025-12-22,696,26,0.0
sw100172,2025-12-23,697,27,0.01
sw100172,2025-12-24,698,28,0.01
sw100172,2025-12-25,699,29,0.0
sw100172,2025-12-26,700,30,0.0
sw100172,2025-12-27,701,31,0.0
sw100172,2025-12-28,702,32,0.0
sw100172,2025-12-29,703,33,0.0
sw100172,2025-12-30,704,34,0.01
sw100172,2025-12-31,705,35,0.0
sw100172,2026-01-01,706,36,0.0
sw100172,2026-01-02,707,37,0.0
sw100172,2026-01-03,708,38,0.0
sw100172,2026-01-04,709,39,0.0
sw100172,2026-01-05,710,40,0.0
sw100172,2026-01-06,711,41,0.01
sw100172,2026-01-07,712,42,0.0
sw100172,2026-01-08,713,43,0.0
sw100172,2026-01-09,714,44,0.01
sw100172,2026-01-10,715,45,0.0
sw100172,2026-01-11,716,46,0.0
sw100172,2026-01-12,717,47,0.0
sw100172,2026-01-13,718,48,0.01
sw100172,2026-01-14,719,49,0.0
sw100172,2026-01-15,720,50,0.0
sw100172,2026-01-16,721,51,0.0
sw100172,2026-01-17,722,52,0.0
sw100172,2026-01-18,723,53,0.0
sw100172,2026-01-19,724,54,0.0
sw100172,2026-01-20,725,55,0.03
sw100172,2026-01-21,726,56,0.01
sw100172,2026-01-22,727,57,0.0
sw100172,2026-01-23,728,58,0.01
sw100172,2026-01-24,729,59,0.0
sw100172,2026-01-25,730,60,0.0
sw100172,2026-01-26,731,61,0.0
sw100172,2026-01-27,732,62,0.27
sw100172,2026-01-28,733,63,0.04
sw100172,2026-01-29,734,64,0.05
sw100172,2026-01-30,735,65,0.07
sw100172,2026-01-31,736,66,0.13
sw100172,2026-02-01,737,67,0.02
sw100172,2026-02-02,738,68,0.01
sw100172,2026-02-03,739,69,0.07
sw100172,2026-02-04,740,70,0.02
sw100172,2026-02-05,741,71,0.0
sw100172,2026-02-06,742,72,0.0
sw100172,2026-02-07,743,73,0.0
sw100172,2026-02-08,744,74,0.0
sw100172,2026-02-09,745,75,0.0
sw100172,2026-02-10,746,76,0.02
sw100172,2026-02-11,747,77,0.0
sw100172,2026-02-12,748,78,0.0
sw100172,2026-02-13,749,79,0.02
sw100172,2026-02-14,750,80,0.01
sw100172,2026-02-15,751,81,0.01
sw100172,2026-02-16,752,82,0.01
sw100172,2026-02-17,753,83,0.04
sw100172,2026-02-18,754,84,0.0
sw100172,2026-02-19,755,85,0.03
sw100172,2026-02-20,756,86,0.03
sw100172,2026-02-21,757,87,0.0
sw100172,2026-02-22,758,88,0.0
sw100172,2026-02-23,759,89,0.01
sw100172,2026-02-24,760,90,0.28
sw100172,2026-02-25,761,91,0.09
sw100172,2026-02-26,762,92,0.02
sw100172,2026-02-27,763,93,0.08
sw100172,2026-02-28,764,94,0.01
sw100172,2026-03-01,765,95,0.0
sw100172,2026-03-02,766,96,0.0
sw100172,2026-03-03,767,97,0.16
sw100172,2026-03-04,768,98,0.03
sw100172,2026-03-05,769,99,0.04
sw100173,2025-11-26,670,0,0.0
sw100173,2025-11-27,671,1,0.0
sw100173,2025-11-28,672,2,0.01
sw100173,2025-11-29,673,3,0.0
sw100173,2025-11-30,674,4,0.01
sw100173,2025-12-01,675,5,0.0
sw100173,2025-12-02,676,6,0.23
sw100173,2025-12-03,677,7,0.02
sw100173,2025-12-04,678,8,0.01
sw100173,2025-12-05,679,9,0.03
sw100173,2025-12-06,680,10,0.02
sw100173,2025-12-07,681,11,0.01
sw100173,2025-12-08,682,12,0.0
sw100173,2025-12-09,683,13,0.12
sw100173,2025-12-10,684,14,0.01
sw100173,2025-12-11,685,15,0.0
sw100173,2025-12-12,686,16,0.02
sw100173,2025-12-13,687,17,0.01
sw100173,2025-12-14,688,18,0.0
sw100173,2025-12-15,689,19,0.01
sw100173,2025-12-16,690,20,0.0
sw100173,2025-12-17,691,21,0.0
sw100173,2025-12-18,692,22,0.0
sw100173,2025-12-19,693,23,0.0
sw100173,2025-12-20,694,24,0.0
sw100173,2025-12-21,695,25,0.0
sw100173,2025-12-22,696,26,0.0
sw100173,2025-12-23,697,27,0.0
sw100173,2025-12-24,698,28,0.0
sw100173,2025-12-25,699,29,0.0
sw100173,2025-12-26,700,30,0.0
sw100173,2025-12-27,701,31,0.0
sw100173,2025-12-28,702,32,0.0
sw100173,2025-12-29,703,33,0.0
sw100173,2025-12-30,704,34,0.0
sw100173,2025-12-31,705,35,0.0
sw100173,2026-01-01,706,36,0.0
sw100173,2026-01-02,707,37,0.0
sw100173,2026-01-03,708,38,0.0
sw100173,2026-01-04,709,39,0.0
sw100173,2026-01-05,710,40,0.0
sw100173,2026-01-06,711,41,0.0
sw100173,2026-01-07,712,42,0.0
sw100173,2026-01-08,713,43,0.0
sw100173,2026-01-09,714,44,0.0
sw100173,2026-01-10,715,45,0.0
sw100173,2026-01-11,716,46,0.0
sw100173,2026-01-12,717,47,0.0
sw100173,2026-01-13,718,48,0.0
sw100173,2026-01-14,719,49,0.0
sw100173,2026-01-15,720,50,0.0
sw100173,2026-01-16,721,51,0.0
sw100173,2026-01-17,722,52,0.0
sw100173,2026-01-18,723,53,0.0
sw100173,2026-01-19,724,54,0.0
sw100173,2026-01-20,725,55,0.01
sw100173,2026-01-21,726,56,0.0
sw100173,2026-01-22,727,57,0.0
sw100173,2026-01-23,728,58,0.0
sw100173,2026-01-24,729,59,0.0
sw100173,2026-01-25,730,60,0.0
sw100173,2026-01-26,731,61,0.0
sw100173,2026-01-27,732,62,0.0
sw100173,2026-01-28,733,63,0.0
sw100173,2026-01-29,734,64,0.0
sw100173,2026-01-30,735,65,0.0
sw100173,2026-01-31,736,66,0.0
sw100173,2026-02-01,737,67,0.0
sw100173,2026-02-02,738,68,0.0
sw100173,2026-02-03,739,69,0.0
sw100173,2026-02-04,740,70,0.0
sw100173,2026-02-05,741,71,0.0
sw100173,2026-02-06,742,72,0.0
sw100173,2026-02-07,743,73,0.0
sw100173,2026-02-08,744,74,0.0
sw100173,2026-02-09,745,75,0.0
sw100173,2026-02-10,746,76,0.0
sw100173,2026-02-11,747,77,0.0
sw100173,2026-02-12,748,78,0.0
sw100173,2026-02-13,749,79,0.0
sw100173,2026-02-14,750,80,0.0
sw100173,2026-02-15,751,81,0.0
sw100173,2026-02-16,752,82,0.0
sw100173,2026-02-17,753,83,0.0
sw100173,2026-02-18,754,84,0.0
sw100173,2026-02-19,755,85,0.0
sw100173,2026-02-20,756,86,0.0
sw100173,2026-02-21,757,87,0.0
sw100173,2026-02-22,758,88,0.0
sw100173,2026-02-23,759,89,0.0
sw100173,2026-02-24,760,90,0.0
sw100173,2026-02-25,761,91,0.0
sw100173,2026-02-26,762,92,0.0
sw100173,2026-02-27,763,93,0.0
sw100173,2026-02-28,764,94,0.0
sw100173,2026-03-01,765,95,0.0
sw100173,2026-03-02,766,96,0.0
sw100173,2026-03-03,767,97,0.0
sw100173,2026-03-04,768,98,0.0
sw100173,2026-03-05,769,99,0.0
sw100174,2025-11-26,670,0,0.0
sw100174,2025-11-27,671,1,0.0
sw100174,2025-11-28,672,2,0.0
sw100174,2025-11-29,673,3,0.0
sw100174,2025-11-30,674,4,0.0
sw100174,2025-12-01,675,5,0.0
sw100174,2025-12-02,676,6,0.0
sw100174,2025-12-03,677,7,0.0
sw100174,2025-12-04,678,8,0.0
sw100174,2025-12-05,679,9,0.0
sw100174,2025-12-06,680,10,0.0
sw100174,2025-12-07,681,11,0.0
sw100174,2025-12-08,682,12,0.0
sw100174,2025-12-09,683,13,0.0
sw100174,2025-12-10,684,14,0.0
sw100174,2025-12-11,685,15,0.0
sw100174,2025-12-12,686,16,0.0
sw100174,2025-12-13,687,17,0.0
sw100174,2025-12-14,688,18,0.0
sw100174,2025-12-15,689,19,0.0
sw100174,2025-12-16,690,20,0.0
sw100174,2025-12-17,691,21,0.0
sw100174,2025-12-18,692,22,0.0
sw100174,2025-12-19,693,23,0.0
sw100174,2025-12-20,694,24,0.0
sw100174,2025-12-21,695,25,0.0
sw100174,2025-12-22,696,26,0.0
sw100174,2025-12-23,697,27,0.0
sw100174,2025-12-24,698,28,0.0
sw100174,2025-12-25,699,29,0.0
sw100174,2025-12-26,700,30,0.0
sw100174,2025-12-27,701,31,0.0
sw100174,2025-12-28,702,32,0.0
sw100174,2025-12-29,703,33,0.0
sw100174,2025-12-30,704,34,0.0
sw100174,2025-12-31,705,35,0.0
sw100174,2026-01-01,706,36,0.0
sw100174,2026-01-02,707,37,0.0
sw100174,2026-01-03,708,38,0.0
sw100174,2026-01-04,709,39,0.0
sw100174,2026-01-05,710,40,0.0
sw100174,2026-01-06,711,41,0.0
sw100174,2026-01-07,712,42,0.0
sw100174,2026-01-08,713,43,0.0
sw100174,2026-01-09,714,44,0.0
sw100174,2026-01-10,715,45,0.0
sw100174,2026-01-11,716,46,0.0
sw100174,2026-01-12,717,47,0.0
sw100174,2026-01-13,718,48,0.0
sw100174,2026-01-14,719,49,0.0
sw100174,2026-01-15,720,50,0.0
sw100174,2026-01-16,721,51,0.0
sw100174,2026-01-17,722,52,0.0
sw100174,2026-01-18,723,53,0.0
sw100174,2026-01-19,724,54,0.0
sw100174,2026-01-20,725,55,0.0
sw100174,2026-01-21,726,56,0.0
sw100174,2026-01-22,727,57,0.01
sw100174,2026-01-23,728,58,0.0
sw100174,2026-01-24,729,59,0.0
sw100174,2026-01-25,730,60,0.0
sw100174,2026-01-26,731,61,0.0
sw100174,2026-01-27,732,62,0.0
sw100174,2026-01-28,733,63,0.0
sw100174,2026-01-29,734,64,0.0
sw100174,2026-01-30,735,65,0.0
sw100174,2026-01-31,736,66,0.0
sw100174,2026-02-01,737,67,0.0
sw100174,2026-02-02,738,68,0.0
sw100174,2026-02-03,739,69,0.0
sw100174,2026-02-04,740,70,0.01
sw100174,2026-02-05,741,71,0.0
sw100174,2026-02-06,742,72,0.0
sw100174,2026-02-07,743,73,0.0
sw100174,2026-02-08,744,74,0.0
sw100174,2026-02-09,745,75,0.0
sw100174,2026-02-10,746,76,0.0
sw100174,2026-02-11,747,77,0.0
sw100174,2026-02-12,748,78,0.0
sw100174,2026-02-13,749,79,0.0
sw100174,2026-02-14,750,80,0.0
sw100174,2026-02-15,751,81,0.0
sw100174,2026-02-16,752,82,0.0
sw100174,2026-02-17,753,83,0.0
sw100174,2026-02-18,754,84,0.0
sw100174,2026-02-19,755,85,0.0
sw100174,2026-02-20,756,86,0.0
sw100174,2026-02-21,757,87,0.0
sw100174,2026-02-22,758,88,0.0
sw100174,2026-02-23,759,89,0.0
sw100174,2026-02-24,760,90,0.0
sw100174,2026-02-25,761,91,0.0
sw100174,2026-02-26,762,92,0.0
sw100174,2026-02-27,763,93,0.0
sw100174,2026-02-28,764,94,0.0
sw100174,2026-03-01,765,95,0.0
sw100174,2026-03-02,766,96,0.0
sw100174,2026-03-03,767,97,0.01
sw100174,2026-03-04,768,98,0.0
sw100174,2026-03-05,769,99,0.0
sw100175,2025-11-26,670,0,0.0
sw100175,2025-11-27,671,1,0.0
sw100175,2025-11-28,672,2,0.0
sw100175,2025-11-29,673,3,0.0
sw100175,2025-11-30,674,4,0.0
sw100175,2025-12-01,675,5,0.0
sw100175,2025-12-02,676,6,0.07
sw100175,2025-12-03,677,7,0.12
sw100175,2025-12-04,678,8,0.07
sw100175,2025-12-05,679,9,0.04
sw100175,2025-12-06,680,10,0.0
sw100175,2025-12-07,681,11,0.0
sw100175,2025-12-08,682,12,0.0
sw100175,2025-12-09,683,13,0.0
sw100175,2025-12-10,684,14,0.0
sw100175,2025-12-11,685,15,0.0
sw100175,2025-12-12,686,16,0.0
sw100175,2025-12-13,687,17,0.0
sw100175,2025-12-14,688,18,0.0
sw100175,2025-12-15,689,19,0.0
sw100175,2025-12-16,690,20,0.01
sw100175,2025-12-17,691,21,0.0
sw100175,2025-12-18,692,22,0.0
sw100175,2025-12-19,693,23,0.0
sw100175,2025-12-20,694,24,0.0
sw100175,2025-12-21,695,25,0.0
sw100175,2025-12-22,696,26,0.0
sw100175,2025-12-23,697,27,0.0
sw100175,2025-12-24,698,28,0.0
sw100175,2025-12-25,699,29,0.0
sw100175,2025-12-26,700,30,0.0
sw100175,2025-12-27,701,31,0.0
sw100175,2025-12-28,702,32,0.0
sw100175,2025-12-29,703,33,0.0
sw100175,2025-12-30,704,34,0.0
sw100175,2025-12-31,705,35,0.0
sw100175,2026-01-01,706,36,0.0
sw100175,2026-01-02,707,37,0.0
sw100175,2026-01-03,708,38,0.0
sw100175,2026-01-04,709,39,0.0
sw100175,2026-01-05,710,40,0.0
sw100175,2026-01-06,711,41,0.0
sw100175,2026-01-07,712,42,0.0
sw100175,2026-01-08,713,43,0.0
sw100175,2026-01-09,714,44,0.0
sw100175,2026-01-10,715,45,0.0
sw100175,2026-01-11,716,46,0.0
sw100175,2026-01-12,717,47,0.01
sw100175,2026-01-13,718,48,0.0
sw100175,2026-01-14,719,49,0.0
sw100175,2026-01-15,720,50,0.0
sw100175,2026-01-16,721,51,0.0
sw100175,2026-01-17,722,52,0.0
sw100175,2026-01-18,723,53,0.0
sw100175,2026-01-19,724,54,0.0
sw100175,2026-01-20,725,55,0.0
sw100175,2026-01-21,726,56,0.0
sw100175,2026-01-22,727,57,0.0
sw100175,2026-01-23,728,58,0.0
sw100175,2026-01-24,729,59,0.0
sw100175,2026-01-25,730,60,0.0
sw100175,2026-01-26,731,61,0.0
sw100175,2026-01-27,732,62,0.0
sw100175,2026-01-28,733,63,0.0
sw100175,2026-01-29,734,64,0.0
sw100175,2026-01-30,735,65,0.0
sw100175,2026-01-31,736,66,0.0
sw100175,2026-02-01,737,67,0.0
sw100175,2026-02-02,738,68,0.0
sw100175,2026-02-03,739,69,0.0
sw100175,2026-02-04,740,70,0.0
sw100175,2026-02-05,741,71,0.0
sw100175,2026-02-06,742,72,0.0
sw100175,2026-02-07,743,73,0.01
sw100175,2026-02-08,744,74,0.0
sw100175,2026-02-09,745,75,0.0
sw100175,2026-02-10,746,76,0.0
sw100175,2026-02-11,747,77,0.0
sw100175,2026-02-12,748,78,0.0
sw100175,2026-02-13,749,79,0.0
sw100175,2026-02-14,750,80,0.0
sw100175,2026-02-15,751,81,0.0
sw100175,2026-02-16,752,82,0.0
sw100175,2026-02-17,753,83,0.01
sw100175,2026-02-18,754,84,0.01
sw100175,2026-02-19,755,85,0.0
sw100175,2026-02-20,756,86,0.01
sw100175,2026-02-21,757,87,0.05
sw100175,2026-02-22,758,88,0.0
sw100175,2026-02-23,759,89,0.0
sw100175,2026-02-24,760,90,0.08
sw100175,2026-02-25,761,91,0.02
sw100175,2026-02-26,762,92,0.01
sw100175,2026-02-27,763,93,0.0
sw100175,2026-02-28,764,94,0.0
sw100175,2026-03-01,765,95,0.0
sw100175,2026-03-02,766,96,0.0
sw100175,2026-03-03,767,97,0.0
sw100175,2026-03-04,768,98,0.0
sw100175,2026-03-05,769,99,0.0
sw10018,2025-11-26,670,0,0.51
sw10018,2025-11-27,671,1,0.1
sw10018,2025-11-28,672,2,0.0
sw10018,2025-11-29,673,3,0.0
sw10018,2025-11-30,674,4,0.0
sw10018,2025-12-01,675,5,0.0
sw10018,2025-12-02,676,6,0.05
sw10018,2025-12-03,677,7,0.01
sw10018,2025-12-04,678,8,0.02
sw10018,2025-12-05,679,9,0.03
sw10018,2025-12-06,680,10,0.01
sw10018,2025-12-07,681,11,0.0
sw10018,2025-12-08,682,12,0.0
sw10018,2025-12-09,683,13,0.39
sw10018,2025-12-10,684,14,0.06
sw10018,2025-12-11,685,15,0.11
sw10018,2025-12-12,686,16,0.03
sw10018,2025-12-13,687,17,0.02
sw10018,2025-12-14,688,18,0.0
sw10018,2025-12-15,689,19,0.01
sw10018,2025-12-16,690,20,0.01
sw10018,2025-12-17,691,21,0.0
sw10018,2025-12-18,692,22,0.0
sw10018,2025-12-19,693,23,0.0
sw10018,2025-12-20,694,24,0.0
sw10018,2025-12-21,695,25,0.0
sw10018,2025-12-22,696,26,0.0
sw10018,2025-12-23,697,27,0.01
sw10018,2025-12-24,698,28,0.01
sw10018,2025-12-25,699,29,0.0
sw10018,2025-12-26,700,30,0.0
sw10018,2025-12-27,701,31,0.0
sw10018,2025-12-28,702,32,0.0
sw10018,2025-12-29,703,33,0.0
sw10018,2025-12-30,704,34,0.0
sw10018,2025-12-31,705,35,0.0
sw10018,2026-01-01,706,36,0.0
sw10018,2026-01-02,707,37,0.0
sw10018,2026-01-03,708,38,0.0
sw10018,2026-01-04,709,39,0.0
sw10018,2026-01-05,710,40,0.0
sw10018,2026-01-06,711,41,0.06
sw10018,2026-01-07,712,42,0.05
sw10018,2026-01-08,713,43,0.03
sw10018,2026-01-09,714,44,0.02
sw10018,2026-01-10,715,45,0.04
sw10018,2026-01-11,716,46,0.01
sw10018,2026-01-12,717,47,0.01
sw10018,2026-01-13,718,48,0.42
sw10018,2026-01-14,719,49,0.3
sw10018,2026-01-15,720,50,0.02
sw10018,2026-01-16,721,51,0.18
sw10018,2026-01-17,722,52,0.01
sw10018,2026-01-18,723,53,0.02
sw10018,2026-01-19,724,54,0.02
sw10018,2026-01-20,725,55,0.25
sw10018,2026-01-21,726,56,0.05
sw10018,2026-01-22,727,57,0.03
sw10018,2026-01-23,728,58,0.06
sw10018,2026-01-24,729,59,0.02
sw10018,2026-01-25,730,60,0.01
sw10018,2026-01-26,731,61,0.01
sw10018,2026-01-27,732,62,0.3
sw10018,2026-01-28,733,63,0.05
sw10018,2026-01-29,734,64,0.03
sw10018,2026-01-30,735,65,0.15
sw10018,2026-01-31,736,66,0.02
sw10018,2026-02-01,737,67,0.0
sw10018,2026-02-02,738,68,0.01
sw10018,2026-02-03,739,69,0.03
sw10018,2026-02-04,740,70,0.02
sw10018,2026-02-05,741,71,0.0
sw10018,2026-02-06,742,72,0.03
sw10018,2026-02-07,743,73,0.01
sw10018,2026-02-08,744,74,0.01
sw10018,2026-02-09,745,75,0.01
sw10018,2026-02-10,746,76,0.11
sw10018,2026-02-11,747,77,0.06
sw10018,2026-02-12,748,78,0.05
sw10018,2026-02-13,749,79,0.09
sw10018,2026-02-14,750,80,0.03
sw10018,2026-02-15,751,81,0.0
sw10018,2026-02-16,752,82,0.02
sw10018,2026-02-17,753,83,0.64
sw10018,2026-02-18,754,84,0.2
sw10018,2026-02-19,755,85,0.38
sw10018,2026-02-20,756,86,0.26
sw10018,2026-02-21,757,87,0.18
sw10018,2026-02-22,758,88,0.07
sw10018,2026-02-23,759,89,0.0
sw10018,2026-02-24,760,90,0.57
sw10018,2026-02-25,761,91,0.37
sw10018,2026-02-26,762,92,0.12
sw10018,2026-02-27,763,93,0.13
sw10018,2026-02-28,764,94,0.07
sw10018,2026-03-01,765,95,0.01
sw10018,2026-03-02,766,96,0.0
sw10018,2026-03-03,767,97,0.49
sw10018,2026-03-04,768,98,0.13
sw10018,2026-03-05,769,99,0.16
sw100181,2025-11-26,670,0,0.56
sw100181,2025-11-27,671,1,0.44
sw100181,2025-11-28,672,2,0.64
sw100181,2025-11-29,673,3,0.54
sw100181,2025-11-30,674,4,0.26
sw100181,2025-12-01,675,5,0.05
sw100181,2025-12-02,676,6,1.06
sw100181,2025-12-03,677,7,0.5
sw100181,2025-12-04,678,8,0.58
sw100181,2025-12-05,679,9,0.06
sw100181,2025-12-06,680,10,0.01
sw100181,2025-12-07,681,11,0.0
sw100181,2025-12-08,682,12,0.0
sw100181,2025-12-09,683,13,0.18
sw100181,2025-12-10,684,14,0.04
sw100181,2025-12-11,685,15,0.02
sw100181,2025-12-12,686,16,0.0
sw100181,2025-12-13,687,17,0.0
sw100181,2025-12-14,688,18,0.01
sw100181,2025-12-15,689,19,0.0
sw100181,2025-12-16,690,20,0.05
sw100181,2025-12-17,691,21,0.01
sw100181,2025-12-18,692,22,0.02
sw100181,2025-12-19,693,23,0.04
sw100181,2025-12-20,694,24,0.0
sw100181,2025-12-21,695,25,0.0
sw100181,2025-12-22,696,26,0.0
sw100181,2025-12-23,697,27,0.06
sw100181,2025-12-24,698,28,0.01
sw100181,2025-12-25,699,29,0.07
sw100181,2025-12-26,700,30,0.0
sw100181,2025-12-27,701,31,0.0
sw100181,2025-12-28,702,32,0.0
sw100181,2025-12-29,703,33,0.0
sw100181,2025-12-30,704,34,0.26
sw100181,2025-12-31,705,35,0.01
sw100181,2026-01-01,706,36,0.04
sw100181,2026-01-02,707,37,0.03
sw100181,2026-01-03,708,38,0.03
sw100181,2026-01-04,709,39,0.01
sw100181,2026-01-05,710,40,0.01
sw100181,2026-01-06,711,41,0.48
sw100181,2026-01-07,712,42,0.19
sw100181,2026-01-08,713,43,0.07
sw100181,2026-01-09,714,44,0.05
sw100181,2026-01-10,715,45,0.04
sw100181,2026-01-11,716,46,0.0
sw100181,2026-01-12,717,47,0.0
sw100181,2026-01-13,718,48,0.3
sw100181,2026-01-14,719,49,0.17
sw100181,2026-01-15,720,50,0.07
sw100181,2026-01-16,721,51,0.03
sw100181,2026-01-17,722,52,0.01
sw100181,2026-01-18,723,53,0.0
sw100181,2026-01-19,724,54,0.0
sw100181,2026-01-20,725,55,0.59
sw100181,2026-01-21,726,56,0.25
sw100181,2026-01-22,727,57,0.09
sw100181,2026-01-23,728,58,0.09
sw100181,2026-01-24,729,59,0.05
sw100181,2026-01-25,730,60,0.01
sw100181,2026-01-26,731,61,0.0
sw100181,2026-01-27,732,62,0.4
sw100181,2026-01-28,733,63,0.1
sw100181,2026-01-29,734,64,0.17
sw100181,2026-01-30,735,65,0.08
sw100181,2026-01-31,736,66,0.1
sw100181,2026-02-01,737,67,0.0
sw100181,2026-02-02,738,68,0.0
sw100181,2026-02-03,739,69,0.2
sw100181,2026-02-04,740,70,0.06
sw100181,2026-02-05,741,71,0.1
sw100181,2026-02-06,742,72,0.07
sw100181,2026-02-07,743,73,0.02
sw100181,2026-02-08,744,74,0.0
sw100181,2026-02-09,745,75,0.0
sw100181,2026-02-10,746,76,0.85
sw100181,2026-02-11,747,77,0.47
sw100181,2026-02-12,748,78,0.2
sw100181,2026-02-13,749,79,0.58
sw100181,2026-02-14,750,80,0.28
sw100181,2026-02-15,751,81,0.0
sw100181,2026-02-16,752,82,0.01
sw100181,2026-02-17,753,83,0.94
sw100181,2026-02-18,754,84,0.71
sw100181,2026-02-19,755,85,0.48
sw100181,2026-02-20,756,86,0.41
sw100181,2026-02-21,757,87,0.6
sw100181,2026-02-22,758,88,0.05
sw100181,2026-02-23,759,89,0.0
sw100181,2026-02-24,760,90,1.71
sw100181,2026-02-25,761,91,0.73
sw100181,2026-02-26,762,92,0.58
sw100181,2026-02-27,763,93,0.45
sw100181,2026-02-28,764,94,0.25
sw100181,2026-03-01,765,95,0.09
sw100181,2026-03-02,766,96,0.01
sw100181,2026-03-03,767,97,1.19
sw100181,2026-03-04,768,98,0.45
sw100181,2026-03-05,769,99,0.5
sw100182,2025-11-26,670,0,0.44
sw100182,2025-11-27,671,1,0.74
sw100182,2025-11-28,672,2,1.27
sw100182,2025-11-29,673,3,1.53
sw100182,2025-11-30,674,4,0.51
sw100182,2025-12-01,675,5,0.08
sw100182,2025-12-02,676,6,1.22
sw100182,2025-12-03,677,7,1.44
sw100182,2025-12-04,678,8,0.53
sw100182,2025-12-05,679,9,0.45
sw100182,2025-12-06,680,10,0.09
sw100182,2025-12-07,681,11,0.0
sw100182,2025-12-08,682,12,0.01
sw100182,2025-12-09,683,13,0.16
sw100182,2025-12-10,684,14,0.29
sw100182,2025-12-11,685,15,0.06
sw100182,2025-12-12,686,16,0.06
sw100182,2025-12-13,687,17,0.0
sw100182,2025-12-14,688,18,0.01
sw100182,2025-12-15,689,19,0.0
sw100182,2025-12-16,690,20,0.01
sw100182,2025-12-17,691,21,0.0
sw100182,2025-12-18,692,22,0.0
sw100182,2025-12-19,693,23,0.0
sw100182,2025-12-20,694,24,0.0
sw100182,2025-12-21,695,25,0.0
sw100182,2025-12-22,696,26,0.0
sw100182,2025-12-23,697,27,0.0
sw100182,2025-12-24,698,28,0.0
sw100182,2025-12-25,699,29,0.0
sw100182,2025-12-26,700,30,0.0
sw100182,2025-12-27,701,31,0.0
sw100182,2025-12-28,702,32,0.0
sw100182,2025-12-29,703,33,0.0
sw100182,2025-12-30,704,34,0.0
sw100182,2025-12-31,705,35,0.0
sw100182,2026-01-01,706,36,0.0
sw100182,2026-01-02,707,37,0.0
sw100182,2026-01-03,708,38,0.0
sw100182,2026-01-04,709,39,0.0
sw100182,2026-01-05,710,40,0.0
sw100182,2026-01-06,711,41,0.02
sw100182,2026-01-07,712,42,0.0
sw100182,2026-01-08,713,43,0.0
sw100182,2026-01-09,714,44,0.0
sw100182,2026-01-10,715,45,0.0
sw100182,2026-01-11,716,46,0.0
sw100182,2026-01-12,717,47,0.0
sw100182,2026-01-13,718,48,0.0
sw100182,2026-01-14,719,49,0.0
sw100182,2026-01-15,720,50,0.01
sw100182,2026-01-16,721,51,0.0
sw100182,2026-01-17,722,52,0.0
sw100182,2026-01-18,723,53,0.0
sw100182,2026-01-19,724,54,0.0
sw100182,2026-01-20,725,55,0.0
sw100182,2026-01-21,726,56,0.0
sw100182,2026-01-22,727,57,0.0
sw100182,2026-01-23,728,58,0.0
sw100182,2026-01-24,729,59,0.0
sw100182,2026-01-25,730,60,0.01
sw100182,2026-01-26,731,61,0.0
sw100182,2026-01-27,732,62,0.03
sw100182,2026-01-28,733,63,0.0
sw100182,2026-01-29,734,64,0.0
sw100182,2026-01-30,735,65,0.0
sw100182,2026-01-31,736,66,0.0
sw100182,2026-02-01,737,67,0.0
sw100182,2026-02-02,738,68,0.0
sw100182,2026-02-03,739,69,0.01
sw100182,2026-02-04,740,70,0.01
sw100182,2026-02-05,741,71,0.0
sw100182,2026-02-06,742,72,0.0
sw100182,2026-02-07,743,73,0.0
sw100182,2026-02-08,744,74,0.0
sw100182,2026-02-09,745,75,0.0
sw100182,2026-02-10,746,76,0.0
sw100182,2026-02-11,747,77,0.0
sw100182,2026-02-12,748,78,0.01
sw100182,2026-02-13,749,79,0.01
sw100182,2026-02-14,750,80,0.0
sw100182,2026-02-15,751,81,0.0
sw100182,2026-02-16,752,82,0.0
sw100182,2026-02-17,753,83,0.04
sw100182,2026-02-18,754,84,0.13
sw100182,2026-02-19,755,85,0.02
sw100182,2026-02-20,756,86,0.06
sw100182,2026-02-21,757,87,0.1
sw100182,2026-02-22,758,88,0.0
sw100182,2026-02-23,759,89,0.01
sw100182,2026-02-24,760,90,0.33
sw100182,2026-02-25,761,91,0.18
sw100182,2026-02-26,762,92,0.17
sw100182,2026-02-27,763,93,0.49
sw100182,2026-02-28,764,94,0.13
sw100182,2026-03-01,765,95,0.06
sw100182,2026-03-02,766,96,0.0
sw100182,2026-03-03,767,97,0.53
sw100182,2026-03-04,768,98,0.1
sw100182,2026-03-05,769,99,0.23
sw100183,2025-11-26,670,0,0.0
sw100183,2025-11-27,671,1,0.0
sw100183,2025-11-28,672,2,0.0
sw100183,2025-11-29,673,3,0.0
sw100183,2025-11-30,674,4,0.0
sw100183,2025-12-01,675,5,0.0
sw100183,2025-12-02,676,6,0.0
sw100183,2025-12-03,677,7,0.01
sw100183,2025-12-04,678,8,0.0
sw100183,2025-12-05,679,9,0.0
sw100183,2025-12-06,680,10,0.0
sw100183,2025-12-07,681,11,0.0
sw100183,2025-12-08,682,12,0.0
sw100183,2025-12-09,683,13,0.0
sw100183,2025-12-10,684,14,0.0
sw100183,2025-12-11,685,15,0.0
sw100183,2025-12-12,686,16,0.0
sw100183,2025-12-13,687,17,0.0
sw100183,2025-12-14,688,18,0.0
sw100183,2025-12-15,689,19,0.0
sw100183,2025-12-16,690,20,0.0
sw100183,2025-12-17,691,21,0.0
sw100183,2025-12-18,692,22,0.0
sw100183,2025-12-19,693,23,0.0
sw100183,2025-12-20,694,24,0.0
sw100183,2025-12-21,695,25,0.0
sw100183,2025-12-22,696,26,0.0
sw100183,2025-12-23,697,27,0.0
sw100183,2025-12-24,698,28,0.01
sw100183,2025-12-25,699,29,0.0
sw100183,2025-12-26,700,30,0.0
sw100183,2025-12-27,701,31,0.0
sw100183,2025-12-28,702,32,0.0
sw100183,2025-12-29,703,33,0.0
sw100183,2025-12-30,704,34,0.0
sw100183,2025-12-31,705,35,0.0
sw100183,2026-01-01,706,36,0.0
sw100183,2026-01-02,707,37,0.0
sw100183,2026-01-03,708,38,0.0
sw100183,2026-01-04,709,39,0.0
sw100183,2026-01-05,710,40,0.0
sw100183,2026-01-06,711,41,0.0
sw100183,2026-01-07,712,42,0.0
sw100183,2026-01-08,713,43,0.0
sw100183,2026-01-09,714,44,0.0
sw100183,2026-01-10,715,45,0.0
sw100183,2026-01-11,716,46,0.0
sw100183,2026-01-12,717,47,0.0
sw100183,2026-01-13,718,48,0.0
sw100183,2026-01-14,719,49,0.0
sw100183,2026-01-15,720,50,0.0
sw100183,2026-01-16,721,51,0.0
sw100183,2026-01-17,722,52,0.0
sw100183,2026-01-18,723,53,0.0
sw100183,2026-01-19,724,54,0.0
sw100183,2026-01-20,725,55,0.01
sw100183,2026-01-21,726,56,0.0
sw100183,2026-01-22,727,57,0.0
sw100183,2026-01-23,728,58,0.0
sw100183,2026-01-24,729,59,0.0
sw100183,2026-01-25,730,60,0.0
sw100183,2026-01-26,731,61,0.0
sw100183,2026-01-27,732,62,0.0
sw100183,2026-01-28,733,63,0.0
sw100183,2026-01-29,734,64,0.0
sw100183,2026-01-30,735,65,0.01
sw100183,2026-01-31,736,66,0.0
sw100183,2026-02-01,737,67,0.0
sw100183,2026-02-02,738,68,0.0
sw100183,2026-02-03,739,69,0.01
sw100183,2026-02-04,740,70,0.01
sw100183,2026-02-05,741,71,0.0
sw100183,2026-02-06,742,72,0.01
sw100183,2026-02-07,743,73,0.0
sw100183,2026-02-08,744,74,0.0
sw100183,2026-02-09,745,75,0.0
sw100183,2026-02-10,746,76,0.0
sw100183,2026-02-11,747,77,0.0
sw100183,2026-02-12,748,78,0.01
sw100183,2026-02-13,749,79,0.01
sw100183,2026-02-14,750,80,0.0
sw100183,2026-02-15,751,81,0.0
sw100183,2026-02-16,752,82,0.0
sw100183,2026-02-17,753,83,0.03
sw100183,2026-02-18,754,84,0.03
sw100183,2026-02-19,755,85,0.01
sw100183,2026-02-20,756,86,0.06
sw100183,2026-02-21,757,87,0.03
sw100183,2026-02-22,758,88,0.01
sw100183,2026-02-23,759,89,0.01
sw100183,2026-02-24,760,90,0.15
sw100183,2026-02-25,761,91,0.09
sw100183,2026-02-26,762,92,0.07
sw100183,2026-02-27,763,93,0.05
sw100183,2026-02-28,764,94,0.03
sw100183,2026-03-01,765,95,0.0
sw100183,2026-03-02,766,96,0.0
sw100183,2026-03-03,767,97,0.06
sw100183,2026-03-04,768,98,0.08
sw100183,2026-03-05,769,99,0.04
sw100184,2025-11-26,670,0,0.0
sw100184,2025-11-27,671,1,0.0
sw100184,2025-11-28,672,2,0.0
sw100184,2025-11-29,673,3,0.0
sw100184,2025-11-30,674,4,0.0
sw100184,2025-12-01,675,5,0.0
sw100184,2025-12-02,676,6,0.0
sw100184,2025-12-03,677,7,0.0
sw100184,2025-12-04,678,8,0.0
sw100184,2025-12-05,679,9,0.0
sw100184,2025-12-06,680,10,0.0
sw100184,2025-12-07,681,11,0.0
sw100184,2025-12-08,682,12,0.0
sw100184,2025-12-09,683,13,0.01
sw100184,2025-12-10,684,14,0.0
sw100184,2025-12-11,685,15,0.01
sw100184,2025-12-12,686,16,0.0
sw100184,2025-12-13,687,17,0.0
sw100184,2025-12-14,688,18,0.0
sw100184,2025-12-15,689,19,0.0
sw100184,2025-12-16,690,20,0.0
sw100184,2025-12-17,691,21,0.0
sw100184,2025-12-18,692,22,0.0
sw100184,2025-12-19,693,23,0.0
sw100184,2025-12-20,694,24,0.0
sw100184,2025-12-21,695,25,0.0
sw100184,2025-12-22,696,26,0.0
sw100184,2025-12-23,697,27,0.0
sw100184,2025-12-24,698,28,0.0
sw100184,2025-12-25,699,29,0.0
sw100184,2025-12-26,700,30,0.0
sw100184,2025-12-27,701,31,0.01
sw100184,2025-12-28,702,32,0.0
sw100184,2025-12-29,703,33,0.0
sw100184,2025-12-30,704,34,0.0
sw100184,2025-12-31,705,35,0.0
sw100184,2026-01-01,706,36,0.0
sw100184,2026-01-02,707,37,0.0
sw100184,2026-01-03,708,38,0.0
sw100184,2026-01-04,709,39,0.0
sw100184,2026-01-05,710,40,0.0
sw100184,2026-01-06,711,41,0.01
sw100184,2026-01-07,712,42,0.0
sw100184,2026-01-08,713,43,0.0
sw100184,2026-01-09,714,44,0.0
sw100184,2026-01-10,715,45,0.0
sw100184,2026-01-11,716,46,0.0
sw100184,2026-01-12,717,47,0.0
sw100184,2026-01-13,718,48,0.0
sw100184,2026-01-14,719,49,0.0
sw100184,2026-01-15,720,50,0.0
sw100184,2026-01-16,721,51,0.0
sw100184,2026-01-17,722,52,0.0
sw100184,2026-01-18,723,53,0.0
sw100184,2026-01-19,724,54,0.0
sw100184,2026-01-20,725,55,0.0
sw100184,2026-01-21,726,56,0.0
sw100184,2026-01-22,727,57,0.0
sw100184,2026-01-23,728,58,0.0
sw100184,2026-01-24,729,59,0.0
sw100184,2026-01-25,730,60,0.0
sw100184,2026-01-26,731,61,0.0
sw100184,2026-01-27,732,62,0.0
sw100184,2026-01-28,733,63,0.0
sw100184,2026-01-29,734,64,0.0
sw100184,2026-01-30,735,65,0.0
sw100184,2026-01-31,736,66,0.0
sw100184,2026-02-01,737,67,0.0
sw100184,2026-02-02,738,68,0.0
sw100184,2026-02-03,739,69,0.0
sw100184,2026-02-04,740,70,0.0
sw100184,2026-02-05,741,71,0.0
sw100184,2026-02-06,742,72,0.0
sw100184,2026-02-07,743,73,0.0
sw100184,2026-02-08,744,74,0.0
sw100184,2026-02-09,745,75,0.0
sw100184,2026-02-10,746,76,0.01
sw100184,2026-02-11,747,77,0.0
sw100184,2026-02-12,748,78,0.0
sw100184,2026-02-13,749,79,0.0
sw100184,2026-02-14,750,80,0.0
sw100184,2026-02-15,751,81,0.01
sw100184,2026-02-16,752,82,0.0
sw100184,2026-02-17,753,83,0.1
sw100184,2026-02-18,754,84,0.03
sw100184,2026-02-19,755,85,0.02
sw100184,2026-02-20,756,86,0.01
sw100184,2026-02-21,757,87,0.0
sw100184,2026-02-22,758,88,0.0
sw100184,2026-02-23,759,89,0.0
sw100184,2026-02-24,760,90,0.04
sw100184,2026-02-25,761,91,0.06
sw100184,2026-02-26,762,92,0.01
sw100184,2026-02-27,763,93,0.0
sw100184,2026-02-28,764,94,0.0
sw100184,2026-03-01,765,95,0.01
sw100184,2026-03-02,766,96,0.0
sw100184,2026-03-03,767,97,0.01
sw100184,2026-03-04,768,98,0.02
sw100184,2026-03-05,769,99,0.02
sw100185,2025-11-26,670,0,0.0
sw100185,2025-11-27,671,1,0.0
sw100185,2025-11-28,672,2,0.01
sw100185,2025-11-29,673,3,0.0
sw100185,2025-11-30,674,4,0.0
sw100185,2025-12-01,675,5,0.0
sw100185,2025-12-02,676,6,0.02
sw100185,2025-12-03,677,7,0.0
sw100185,2025-12-04,678,8,0.0
sw100185,2025-12-05,679,9,0.01
sw100185,2025-12-06,680,10,0.0
sw100185,2025-12-07,681,11,0.0
sw100185,2025-12-08,682,12,0.0
sw100185,2025-12-09,683,13,0.0
sw100185,2025-12-10,684,14,0.0
sw100185,2025-12-11,685,15,0.01
sw100185,2025-12-12,686,16,0.0
sw100185,2025-12-13,687,17,0.0
sw100185,2025-12-14,688,18,0.0
sw100185,2025-12-15,689,19,0.0
sw100185,2025-12-16,690,20,0.01
sw100185,2025-12-17,691,21,0.0
sw100185,2025-12-18,692,22,0.0
sw100185,2025-12-19,693,23,0.0
sw100185,2025-12-20,694,24,0.0
sw100185,2025-12-21,695,25,0.0
sw100185,2025-12-22,696,26,0.0
sw100185,2025-12-23,697,27,0.0
sw100185,2025-12-24,698,28,0.0
sw100185,2025-12-25,699,29,0.0
sw100185,2025-12-26,700,30,0.0
sw100185,2025-12-27,701,31,0.0
sw100185,2025-12-28,702,32,0.0
sw100185,2025-12-29,703,33,0.0
sw100185,2025-12-30,704,34,0.0
sw100185,2025-12-31,705,35,0.0
sw100185,2026-01-01,706,36,0.01
sw100185,2026-01-02,707,37,0.0
sw100185,2026-01-03,708,38,0.0
sw100185,2026-01-04,709,39,0.0
sw100185,2026-01-05,710,40,0.0
sw100185,2026-01-06,711,41,0.0
sw100185,2026-01-07,712,42,0.0
sw100185,2026-01-08,713,43,0.01
sw100185,2026-01-09,714,44,0.0
sw100185,2026-01-10,715,45,0.0
sw100185,2026-01-11,716,46,0.0
sw100185,2026-01-12,717,47,0.0
sw100185,2026-01-13,718,48,0.0
sw100185,2026-01-14,719,49,0.0
sw100185,2026-01-15,720,50,0.0
sw100185,2026-01-16,721,51,0.01
sw100185,2026-01-17,722,52,0.0
sw100185,2026-01-18,723,53,0.0
sw100185,2026-01-19,724,54,0.0
sw100185,2026-01-20,725,55,0.0
sw100185,2026-01-21,726,56,0.0
sw100185,2026-01-22,727,57,0.0
sw100185,2026-01-23,728,58,0.0
sw100185,2026-01-24,729,59,0.0
sw100185,2026-01-25,730,60,0.0
sw100185,2026-01-26,731,61,0.0
sw100185,2026-01-27,732,62,0.01
sw100185,2026-01-28,733,63,0.0
sw100185,2026-01-29,734,64,0.01
sw100185,2026-01-30,735,65,0.0
sw100185,2026-01-31,736,66,0.0
sw100185,2026-02-01,737,67,0.0
sw100185,2026-02-02,738,68,0.0
sw100185,2026-02-03,739,69,0.0
sw100185,2026-02-04,740,70,0.0
sw100185,2026-02-05,741,71,0.0
sw100185,2026-02-06,742,72,0.0
sw100185,2026-02-07,743,73,0.0
sw100185,2026-02-08,744,74,0.0
sw100185,2026-02-09,745,75,0.0
sw100185,2026-02-10,746,76,0.0
sw100185,2026-02-11,747,77,0.0
sw100185,2026-02-12,748,78,0.0
sw100185,2026-02-13,749,79,0.0
sw100185,2026-02-14,750,80,0.0
sw100185,2026-02-15,751,81,0.0
sw100185,2026-02-16,752,82,0.0
sw100185,2026-02-17,753,83,0.0
sw100185,2026-02-18,754,84,0.01
sw100185,2026-02-19,755,85,0.0
sw100185,2026-02-20,756,86,0.0
sw100185,2026-02-21,757,87,0.0
sw100185,2026-02-22,758,88,0.0
sw100185,2026-02-23,759,89,0.01
sw100185,2026-02-24,760,90,0.01
sw100185,2026-02-25,761,91,0.02
sw100185,2026-02-26,762,92,0.0
sw100185,2026-02-27,763,93,0.04
sw100185,2026-02-28,764,94,0.0
sw100185,2026-03-01,765,95,0.0
sw100185,2026-03-02,766,96,0.01
sw100185,2026-03-03,767,97,0.0
sw100185,2026-03-04,768,98,0.0
sw100185,2026-03-05,769,99,0.03
sw10022,2025-11-26,670,0,0.0
sw10022,2025-11-27,671,1,0.0
sw10022,2025-11-28,672,2,0.0
sw10022,2025-11-29,673,3,0.0
sw10022,2025-11-30,674,4,0.01
sw10022,2025-12-01,675,5,0.0
sw10022,2025-12-02,676,6,0.04
sw10022,2025-12-03,677,7,0.01
sw10022,2025-12-04,678,8,0.01
sw10022,2025-12-05,679,9,0.02
sw10022,2025-12-06,680,10,0.01
sw10022,2025-12-07,681,11,0.0
sw10022,2025-12-08,682,12,0.0
sw10022,2025-12-09,683,13,0.03
sw10022,2025-12-10,684,14,0.0
sw10022,2025-12-11,685,15,0.0
sw10022,2025-12-12,686,16,0.0
sw10022,2025-12-13,687,17,0.0
sw10022,2025-12-14,688,18,0.0
sw10022,2025-12-15,689,19,0.0
sw10022,2025-12-16,690,20,0.02
sw10022,2025-12-17,691,21,0.0
sw10022,2025-12-18,692,22,0.0
sw10022,2025-12-19,693,23,0.0
sw10022,2025-12-20,694,24,0.0
sw10022,2025-12-21,695,25,0.0
sw10022,2025-12-22,696,26,0.0
sw10022,2025-12-23,697,27,0.0
sw10022,2025-12-24,698,28,0.0
sw10022,2025-12-25,699,29,0.0
sw10022,2025-12-26,700,30,0.0
sw10022,2025-12-27,701,31,0.0
sw10022,2025-12-28,702,32,0.0
sw10022,2025-12-29,703,33,0.0
sw10022,2025-12-30,704,34,0.0
sw10022,2025-12-31,705,35,0.0
sw10022,2026-01-01,706,36,0.0
sw10022,2026-01-02,707,37,0.0
sw10022,2026-01-03,708,38,0.0
sw10022,2026-01-04,709,39,0.0
sw10022,2026-01-05,710,40,0.0
sw10022,2026-01-06,711,41,0.01
sw10022,2026-01-07,712,42,0.0
sw10022,2026-01-08,713,43,0.0
sw10022,2026-01-09,714,44,0.0
sw10022,2026-01-10,715,45,0.0
sw10022,2026-01-11,716,46,0.0
sw10022,2026-01-12,717,47,0.0
sw10022,2026-01-13,718,48,0.0
sw10022,2026-01-14,719,49,0.01
sw10022,2026-01-15,720,50,0.0
sw10022,2026-01-16,721,51,0.0
sw10022,2026-01-17,722,52,0.0
sw10022,2026-01-18,723,53,0.0
sw10022,2026-01-19,724,54,0.0
sw10022,2026-01-20,725,55,0.0
sw10022,2026-01-21,726,56,0.0
sw10022,2026-01-22,727,57,0.0
sw10022,2026-01-23,728,58,0.0
sw10022,2026-01-24,729,59,0.0
sw10022,2026-01-25,730,60,0.0
sw10022,2026-01-26,731,61,0.0
sw10022,2026-01-27,732,62,0.0
sw10022,2026-01-28,733,63,0.0
sw10022,2026-01-29,734,64,0.0
sw10022,2026-01-30,735,65,0.0
sw10022,2026-01-31,736,66,0.0
sw10022,2026-02-01,737,67,0.0
sw10022,2026-02-02,738,68,0.0
sw10022,2026-02-03,739,69,0.0
sw10022,2026-02-04,740,70,0.0
sw10022,2026-02-05,741,71,0.0
sw10022,2026-02-06,742,72,0.0
sw10022,2026-02-07,743,73,0.0
sw10022,2026-02-08,744,74,0.0
sw10022,2026-02-09,745,75,0.0
sw10022,2026-02-10,746,76,0.0
sw10022,2026-02-11,747,77,0.0
sw10022,2026-02-12,748,78,0.0
sw10022,2026-02-13,749,79,0.0
sw10022,2026-02-14,750,80,0.0
sw10022,2026-02-15,751,81,0.0
sw10022,2026-02-16,752,82,0.0
sw10022,2026-02-17,753,83,0.0
sw10022,2026-02-18,754,84,0.0
sw10022,2026-02-19,755,85,0.0
sw10022,2026-02-20,756,86,0.0
sw10022,2026-02-21,757,87,0.0
sw10022,2026-02-22,758,88,0.0
sw10022,2026-02-23,759,89,0.0
sw10022,2026-02-24,760,90,0.0
sw10022,2026-02-25,761,91,0.0
sw10022,2026-02-26,762,92,0.0
sw10022,2026-02-27,763,93,0.0
sw10022,2026-02-28,764,94,0.0
sw10022,2026-03-01,765,95,0.0
sw10022,2026-03-02,766,96,0.0
sw10022,2026-03-03,767,97,0.0
sw10022,2026-03-04,768,98,0.0
sw10022,2026-03-05,769,99,0.0
sw100221,2025-11-26,670,0,0.0
sw100221,2025-11-27,671,1,0.0
sw100221,2025-11-28,672,2,0.0
sw100221,2025-11-29,673,3,0.0
sw100221,2025-11-30,674,4,0.0
sw100221,2025-12-01,675,5,0.0
sw100221,2025-12-02,676,6,0.0
sw100221,2025-12-03,677,7,0.0
sw100221,2025-12-04,678,8,0.0
sw100221,2025-12-05,679,9,0.0
sw100221,2025-12-06,680,10,0.0
sw100221,2025-12-07,681,11,0.0
sw100221,2025-12-08,682,12,0.0
sw100221,2025-12-09,683,13,0.0
sw100221,2025-12-10,684,14,0.0
sw100221,2025-12-11,685,15,0.0
sw100221,2025-12-12,686,16,0.0
sw100221,2025-12-13,687,17,0.0
sw100221,2025-12-14,688,18,0.0
sw100221,2025-12-15,689,19,0.0
sw100221,2025-12-16,690,20,0.0
sw100221,2025-12-17,691,21,0.0
sw100221,2025-12-18,692,22,0.0
sw100221,2025-12-19,693,23,0.0
sw100221,2025-12-20,694,24,0.0
sw100221,2025-12-21,695,25,0.0
sw100221,2025-12-22,696,26,0.0
sw100221,2025-12-23,697,27,0.0
sw100221,2025-12-24,698,28,0.0
sw100221,2025-12-25,699,29,0.0
sw100221,2025-12-26,700,30,0.0
sw100221,2025-12-27,701,31,0.0
sw100221,2025-12-28,702,32,0.0
sw100221,2025-12-29,703,33,0.0
sw100221,2025-12-30,704,34,0.0
sw100221,2025-12-31,705,35,0.0
sw100221,2026-01-01,706,36,0.0
sw100221,2026-01-02,707,37,0.0
sw100221,2026-01-03,708,38,0.0
sw100221,2026-01-04,709,39,0.0
sw100221,2026-01-05,710,40,0.0
sw100221,2026-01-06,711,41,0.0
sw100221,2026-01-07,712,42,0.0
sw100221,2026-01-08,713,43,0.0
sw100221,2026-01-09,714,44,0.0
sw100221,2026-01-10,715,45,0.0
sw100221,2026-01-11,716,46,0.0
sw100221,2026-01-12,717,47,0.0
sw100221,2026-01-13,718,48,0.0
sw100221,2026-01-14,719,49,0.0
sw100221,2026-01-15,720,50,0.01
sw100221,2026-01-16,721,51,0.0
sw100221,2026-01-17,722,52,0.0
sw100221,2026-01-18,723,53,0.0
sw100221,2026-01-19,724,54,0.0
sw100221,2026-01-20,725,55,0.0
sw100221,2026-01-21,726,56,0.0
sw100221,2026-01-22,727,57,0.0
sw100221,2026-01-23,728,58,0.0
sw100221,2026-01-24,729,59,0.0
sw100221,2026-01-25,730,60,0.0
sw100221,2026-01-26,731,61,0.0
sw100221,2026-01-27,732,62,0.0
sw100221,2026-01-28,733,63,0.0
sw100221,2026-01-29,734,64,0.0
sw100221,2026-01-30,735,65,0.0
sw100221,2026-01-31,736,66,0.0
sw100221,2026-02-01,737,67,0.0
sw100221,2026-02-02,738,68,0.0
sw100221,2026-02-03,739,69,0.0
sw100221,2026-02-04,740,70,0.0
sw100221,2026-02-05,741,71,0.0
sw100221,2026-02-06,742,72,0.0
sw100221,2026-02-07,743,73,0.0
sw100221,2026-02-08,744,74,0.0
sw100221,2026-02-09,745,75,0.0
sw100221,2026-02-10,746,76,0.0
sw100221,2026-02-11,747,77,0.0
sw100221,2026-02-12,748,78,0.0
sw100221,2026-02-13,749,79,0.0
sw100221,2026-02-14,750,80,0.0
sw100221,2026-02-15,751,81,0.0
sw100221,2026-02-16,752,82,0.0
sw100221,2026-02-17,753,83,0.0
sw100221,2026-02-18,754,84,0.01
sw100221,2026-02-19,755,85,0.0
sw100221,2026-02-20,756,86,0.0
sw100221,2026-02-21,757,87,0.0
sw100221,2026-02-22,758,88,0.0
sw100221,2026-02-23,759,89,0.0
sw100221,2026-02-24,760,90,0.0
sw100221,2026-02-25,761,91,0.0
sw100221,2026-02-26,762,92,0.0
sw100221,2026-02-27,763,93,0.0
sw100221,2026-02-28,764,94,0.0
sw100221,2026-03-01,765,95,0.0
sw100221,2026-03-02,766,96,0.0
sw100221,2026-03-03,767,97,0.0
sw100221,2026-03-04,768,98,0.0
sw100221,2026-03-05,769,99,0.0
sw100222,2025-11-26,670,0,0.0
sw100222,2025-11-27,671,1,0.0
sw100222,2025-11-28,672,2,0.0
sw100222,2025-11-29,673,3,0.0
sw100222,2025-11-30,674,4,0.0
sw100222,2025-12-01,675,5,0.0
sw100222,2025-12-02,676,6,0.01
sw100222,2025-12-03,677,7,0.0
sw100222,2025-12-04,678,8,0.01
sw100222,2025-12-05,679,9,0.0
sw100222,2025-12-06,680,10,0.0
sw100222,2025-12-07,681,11,0.0
sw100222,2025-12-08,682,12,0.0
sw100222,2025-12-09,683,13,0.0
sw100222,2025-12-10,684,14,0.0
sw100222,2025-12-11,685,15,0.0
sw100222,2025-12-12,686,16,0.0
sw100222,2025-12-13,687,17,0.0
sw100222,2025-12-14,688,18,0.0
sw100222,2025-12-15,689,19,0.0
sw100222,2025-12-16,690,20,0.01
sw100222,2025-12-17,691,21,0.0
sw100222,2025-12-18,692,22,0.0
sw100222,2025-12-19,693,23,0.0
sw100222,2025-12-20,694,24,0.0
sw100222,2025-12-21,695,25,0.0
sw100222,2025-12-22,696,26,0.0
sw100222,2025-12-23,697,27,0.01
sw100222,2025-12-24,698,28,0.0
sw100222,2025-12-25,699,29,0.0
sw100222,2025-12-26,700,30,0.0
sw100222,2025-12-27,701,31,0.0
sw100222,2025-12-28,702,32,0.0
sw100222,2025-12-29,703,33,0.0
sw100222,2025-12-30,704,34,0.01
sw100222,2025-12-31,705,35,0.0
sw100222,2026-01-01,706,36,0.0
sw100222,2026-01-02,707,37,0.0
sw100222,2026-01-03,708,38,0.0
sw100222,2026-01-04,709,39,0.0
sw100222,2026-01-05,710,40,0.0
sw100222,2026-01-06,711,41,0.0
sw100222,2026-01-07,712,42,0.01
sw100222,2026-01-08,713,43,0.0
sw100222,2026-01-09,714,44,0.0
sw100222,2026-01-10,715,45,0.0
sw100222,2026-01-11,716,46,0.0
sw100222,2026-01-12,717,47,0.0
sw100222,2026-01-13,718,48,0.01
sw100222,2026-01-14,719,49,0.0
sw100222,2026-01-15,720,50,0.01
sw100222,2026-01-16,721,51,0.0
sw100222,2026-01-17,722,52,0.0
sw100222,2026-01-18,723,53,0.01
sw100222,2026-01-19,724,54,0.0
sw100222,2026-01-20,725,55,0.02
sw100222,2026-01-21,726,56,0.01
sw100222,2026-01-22,727,57,0.0
sw100222,2026-01-23,728,58,0.0
sw100222,2026-01-24,729,59,0.0
sw100222,2026-01-25,730,60,0.0
sw100222,2026-01-26,731,61,0.0
sw100222,2026-01-27,732,62,0.02
sw100222,2026-01-28,733,63,0.01
sw100222,2026-01-29,734,64,0.0
sw100222,2026-01-30,735,65,0.01
sw100222,2026-01-31,736,66,0.0
sw100222,2026-02-01,737,67,0.0
sw100222,2026-02-02,738,68,0.0
sw100222,2026-02-03,739,69,0.02
sw100222,2026-02-04,740,70,0.0
sw100222,2026-02-05,741,71,0.0
sw100222,2026-02-06,742,72,0.0
sw100222,2026-02-07,743,73,0.0
sw100222,2026-02-08,744,74,0.0
sw100222,2026-02-09,745,75,0.0
sw100222,2026-02-10,746,76,0.0
sw100222,2026-02-11,747,77,0.0
sw100222,2026-02-12,748,78,0.0
sw100222,2026-02-13,749,79,0.0
sw100222,2026-02-14,750,80,0.0
sw100222,2026-02-15,751,81,0.0
sw100222,2026-02-16,752,82,0.0
sw100222,2026-02-17,753,83,0.0
sw100222,2026-02-18,754,84,0.0
sw100222,2026-02-19,755,85,0.0
sw100222,2026-02-20,756,86,0.0
sw100222,2026-02-21,757,87,0.0
sw100222,2026-02-22,758,88,0.0
sw100222,2026-02-23,759,89,0.0
sw100222,2026-02-24,760,90,0.0
sw100222,2026-02-25,761,91,0.0
sw100222,2026-02-26,762,92,0.0
sw100222,2026-02-27,763,93,0.0
sw100222,2026-02-28,764,94,0.0
sw100222,2026-03-01,765,95,0.0
sw100222,2026-03-02,766,96,0.0
sw100222,2026-03-03,767,97,0.01
sw100222,2026-03-04,768,98,0.0
sw100222,2026-03-05,769,99,0.0
sw10036,2025-11-26,670,0,0.22
sw10036,2025-11-27,671,1,0.35
sw10036,2025-11-28,672,2,0.28
sw10036,2025-11-29,673,3,0.36
sw10036,2025-11-30,674,4,0.06
sw10036,2025-12-01,675,5,0.01
sw10036,2025-12-02,676,6,0.61
sw10036,2025-12-03,677,7,0.37
sw10036,2025-12-04,678,8,0.26
sw10036,2025-12-05,679,9,0.05
sw10036,2025-12-06,680,10,0.09
sw10036,2025-12-07,681,11,0.02
sw10036,2025-12-08,682,12,0.0
sw10036,2025-12-09,683,13,0.09
sw10036,2025-12-10,684,14,0.01
sw10036,2025-12-11,685,15,0.03
sw10036,2025-12-12,686,16,0.01
sw10036,2025-12-13,687,17,0.01
sw10036,2025-12-14,688,18,0.03
sw10036,2025-12-15,689,19,0.02
sw10036,2025-12-16,690,20,0.12
sw10036,2025-12-17,691,21,0.02
sw10036,2025-12-18,692,22,0.1
sw10036,2025-12-19,693,23,0.04
sw10036,2025-12-20,694,24,0.02
sw10036,2025-12-21,695,25,0.02
sw10036,2025-12-22,696,26,0.01
sw10036,2025-12-23,697,27,0.24
sw10036,2025-12-24,698,28,0.01
sw10036,2025-12-25,699,29,0.08
sw10036,2025-12-26,700,30,0.02
sw10036,2025-12-27,701,31,0.03
sw10036,2025-12-28,702,32,0.03
sw10036,2025-12-29,703,33,0.01
sw10036,2025-12-30,704,34,0.38
sw10036,2025-12-31,705,35,0.07
sw10036,2026-01-01,706,36,0.09
sw10036,2026-01-02,707,37,0.13
sw10036,2026-01-03,708,38,0.0
sw10036,2026-01-04,709,39,0.01
sw10036,2026-01-05,710,40,0.0
sw10036,2026-01-06,711,41,0.58
sw10036,2026-01-07,712,42,0.21
sw10036,2026-01-08,713,43,0.07
sw10036,2026-01-09,714,44,0.13
sw10036,2026-01-10,715,45,0.04
sw10036,2026-01-11,716,46,0.02
sw10036,2026-01-12,717,47,0.01
sw10036,2026-01-13,718,48,0.5
sw10036,2026-01-14,719,49,0.35
sw10036,2026-01-15,720,50,0.07
sw10036,2026-01-16,721,51,0.1
sw10036,2026-01-17,722,52,0.02
sw10036,2026-01-18,723,53,0.01
sw10036,2026-01-19,724,54,0.03
sw10036,2026-01-20,725,55,0.36
sw10036,2026-01-21,726,56,0.09
sw10036,2026-01-22,727,57,0.13
sw10036,2026-01-23,728,58,0.02
sw10036,2026-01-24,729,59,0.06
sw10036,2026-01-25,730,60,0.01
sw10036,2026-01-26,731,61,0.04
sw10036,2026-01-27,732,62,0.52
sw10036,2026-01-28,733,63,0.12
sw10036,2026-01-29,734,64,0.1
sw10036,2026-01-30,735,65,0.09
sw10036,2026-01-31,736,66,0.16
sw10036,2026-02-01,737,67,0.02
sw10036,2026-02-02,738,68,0.0
sw10036,2026-02-03,739,69,0.15
sw10036,2026-02-04,740,70,0.12
sw10036,2026-02-05,741,71,0.2
sw10036,2026-02-06,742,72,0.26
sw10036,2026-02-07,743,73,0.21
sw10036,2026-02-08,744,74,0.02
sw10036,2026-02-09,745,75,0.06
sw10036,2026-02-10,746,76,0.67
sw10036,2026-02-11,747,77,0.27
sw10036,2026-02-12,748,78,0.74
sw10036,2026-02-13,749,79,0.5
sw10036,2026-02-14,750,80,0.39
sw10036,2026-02-15,751,81,0.09
sw10036,2026-02-16,752,82,0.04
sw10036,2026-02-17,753,83,0.16
sw10036,2026-02-18,754,84,0.21
sw10036,2026-02-19,755,85,0.64
sw10036,2026-02-20,756,86,0.34
sw10036,2026-02-21,757,87,0.16
sw10036,2026-02-22,758,88,0.01
sw10036,2026-02-23,759,89,0.03
sw10036,2026-02-24,760,90,0.26
sw10036,2026-02-25,761,91,0.12
sw10036,2026-02-26,762,92,0.4
sw10036,2026-02-27,763,93,0.46
sw10036,2026-02-28,764,94,0.24
sw10036,2026-03-01,765,95,0.03
sw10036,2026-03-02,766,96,0.02
sw10036,2026-03-03,767,97,0.42
sw10036,2026-03-04,768,98,0.04
sw10036,2026-03-05,769,99,0.63
sw100361,2025-11-26,670,0,0.0
sw100361,2025-11-27,671,1,0.0
sw100361,2025-11-28,672,2,0.0
sw100361,2025-11-29,673,3,0.02
sw100361,2025-11-30,674,4,0.0
sw100361,2025-12-01,675,5,0.01
sw100361,2025-12-02,676,6,0.17
sw100361,2025-12-03,677,7,0.15
sw100361,2025-12-04,678,8,0.05
sw100361,2025-12-05,679,9,0.0
sw100361,2025-12-06,680,10,0.01
sw100361,2025-12-07,681,11,0.0
sw100361,2025-12-08,682,12,0.0
sw100361,2025-12-09,683,13,0.0
sw100361,2025-12-10,684,14,0.01
sw100361,2025-12-11,685,15,0.0
sw100361,2025-12-12,686,16,0.0
sw100361,2025-12-13,687,17,0.0
sw100361,2025-12-14,688,18,0.0
sw100361,2025-12-15,689,19,0.0
sw100361,2025-12-16,690,20,0.0
sw100361,2025-12-17,691,21,0.0
sw100361,2025-12-18,692,22,0.0
sw100361,2025-12-19,693,23,0.0
sw100361,2025-12-20,694,24,0.0
sw100361,2025-12-21,695,25,0.0
sw100361,2025-12-22,696,26,0.0
sw100361,2025-12-23,697,27,0.0
sw100361,2025-12-24,698,28,0.0
sw100361,2025-12-25,699,29,0.0
sw100361,2025-12-26,700,30,0.0
sw100361,2025-12-27,701,31,0.0
sw100361,2025-12-28,702,32,0.0
sw100361,2025-12-29,703,33,0.0
sw100361,2025-12-30,704,34,0.0
sw100361,2025-12-31,705,35,0.0
sw100361,2026-01-01,706,36,0.0
sw100361,2026-01-02,707,37,0.0
sw100361,2026-01-03,708,38,0.0
sw100361,2026-01-04,709,39,0.0
sw100361,2026-01-05,710,40,0.0
sw100361,2026-01-06,711,41,0.01
sw100361,2026-01-07,712,42,0.0
sw100361,2026-01-08,713,43,0.0
sw100361,2026-01-09,714,44,0.0
sw100361,2026-01-10,715,45,0.0
sw100361,2026-01-11,716,46,0.0
sw100361,2026-01-12,717,47,0.0
sw100361,2026-01-13,718,48,0.02
sw100361,2026-01-14,719,49,0.0
sw100361,2026-01-15,720,50,0.0
sw100361,2026-01-16,721,51,0.0
sw100361,2026-01-17,722,52,0.0
sw100361,2026-01-18,723,53,0.0
sw100361,2026-01-19,724,54,0.0
sw100361,2026-01-20,725,55,0.0
sw100361,2026-01-21,726,56,0.0
sw100361,2026-01-22,727,57,0.0
sw100361,2026-01-23,728,58,0.0
sw100361,2026-01-24,729,59,0.01
sw100361,2026-01-25,730,60,0.0
sw100361,2026-01-26,731,61,0.0
sw100361,2026-01-27,732,62,0.01
sw100361,2026-01-28,733,63,0.0
sw100361,2026-01-29,734,64,0.0
sw100361,2026-01-30,735,65,0.0
sw100361,2026-01-31,736,66,0.0
sw100361,2026-02-01,737,67,0.0
sw100361,2026-02-02,738,68,0.01
sw100361,2026-02-03,739,69,0.0
sw100361,2026-02-04,740,70,0.0
sw100361,2026-02-05,741,71,0.0
sw100361,2026-02-06,742,72,0.0
sw100361,2026-02-07,743,73,0.0
sw100361,2026-02-08,744,74,0.0
sw100361,2026-02-09,745,75,0.01
sw100361,2026-02-10,746,76,0.25
sw100361,2026-02-11,747,77,0.18
sw100361,2026-02-12,748,78,0.06
sw100361,2026-02-13,749,79,0.12
sw100361,2026-02-14,750,80,0.02
sw100361,2026-02-15,751,81,0.01
sw100361,2026-02-16,752,82,0.01
sw100361,2026-02-17,753,83,0.26
sw100361,2026-02-18,754,84,0.06
sw100361,2026-02-19,755,85,0.18
sw100361,2026-02-20,756,86,0.03
sw100361,2026-02-21,757,87,0.03
sw100361,2026-02-22,758,88,0.01
sw100361,2026-02-23,759,89,0.01
sw100361,2026-02-24,760,90,0.15
sw100361,2026-02-25,761,91,0.13
sw100361,2026-02-26,762,92,0.16
sw100361,2026-02-27,763,93,0.04
sw100361,2026-02-28,764,94,0.03
sw100361,2026-03-01,765,95,0.0
sw100361,2026-03-02,766,96,0.01
sw100361,2026-03-03,767,97,0.08
sw100361,2026-03-04,768,98,0.08
sw100361,2026-03-05,769,99,0.14
sw100362,2025-11-26,670,0,0.01
sw100362,2025-11-27,671,1,0.02
sw100362,2025-11-28,672,2,0.01
sw100362,2025-11-29,673,3,0.02
sw100362,2025-11-30,674,4,0.0
sw100362,2025-12-01,675,5,0.0
sw100362,2025-12-02,676,6,0.15
sw100362,2025-12-03,677,7,0.08
sw100362,2025-12-04,678,8,0.09
sw100362,2025-12-05,679,9,0.03
sw100362,2025-12-06,680,10,0.03
sw100362,2025-12-07,681,11,0.0
sw100362,2025-12-08,682,12,0.0
sw100362,2025-12-09,683,13,0.16
sw100362,2025-12-10,684,14,0.02
sw100362,2025-12-11,685,15,0.03
sw100362,2025-12-12,686,16,0.02
sw100362,2025-12-13,687,17,0.0
sw100362,2025-12-14,688,18,0.01
sw100362,2025-12-15,689,19,0.0
sw100362,2025-12-16,690,20,0.11
sw100362,2025-12-17,691,21,0.01
sw100362,2025-12-18,692,22,0.0
sw100362,2025-12-19,693,23,0.0
sw100362,2025-12-20,694,24,0.0
sw100362,2025-12-21,695,25,0.0
sw100362,2025-12-22,696,26,0.0
sw100362,2025-12-23,697,27,0.01
sw100362,2025-12-24,698,28,0.0
sw100362,2025-12-25,699,29,0.0
sw100362,2025-12-26,700,30,0.01
sw100362,2025-12-27,701,31,0.0
sw100362,2025-12-28,702,32,0.0
sw100362,2025-12-29,703,33,0.0
sw100362,2025-12-30,704,34,0.01
sw100362,2025-12-31,705,35,0.0
sw100362,2026-01-01,706,36,0.0
sw100362,2026-01-02,707,37,0.0
sw100362,2026-01-03,708,38,0.0
sw100362,2026-01-04,709,39,0.0
sw100362,2026-01-05,710,40,0.0
sw100362,2026-01-06,711,41,0.07
sw100362,2026-01-07,712,42,0.05
sw100362,2026-01-08,713,43,0.01
sw100362,2026-01-09,714,44,0.02
sw100362,2026-01-10,715,45,0.02
sw100362,2026-01-11,716,46,0.0
sw100362,2026-01-12,717,47,0.0
sw100362,2026-01-13,718,48,0.25
sw100362,2026-01-14,719,49,0.22
sw100362,2026-01-15,720,50,0.12
sw100362,2026-01-16,721,51,0.08
sw100362,2026-01-17,722,52,0.0
sw100362,2026-01-18,723,53,0.0
sw100362,2026-01-19,724,54,0.0
sw100362,2026-01-20,725,55,0.37
sw100362,2026-01-21,726,56,0.23
sw100362,2026-01-22,727,57,0.2
sw100362,2026-01-23,728,58,0.04
sw100362,2026-01-24,729,59,0.03
sw100362,2026-01-25,730,60,0.02
sw100362,2026-01-26,731,61,0.0
sw100362,2026-01-27,732,62,0.38
sw100362,2026-01-28,733,63,0.2
sw100362,2026-01-29,734,64,0.04
sw100362,2026-01-30,735,65,0.08
sw100362,2026-01-31,736,66,0.05
sw100362,2026-02-01,737,67,0.01
sw100362,2026-02-02,738,68,0.0
sw100362,2026-02-03,739,69,0.13
sw100362,2026-02-04,740,70,0.13
sw100362,2026-02-05,741,71,0.1
sw100362,2026-02-06,742,72,0.1
sw100362,2026-02-07,743,73,0.03
sw100362,2026-02-08,744,74,0.01
sw100362,2026-02-09,745,75,0.01
sw100362,2026-02-10,746,76,0.78
sw100362,2026-02-11,747,77,0.48
sw100362,2026-02-12,748,78,0.44
sw100362,2026-02-13,749,79,0.73
sw100362,2026-02-14,750,80,0.26
sw100362,2026-02-15,751,81,0.0
sw100362,2026-02-16,752,82,0.0
sw100362,2026-02-17,753,83,1.49
sw100362,2026-02-18,754,84,0.82
sw100362,2026-02-19,755,85,0.76
sw100362,2026-02-20,756,86,0.39
sw100362,2026-02-21,757,87,0.43
sw100362,2026-02-22,758,88,0.03
sw100362,2026-02-23,759,89,0.01
sw100362,2026-02-24,760,90,2.08
sw100362,2026-02-25,761,91,0.49
sw100362,2026-02-26,762,92,0.92
sw100362,2026-02-27,763,93,0.71
sw100362,2026-02-28,764,94,0.31
sw100362,2026-03-01,765,95,0.03
sw100362,2026-03-02,766,96,0.0
sw100362,2026-03-03,767,97,0.51
sw100362,2026-03-04,768,98,0.53
sw100362,2026-03-05,769,99,0.68
sw10037,2025-11-26,670,0,0.01
sw10037,2025-11-27,671,1,0.05
sw10037,2025-11-28,672,2,0.05
sw10037,2025-11-29,673,3,0.02
sw10037,2025-11-30,674,4,0.0
sw10037,2025-12-01,675,5,0.01
sw10037,2025-12-02,676,6,0.85
sw10037,2025-12-03,677,7,0.34
sw10037,2025-12-04,678,8,0.43
sw10037,2025-12-05,679,9,0.26
sw10037,2025-12-06,680,10,0.07
sw10037,2025-12-07,681,11,0.0
sw10037,2025-12-08,682,12,0.02
sw10037,2025-12-09,683,13,0.72
sw10037,2025-12-10,684,14,0.15
sw10037,2025-12-11,685,15,0.18
sw10037,2025-12-12,686,16,0.14
sw10037,2025-12-13,687,17,0.08
sw10037,2025-12-14,688,18,0.0
sw10037,2025-12-15,689,19,0.0
sw10037,2025-12-16,690,20,1.24
sw10037,2025-12-17,691,21,0.37
sw10037,2025-12-18,692,22,0.26
sw10037,2025-12-19,693,23,0.14
sw10037,2025-12-20,694,24,0.02
sw10037,2025-12-21,695,25,0.01
sw10037,2025-12-22,696,26,0.0
sw10037,2025-12-23,697,27,0.71
sw10037,2025-12-24,698,28,0.19
sw10037,2025-12-25,699,29,0.07
sw10037,2025-12-26,700,30,0.02
sw10037,2025-12-27,701,31,0.01
sw10037,2025-12-28,702,32,0.0
sw10037,2025-12-29,703,33,0.0
sw10037,2025-12-30,704,34,0.78
sw10037,2025-12-31,705,35,0.2
sw10037,2026-01-01,706,36,0.02
sw10037,2026-01-02,707,37,0.0
sw10037,2026-01-03,708,38,0.01
sw10037,2026-01-04,709,39,0.01
sw10037,2026-01-05,710,40,0.0
sw10037,2026-01-06,711,41,0.49
sw10037,2026-01-07,712,42,0.1
sw10037,2026-01-08,713,43,0.04
sw10037,2026-01-09,714,44,0.03
sw10037,2026-01-10,715,45,0.02
sw10037,2026-01-11,716,46,0.02
sw10037,2026-01-12,717,47,0.0
sw10037,2026-01-13,718,48,0.21
sw10037,2026-01-14,719,49,0.05
sw10037,2026-01-15,720,50,0.03
sw10037,2026-01-16,721,51,0.03
sw10037,2026-01-17,722,52,0.03
sw10037,2026-01-18,723,53,0.02
sw10037,2026-01-19,724,54,0.01
sw10037,2026-01-20,725,55,0.39
sw10037,2026-01-21,726,56,0.05
sw10037,2026-01-22,727,57,0.07
sw10037,2026-01-23,728,58,0.03
sw10037,2026-01-24,729,59,0.02
sw10037,2026-01-25,730,60,0.0
sw10037,2026-01-26,731,61,0.0
sw10037,2026-01-27,732,62,0.2
sw10037,2026-01-28,733,63,0.05
sw10037,2026-01-29,734,64,0.06
sw10037,2026-01-30,735,65,0.07
sw10037,2026-01-31,736,66,0.01
sw10037,2026-02-01,737,67,0.01
sw10037,2026-02-02,738,68,0.0
sw10037,2026-02-03,739,69,0.06
sw10037,2026-02-04,740,70,0.02
sw10037,2026-02-05,741,71,0.01
sw10037,2026-02-06,742,72,0.01
sw10037,2026-02-07,743,73,0.0
sw10037,2026-02-08,744,74,0.01
sw10037,2026-02-09,745,75,0.01
sw10037,2026-02-10,746,76,0.39
sw10037,2026-02-11,747,77,0.11
sw10037,2026-02-12,748,78,0.09
sw10037,2026-02-13,749,79,0.09
sw10037,2026-02-14,750,80,0.08
sw10037,2026-02-15,751,81,0.02
sw10037,2026-02-16,752,82,0.07
sw10037,2026-02-17,753,83,1.39
sw10037,2026-02-18,754,84,1.05
sw10037,2026-02-19,755,85,1.1
sw10037,2026-02-20,756,86,0.55
sw10037,2026-02-21,757,87,0.26
sw10037,2026-02-22,758,88,0.1
sw10037,2026-02-23,759,89,0.02
sw10037,2026-02-24,760,90,1.77
sw10037,2026-02-25,761,91,2.79
sw10037,2026-02-26,762,92,0.73
sw10037,2026-02-27,763,93,1.19
sw10037,2026-02-28,764,94,0.52
sw10037,2026-03-01,765,95,0.03
sw10037,2026-03-02,766,96,0.01
sw10037,2026-03-03,767,97,2.17
sw10037,2026-03-04,768,98,2.32
sw10037,2026-03-05,769,99,0.87
sw100371,2025-11-26,670,0,0.0
sw100371,2025-11-27,671,1,0.01
sw100371,2025-11-28,672,2,0.0
sw100371,2025-11-29,673,3,0.0
sw100371,2025-11-30,674,4,0.0
sw100371,2025-12-01,675,5,0.0
sw100371,2025-12-02,676,6,0.0
sw100371,2025-12-03,677,7,0.0
sw100371,2025-12-04,678,8,0.0
sw100371,2025-12-05,679,9,0.0
sw100371,2025-12-06,680,10,0.04
sw100371,2025-12-07,681,11,0.01
sw100371,2025-12-08,682,12,0.0
sw100371,2025-12-09,683,13,0.02
sw100371,2025-12-10,684,14,0.04
sw100371,2025-12-11,685,15,0.04
sw100371,2025-12-12,686,16,0.02
sw100371,2025-12-13,687,17,0.0
sw100371,2025-12-14,688,18,0.01
sw100371,2025-12-15,689,19,0.0
sw100371,2025-12-16,690,20,0.01
sw100371,2025-12-17,691,21,0.0
sw100371,2025-12-18,692,22,0.01
sw100371,2025-12-19,693,23,0.0
sw100371,2025-12-20,694,24,0.0
sw100371,2025-12-21,695,25,0.0
sw100371,2025-12-22,696,26,0.0
sw100371,2025-12-23,697,27,0.01
sw100371,2025-12-24,698,28,0.01
sw100371,2025-12-25,699,29,0.0
sw100371,2025-12-26,700,30,0.0
sw100371,2025-12-27,701,31,0.0
sw100371,2025-12-28,702,32,0.0
sw100371,2025-12-29,703,33,0.01
sw100371,2025-12-30,704,34,0.0
sw100371,2025-12-31,705,35,0.0
sw100371,2026-01-01,706,36,0.03
sw100371,2026-01-02,707,37,0.01
sw100371,2026-01-03,708,38,0.01
sw100371,2026-01-04,709,39,0.0
sw100371,2026-01-05,710,40,0.0
sw100371,2026-01-06,711,41,0.1
sw100371,2026-01-07,712,42,0.04
sw100371,2026-01-08,713,43,0.07
sw100371,2026-01-09,714,44,0.05
sw100371,2026-01-10,715,45,0.03
sw100371,2026-01-11,716,46,0.0
sw100371,2026-01-12,717,47,0.01
sw100371,2026-01-13,718,48,0.18
sw100371,2026-01-14,719,49,0.04
sw100371,2026-01-15,720,50,0.08
sw100371,2026-01-16,721,51,0.13
sw100371,2026-01-17,722,52,0.01
sw100371,2026-01-18,723,53,0.03
sw100371,2026-01-19,724,54,0.0
sw100371,2026-01-20,725,55,0.19
sw100371,2026-01-21,726,56,0.11
sw100371,2026-01-22,727,57,0.05
sw100371,2026-01-23,728,58,0.1
sw100371,2026-01-24,729,59,0.0
sw100371,2026-01-25,730,60,0.03
sw100371,2026-01-26,731,61,0.02
sw100371,2026-01-27,732,62,0.19
sw100371,2026-01-28,733,63,0.09
sw100371,2026-01-29,734,64,0.07
sw100371,2026-01-30,735,65,0.08
sw100371,2026-01-31,736,66,0.03
sw100371,2026-02-01,737,67,0.0
sw100371,2026-02-02,738,68,0.0
sw100371,2026-02-03,739,69,0.06
sw100371,2026-02-04,740,70,0.0
sw100371,2026-02-05,741,71,0.03
sw100371,2026-02-06,742,72,0.01
sw100371,2026-02-07,743,73,0.02
sw100371,2026-02-08,744,74,0.0
sw100371,2026-02-09,745,75,0.01
sw100371,2026-02-10,746,76,0.06
sw100371,2026-02-11,747,77,0.04
sw100371,2026-02-12,748,78,0.04
sw100371,2026-02-13,749,79,0.02
sw100371,2026-02-14,750,80,0.02
sw100371,2026-02-15,751,81,0.0
sw100371,2026-02-16,752,82,0.0
sw100371,2026-02-17,753,83,0.03
sw100371,2026-02-18,754,84,0.04
sw100371,2026-02-19,755,85,0.02
sw100371,2026-02-20,756,86,0.02
sw100371,2026-02-21,757,87,0.03
sw100371,2026-02-22,758,88,0.0
sw100371,2026-02-23,759,89,0.0
sw100371,2026-02-24,760,90,0.05
sw100371,2026-02-25,761,91,0.01
sw100371,2026-02-26,762,92,0.03
sw100371,2026-02-27,763,93,0.0
sw100371,2026-02-28,764,94,0.02
sw100371,2026-03-01,765,95,0.0
sw100371,2026-03-02,766,96,0.01
sw100371,2026-03-03,767,97,0.04
sw100371,2026-03-04,768,98,0.03
sw100371,2026-03-05,769,99,0.04
sw100372,2025-11-26,670,0,0.38
sw100372,2025-11-27,671,1,0.54
sw100372,2025-11-28,672,2,0.48
sw100372,2025-11-29,673,3,0.49
sw100372,2025-11-30,674,4,0.06
sw100372,2025-12-01,675,5,0.03
sw100372,2025-12-02,676,6,0.9
sw100372,2025-12-03,677,7,0.36
sw100372,2025-12-04,678,8,0.08
sw100372,2025-12-05,679,9,0.33
sw100372,2025-12-06,680,10,0.0
sw100372,2025-12-07,681,11,0.0
sw100372,2025-12-08,682,12,0.0
sw100372,2025-12-09,683,13,0.39
sw100372,2025-12-10,684,14,0.08
sw100372,2025-12-11,685,15,0.03
sw100372,2025-12-12,686,16,0.05
sw100372,2025-12-13,687,17,0.02
sw100372,2025-12-14,688,18,0.0
sw100372,2025-12-15,689,19,0.0
sw100372,2025-12-16,690,20,0.23
sw100372,2025-12-17,691,21,0.15
sw100372,2025-12-18,692,22,0.11
sw100372,2025-12-19,693,23,0.02
sw100372,2025-12-20,694,24,0.0
sw100372,2025-12-21,695,25,0.01
sw100372,2025-12-22,696,26,0.0
sw100372,2025-12-23,697,27,0.1
sw100372,2025-12-24,698,28,0.02
sw100372,2025-12-25,699,29,0.03
sw100372,2025-12-26,700,30,0.0
sw100372,2025-12-27,701,31,0.01
sw100372,2025-12-28,702,32,0.0
sw100372,2025-12-29,703,33,0.0
sw100372,2025-12-30,704,34,0.13
sw100372,2025-12-31,705,35,0.03
sw100372,2026-01-01,706,36,0.01
sw100372,2026-01-02,707,37,0.0
sw100372,2026-01-03,708,38,0.0
sw100372,2026-01-04,709,39,0.0
sw100372,2026-01-05,710,40,0.0
sw100372,2026-01-06,711,41,0.44
sw100372,2026-01-07,712,42,0.1
sw100372,2026-01-08,713,43,0.05
sw100372,2026-01-09,714,44,0.02
sw100372,2026-01-10,715,45,0.01
sw100372,2026-01-11,716,46,0.0
sw100372,2026-01-12,717,47,0.0
sw100372,2026-01-13,718,48,0.55
sw100372,2026-01-14,719,49,0.15
sw100372,2026-01-15,720,50,0.08
sw100372,2026-01-16,721,51,0.04
sw100372,2026-01-17,722,52,0.08
sw100372,2026-01-18,723,53,0.02
sw100372,2026-01-19,724,54,0.0
sw100372,2026-01-20,725,55,0.54
sw100372,2026-01-21,726,56,0.14
sw100372,2026-01-22,727,57,0.03
sw100372,2026-01-23,728,58,0.09
sw100372,2026-01-24,729,59,0.02
sw100372,2026-01-25,730,60,0.0
sw100372,2026-01-26,731,61,0.0
sw100372,2026-01-27,732,62,0.52
sw100372,2026-01-28,733,63,0.27
sw100372,2026-01-29,734,64,0.24
sw100372,2026-01-30,735,65,0.06
sw100372,2026-01-31,736,66,0.04
sw100372,2026-02-01,737,67,0.0
sw100372,2026-02-02,738,68,0.0
sw100372,2026-02-03,739,69,0.34
sw100372,2026-02-04,740,70,0.1
sw100372,2026-02-05,741,71,0.24
sw100372,2026-02-06,742,72,0.37
sw100372,2026-02-07,743,73,0.16
sw100372,2026-02-08,744,74,0.02
sw100372,2026-02-09,745,75,0.02
sw100372,2026-02-10,746,76,0.67
sw100372,2026-02-11,747,77,0.35
sw100372,2026-02-12,748,78,0.56
sw100372,2026-02-13,749,79,0.24
sw100372,2026-02-14,750,80,0.27
sw100372,2026-02-15,751,81,0.05
sw100372,2026-02-16,752,82,0.01
sw100372,2026-02-17,753,83,0.61
sw100372,2026-02-18,754,84,0.51
sw100372,2026-02-19,755,85,0.59
sw100372,2026-02-20,756,86,0.66
sw100372,2026-02-21,757,87,0.32
sw100372,2026-02-22,758,88,0.03
sw100372,2026-02-23,759,89,0.03
sw100372,2026-02-24,760,90,1.32
sw100372,2026-02-25,761,91,0.39
sw100372,2026-02-26,762,92,0.54
sw100372,2026-02-27,763,93,0.44
sw100372,2026-02-28,764,94,0.39
sw100372,2026-03-01,765,95,0.09
sw100372,2026-03-02,766,96,0.03
sw100372,2026-03-03,767,97,0.96
sw100372,2026-03-04,768,98,0.18
sw100372,2026-03-05,769,99,0.55
sw10038,2025-11-26,670,0,0.0
sw10038,2025-11-27,671,1,0.0
sw10038,2025-11-28,672,2,0.0
sw10038,2025-11-29,673,3,0.0
sw10038,2025-11-30,674,4,0.0
sw10038,2025-12-01,675,5,0.0
sw10038,2025-12-02,676,6,0.0
sw10038,2025-12-03,677,7,0.01
sw10038,2025-12-04,678,8,0.0
sw10038,2025-12-05,679,9,0.0
sw10038,2025-12-06,680,10,0.0
sw10038,2025-12-07,681,11,0.0
sw10038,2025-12-08,682,12,0.0
sw10038,2025-12-09,683,13,0.0
sw10038,2025-12-10,684,14,0.0
sw10038,2025-12-11,685,15,0.0
sw10038,2025-12-12,686,16,0.01
sw10038,2025-12-13,687,17,0.02
sw10038,2025-12-14,688,18,0.0
sw10038,2025-12-15,689,19,0.0
sw10038,2025-12-16,690,20,0.0
sw10038,2025-12-17,691,21,0.0
sw10038,2025-12-18,692,22,0.0
sw10038,2025-12-19,693,23,0.0
sw10038,2025-12-20,694,24,0.0
sw10038,2025-12-21,695,25,0.0
sw10038,2025-12-22,696,26,0.0
sw10038,2025-12-23,697,27,0.0
sw10038,2025-12-24,698,28,0.0
sw10038,2025-12-25,699,29,0.0
sw10038,2025-12-26,700,30,0.0
sw10038,2025-12-27,701,31,0.0
sw10038,2025-12-28,702,32,0.0
sw10038,2025-12-29,703,33,0.0
sw10038,2025-12-30,704,34,0.0
sw10038,2025-12-31,705,35,0.0
sw10038,2026-01-01,706,36,0.0
sw10038,2026-01-02,707,37,0.0
sw10038,2026-01-03,708,38,0.0
sw10038,2026-01-04,709,39,0.0
sw10038,2026-01-05,710,40,0.0
sw10038,2026-01-06,711,41,0.01
sw10038,2026-01-07,712,42,0.0
sw10038,2026-01-08,713,43,0.0
sw10038,2026-01-09,714,44,0.0
sw10038,2026-01-10,715,45,0.0
sw10038,2026-01-11,716,46,0.0
sw10038,2026-01-12,717,47,0.0
sw10038,2026-01-13,718,48,0.0
sw10038,2026-01-14,719,49,0.0
sw10038,2026-01-15,720,50,0.0
sw10038,2026-01-16,721,51,0.0
sw10038,2026-01-17,722,52,0.0
sw10038,2026-01-18,723,53,0.0
sw10038,2026-01-19,724,54,0.0
sw10038,2026-01-20,725,55,0.0
sw10038,2026-01-21,726,56,0.0
sw10038,2026-01-22,727,57,0.0
sw10038,2026-01-23,728,58,0.0
sw10038,2026-01-24,729,59,0.0
sw10038,2026-01-25,730,60,0.0
sw10038,2026-01-26,731,61,0.0
sw10038,2026-01-27,732,62,0.0
sw10038,2026-01-28,733,63,0.0
sw10038,2026-01-29,734,64,0.0
sw10038,2026-01-30,735,65,0.0
sw10038,2026-01-31,736,66,0.0
sw10038,2026-02-01,737,67,0.0
sw10038,2026-02-02,738,68,0.0
sw10038,2026-02-03,739,69,0.0
sw10038,2026-02-04,740,70,0.0
sw10038,2026-02-05,741,71,0.0
sw10038,2026-02-06,742,72,0.0
sw10038,2026-02-07,743,73,0.0
sw10038,2026-02-08,744,74,0.0
sw10038,2026-02-09,745,75,0.0
sw10038,2026-02-10,746,76,0.0
sw10038,2026-02-11,747,77,0.0
sw10038,2026-02-12,748,78,0.0
sw10038,2026-02-13,749,79,0.0
sw10038,2026-02-14,750,80,0.0
sw10038,2026-02-15,751,81,0.01
sw10038,2026-02-16,752,82,0.0
sw10038,2026-02-17,753,83,0.0
sw10038,2026-02-18,754,84,0.0
sw10038,2026-02-19,755,85,0.0
sw10038,2026-02-20,756,86,0.0
sw10038,2026-02-21,757,87,0.0
sw10038,2026-02-22,758,88,0.0
sw10038,2026-02-23,759,89,0.0
sw10038,2026-02-24,760,90,0.0
sw10038,2026-02-25,761,91,0.0
sw10038,2026-02-26,762,92,0.0
sw10038,2026-02-27,763,93,0.0
sw10038,2026-02-28,764,94,0.01
sw10038,2026-03-01,765,95,0.01
sw10038,2026-03-02,766,96,0.0
sw10038,2026-03-03,767,97,0.0
sw10038,2026-03-04,768,98,0.0
sw10038,2026-03-05,769,99,0.0
sw100381,2025-11-26,670,0,0.0
sw100381,2025-11-27,671,1,0.0
sw100381,2025-11-28,672,2,0.0
sw100381,2025-11-29,673,3,0.0
sw100381,2025-11-30,674,4,0.0
sw100381,2025-12-01,675,5,0.0
sw100381,2025-12-02,676,6,0.02
sw100381,2025-12-03,677,7,0.0
sw100381,2025-12-04,678,8,0.0
sw100381,2025-12-05,679,9,0.0
sw100381,2025-12-06,680,10,0.01
sw100381,2025-12-07,681,11,0.01
sw100381,2025-12-08,682,12,0.0
sw100381,2025-12-09,683,13,0.0
sw100381,2025-12-10,684,14,0.0
sw100381,2025-12-11,685,15,0.0
sw100381,2025-12-12,686,16,0.0
sw100381,2025-12-13,687,17,0.0
sw100381,2025-12-14,688,18,0.0
sw100381,2025-12-15,689,19,0.0
sw100381,2025-12-16,690,20,0.0
sw100381,2025-12-17,691,21,0.0
sw100381,2025-12-18,692,22,0.0
sw100381,2025-12-19,693,23,0.0
sw100381,2025-12-20,694,24,0.0
sw100381,2025-12-21,695,25,0.01
sw100381,2025-12-22,696,26,0.0
sw100381,2025-12-23,697,27,0.0
sw100381,2025-12-24,698,28,0.0
sw100381,2025-12-25,699,29,0.0
sw100381,2025-12-26,700,30,0.0
sw100381,2025-12-27,701,31,0.0
sw100381,2025-12-28,702,32,0.0
sw100381,2025-12-29,703,33,0.0
sw100381,2025-12-30,704,34,0.0
sw100381,2025-12-31,705,35,0.0
sw100381,2026-01-01,706,36,0.0
sw100381,2026-01-02,707,37,0.0
sw100381,2026-01-03,708,38,0.01
sw100381,2026-01-04,709,39,0.0
sw100381,2026-01-05,710,40,0.0
sw100381,2026-01-06,711,41,0.0
sw100381,2026-01-07,712,42,0.0
sw100381,2026-01-08,713,43,0.0
sw100381,2026-01-09,714,44,0.0
sw100381,2026-01-10,715,45,0.0
sw100381,2026-01-11,716,46,0.0
sw100381,2026-01-12,717,47,0.0
sw100381,2026-01-13,718,48,0.0
sw100381,2026-01-14,719,49,0.0
sw100381,2026-01-15,720,50,0.0
sw100381,2026-01-16,721,51,0.0
sw100381,2026-01-17,722,52,0.0
sw100381,2026-01-18,723,53,0.0
sw100381,2026-01-19,724,54,0.0
sw100381,2026-01-20,725,55,0.0
sw100381,2026-01-21,726,56,0.0
sw100381,2026-01-22,727,57,0.0
sw100381,2026-01-23,728,58,0.0
sw100381,2026-01-24,729,59,0.0
sw100381,2026-01-25,730,60,0.0
sw100381,2026-01-26,731,61,0.0
sw100381,2026-01-27,732,62,0.01
sw100381,2026-01-28,733,63,0.0
sw100381,2026-01-29,734,64,0.0
sw100381,2026-01-30,735,65,0.0
sw100381,2026-01-31,736,66,0.0
sw100381,2026-02-01,737,67,0.0
sw100381,2026-02-02,738,68,0.0
sw100381,2026-02-03,739,69,0.0
sw100381,2026-02-04,740,70,0.0
sw100381,2026-02-05,741,71,0.0
sw100381,2026-02-06,742,72,0.0
sw100381,2026-02-07,743,73,0.0
sw100381,2026-02-08,744,74,0.0
sw100381,2026-02-09,745,75,0.0
sw100381,2026-02-10,746,76,0.01
sw100381,2026-02-11,747,77,0.0
sw100381,2026-02-12,748,78,0.0
sw100381,2026-02-13,749,79,0.0
sw100381,2026-02-14,750,80,0.0
sw100381,2026-02-15,751,81,0.0
sw100381,2026-02-16,752,82,0.0
sw100381,2026-02-17,753,83,0.0
sw100381,2026-02-18,754,84,0.0
sw100381,2026-02-19,755,85,0.0
sw100381,2026-02-20,756,86,0.0
sw100381,2026-02-21,757,87,0.0
sw100381,2026-02-22,758,88,0.0
sw100381,2026-02-23,759,89,0.0
sw100381,2026-02-24,760,90,0.01
sw100381,2026-02-25,761,91,0.0
sw100381,2026-02-26,762,92,0.0
sw100381,2026-02-27,763,93,0.0
sw100381,2026-02-28,764,94,0.0
sw100381,2026-03-01,765,95,0.0
sw100381,2026-03-02,766,96,0.0
sw100381,2026-03-03,767,97,0.0
sw100381,2026-03-04,768,98,0.0
sw100381,2026-03-05,769,99,0.0
sw100382,2025-11-26,670,0,0.0
sw100382,2025-11-27,671,1,0.0
sw100382,2025-11-28,672,2,0.0
sw100382,2025-11-29,673,3,0.0
sw100382,2025-11-30,674,4,0.0
sw100382,2025-12-01,675,5,0.0
sw100382,2025-12-02,676,6,0.0
sw100382,2025-12-03,677,7,0.0
sw100382,2025-12-04,678,8,0.02
sw100382,2025-12-05,679,9,0.0
sw100382,2025-12-06,680,10,0.0
sw100382,2025-12-07,681,11,0.0
sw100382,2025-12-08,682,12,0.0
sw100382,2025-12-09,683,13,0.0
sw100382,2025-12-10,684,14,0.0
sw100382,2025-12-11,685,15,0.0
sw100382,2025-12-12,686,16,0.0
sw100382,2025-12-13,687,17,0.0
sw100382,2025-12-14,688,18,0.0
sw100382,2025-12-15,689,19,0.0
sw100382,2025-12-16,690,20,0.0
sw100382,2025-12-17,691,21,0.0
sw100382,2025-12-18,692,22,0.0
sw100382,2025-12-19,693,23,0.0
sw100382,2025-12-20,694,24,0.0
sw100382,2025-12-21,695,25,0.0
sw100382,2025-12-22,696,26,0.0
sw100382,2025-12-23,697,27,0.0
sw100382,2025-12-24,698,28,0.0
sw100382,2025-12-25,699,29,0.0
sw100382,2025-12-26,700,30,0.0
sw100382,2025-12-27,701,31,0.0
sw100382,2025-12-28,702,32,0.0
sw100382,2025-12-29,703,33,0.0
sw100382,2025-12-30,704,34,0.0
sw100382,2025-12-31,705,35,0.0
sw100382,2026-01-01,706,36,0.02
sw100382,2026-01-02,707,37,0.0
sw100382,2026-01-03,708,38,0.0
sw100382,2026-01-04,709,39,0.0
sw100382,2026-01-05,710,40,0.0
sw100382,2026-01-06,711,41,0.0
sw100382,2026-01-07,712,42,0.0
sw100382,2026-01-08,713,43,0.0
sw100382,2026-01-09,714,44,0.0
sw100382,2026-01-10,715,45,0.0
sw100382,2026-01-11,716,46,0.0
sw100382,2026-01-12,717,47,0.0
sw100382,2026-01-13,718,48,0.0
sw100382,2026-01-14,719,49,0.0
sw100382,2026-01-15,720,50,0.0
sw100382,2026-01-16,721,51,0.0
sw100382,2026-01-17,722,52,0.0
sw100382,2026-01-18,723,53,0.0
sw100382,2026-01-19,724,54,0.0
sw100382,2026-01-20,725,55,0.0
sw100382,2026-01-21,726,56,0.0
sw100382,2026-01-22,727,57,0.0
sw100382,2026-01-23,728,58,0.0
sw100382,2026-01-24,729,59,0.0
sw100382,2026-01-25,730,60,0.0
sw100382,2026-01-26,731,61,0.0
sw100382,2026-01-27,732,62,0.0
sw100382,2026-01-28,733,63,0.0
sw100382,2026-01-29,734,64,0.0
sw100382,2026-01-30,735,65,0.0
sw100382,2026-01-31,736,66,0.0
sw100382,2026-02-01,737,67,0.0
sw100382,2026-02-02,738,68,0.0
sw100382,2026-02-03,739,69,0.0
sw100382,2026-02-04,740,70,0.0
sw100382,2026-02-05,741,71,0.0
sw100382,2026-02-06,742,72,0.0
sw100382,2026-02-07,743,73,0.0
sw100382,2026-02-08,744,74,0.0
sw100382,2026-02-09,745,75,0.0
sw100382,2026-02-10,746,76,0.0
sw100382,2026-02-11,747,77,0.0
sw100382,2026-02-12,748,78,0.0
sw100382,2026-02-13,749,79,0.0
sw100382,2026-02-14,750,80,0.0
sw100382,2026-02-15,751,81,0.0
sw100382,2026-02-16,752,82,0.0
sw100382,2026-02-17,753,83,0.0
sw100382,2026-02-18,754,84,0.0
sw100382,2026-02-19,755,85,0.0
sw100382,2026-02-20,756,86,0.0
sw100382,2026-02-21,757,87,0.0
sw100382,2026-02-22,758,88,0.0
sw100382,2026-02-23,759,89,0.0
sw100382,2026-02-24,760,90,0.0
sw100382,2026-02-25,761,91,0.0
sw100382,2026-02-26,762,92,0.0
sw100382,2026-02-27,763,93,0.0
sw100382,2026-02-28,764,94,0.0
sw100382,2026-03-01,765,95,0.0
sw100382,2026-03-02,766,96,0.0
sw100382,2026-03-03,767,97,0.0
sw100382,2026-03-04,768,98,0.01
sw100382,2026-03-05,769,99,0.0
sz11011,2025-11-26,670,0,0.0
sz11011,2025-11-27,671,1,0.0
sz11011,2025-11-28,672,2,0.0
sz11011,2025-11-29,673,3,0.0
sz11011,2025-11-30,674,4,0.0
sz11011,2025-12-01,675,5,0.0
sz11011,2025-12-02,676,6,0.0
sz11011,2025-12-03,677,7,0.0
sz11011,2025-12-04,678,8,0.0
sz11011,2025-12-05,679,9,0.0
sz11011,2025-12-06,680,10,0.0
sz11011,2025-12-07,681,11,0.0
sz11011,2025-12-08,682,12,0.0
sz11011,2025-12-09,683,13,0.0
sz11011,2025-12-10,684,14,0.0
sz11011,2025-12-11,685,15,0.0
sz11011,2025-12-12,686,16,0.0
sz11011,2025-12-13,687,17,0.0
sz11011,2025-12-14,688,18,0.0
sz11011,2025-12-15,689,19,0.0
sz11011,2025-12-16,690,20,0.0
sz11011,2025-12-17,691,21,0.0
sz11011,2025-12-18,692,22,0.0
sz11011,2025-12-19,693,23,0.0
sz11011,2025-12-20,694,24,0.0
sz11011,2025-12-21,695,25,0.0
sz11011,2025-12-22,696,26,0.0
sz11011,2025-12-23,697,27,0.0
sz11011,2025-12-24,698,28,0.0
sz11011,2025-12-25,699,29,0.0
sz11011,2025-12-26,700,30,0.0
sz11011,2025-12-27,701,31,0.0
sz11011,2025-12-28,702,32,0.0
sz11011,2025-12-29,703,33,0.0
sz11011,2025-12-30,704,34,0.0
sz11011,2025-12-31,705,35,0.0
sz11011,2026-01-01,706,36,0.0
sz11011,2026-01-02,707,37,0.0
sz11011,2026-01-03,708,38,0.0
sz11011,2026-01-04,709,39,0.0
sz11011,2026-01-05,710,40,0.0
sz11011,2026-01-06,711,41,0.0
sz11011,2026-01-07,712,42,0.0
sz11011,2026-01-08,713,43,0.0
sz11011,2026-01-09,714,44,0.0
sz11011,2026-01-10,715,45,0.0
sz11011,2026-01-11,716,46,0.0
sz11011,2026-01-12,717,47,0.0
sz11011,2026-01-13,718,48,0.0
sz11011,2026-01-14,719,49,0.0
sz11011,2026-01-15,720,50,0.0
sz11011,2026-01-16,721,51,0.0
sz11011,2026-01-17,722,52,0.0
sz11011,2026-01-18,723,53,0.0
sz11011,2026-01-19,724,54,0.0
sz11011,2026-01-20,725,55,0.0
sz11011,2026-01-21,726,56,0.0
sz11011,2026-01-22,727,57,0.0
sz11011,2026-01-23,728,58,0.0
sz11011,2026-01-24,729,59,0.0
sz11011,2026-01-25,730,60,0.0
sz11011,2026-01-26,731,61,0.0
sz11011,2026-01-27,732,62,0.0
sz11011,2026-01-28,733,63,0.0
sz11011,2026-01-29,734,64,0.0
sz11011,2026-01-30,735,65,0.0
sz11011,2026-01-31,736,66,0.0
sz11011,2026-02-01,737,67,0.0
sz11011,2026-02-02,738,68,0.0
sz11011,2026-02-03,739,69,0.0
sz11011,2026-02-04,740,70,0.0
sz11011,2026-02-05,741,71,0.0
sz11011,2026-02-06,742,72,0.0
sz11011,2026-02-07,743,73,0.0
sz11011,2026-02-08,744,74,0.0
sz11011,2026-02-09,745,75,0.0
sz11011,2026-02-10,746,76,0.0
sz11011,2026-02-11,747,77,0.0
sz11011,2026-02-12,748,78,0.0
sz11011,2026-02-13,749,79,0.0
sz11011,2026-02-14,750,80,0.0
sz11011,2026-02-15,751,81,0.0
sz11011,2026-02-16,752,82,0.0
sz11011,2026-02-17,753,83,0.0
sz11011,2026-02-18,754,84,0.0
sz11011,2026-02-19,755,85,0.0
sz11011,2026-02-20,756,86,0.0
sz11011,2026-02-21,757,87,0.0
sz11011,2026-02-22,758,88,0.0
sz11011,2026-02-23,759,89,0.0
sz11011,2026-02-24,760,90,0.0
sz11011,2026-02-25,761,91,0.0
sz11011,2026-02-26,762,92,0.0
sz11011,2026-02-27,763,93,0.0
sz11011,2026-02-28,764,94,0.0
sz11011,2026-03-01,765,95,0.0
sz11011,2026-03-02,766,96,0.0
sz11011,2026-03-03,767,97,0.0
sz11011,2026-03-04,768,98,0.0
sz11011,2026-03-05,769,99,0.0
sz11012,2025-11-26,670,0,0.0
sz11012,2025-11-27,671,1,0.0
sz11012,2025-11-28,672,2,0.0
sz11012,2025-11-29,673,3,0.0
sz11012,2025-11-30,674,4,0.0
sz11012,2025-12-01,675,5,0.0
sz11012,2025-12-02,676,6,0.0
sz11012,2025-12-03,677,7,0.0
sz11012,2025-12-04,678,8,0.0
sz11012,2025-12-05,679,9,0.0
sz11012,2025-12-06,680,10,0.0
sz11012,2025-12-07,681,11,0.0
sz11012,2025-12-08,682,12,0.0
sz11012,2025-12-09,683,13,0.0
sz11012,2025-12-10,684,14,0.0
sz11012,2025-12-11,685,15,0.01
sz11012,2025-12-12,686,16,0.0
sz11012,2025-12-13,687,17,0.0
sz11012,2025-12-14,688,18,0.0
sz11012,2025-12-15,689,19,0.0
sz11012,2025-12-16,690,20,0.0
sz11012,2025-12-17,691,21,0.0
sz11012,2025-12-18,692,22,0.0
sz11012,2025-12-19,693,23,0.0
sz11012,2025-12-20,694,24,0.0
sz11012,2025-12-21,695,25,0.0
sz11012,2025-12-22,696,26,0.0
sz11012,2025-12-23,697,27,0.0
sz11012,2025-12-24,698,28,0.0
sz11012,2025-12-25,699,29,0.01
sz11012,2025-12-26,700,30,0.0
sz11012,2025-12-27,701,31,0.0
sz11012,2025-12-28,702,32,0.0
sz11012,2025-12-29,703,33,0.0
sz11012,2025-12-30,704,34,0.0
sz11012,2025-12-31,705,35,0.0
sz11012,2026-01-01,706,36,0.0
sz11012,2026-01-02,707,37,0.0
sz11012,2026-01-03,708,38,0.0
sz11012,2026-01-04,709,39,0.0
sz11012,2026-01-05,710,40,0.0
sz11012,2026-01-06,711,41,0.0
sz11012,2026-01-07,712,42,0.0
sz11012,2026-01-08,713,43,0.0
sz11012,2026-01-09,714,44,0.0
sz11012,2026-01-10,715,45,0.0
sz11012,2026-01-11,716,46,0.0
sz11012,2026-01-12,717,47,0.0
sz11012,2026-01-13,718,48,0.0
sz11012,2026-01-14,719,49,0.0
sz11012,2026-01-15,720,50,0.0
sz11012,2026-01-16,721,51,0.0
sz11012,2026-01-17,722,52,0.0
sz11012,2026-01-18,723,53,0.0
sz11012,2026-01-19,724,54,0.0
sz11012,2026-01-20,725,55,0.0
sz11012,2026-01-21,726,56,0.0
sz11012,2026-01-22,727,57,0.01
sz11012,2026-01-23,728,58,0.0
sz11012,2026-01-24,729,59,0.0
sz11012,2026-01-25,730,60,0.0
sz11012,2026-01-26,731,61,0.0
sz11012,2026-01-27,732,62,0.0
sz11012,2026-01-28,733,63,0.0
sz11012,2026-01-29,734,64,0.0
sz11012,2026-01-30,735,65,0.01
sz11012,2026-01-31,736,66,0.0
sz11012,2026-02-01,737,67,0.0
sz11012,2026-02-02,738,68,0.0
sz11012,2026-02-03,739,69,0.0
sz11012,2026-02-04,740,70,0.0
sz11012,2026-02-05,741,71,0.0
sz11012,2026-02-06,742,72,0.0
sz11012,2026-02-07,743,73,0.0
sz11012,2026-02-08,744,74,0.0
sz11012,2026-02-09,745,75,0.0
sz11012,2026-02-10,746,76,0.0
sz11012,2026-02-11,747,77,0.0
sz11012,2026-02-12,748,78,0.0
sz11012,2026-02-13,749,79,0.0
sz11012,2026-02-14,750,80,0.0
sz11012,2026-02-15,751,81,0.0
sz11012,2026-02-16,752,82,0.0
sz11012,2026-02-17,753,83,0.0
sz11012,2026-02-18,754,84,0.0
sz11012,2026-02-19,755,85,0.0
sz11012,2026-02-20,756,86,0.0
sz11012,2026-02-21,757,87,0.0
sz11012,2026-02-22,758,88,0.0
sz11012,2026-02-23,759,89,0.0
sz11012,2026-02-24,760,90,0.0
sz11012,2026-02-25,761,91,0.0
sz11012,2026-02-26,762,92,0.0
sz11012,2026-02-27,763,93,0.0
sz11012,2026-02-28,764,94,0.0
sz11012,2026-03-01,765,95,0.0
sz11012,2026-03-02,766,96,0.0
sz11012,2026-03-03,767,97,0.0
sz11012,2026-03-04,768,98,0.0
sz11012,2026-03-05,769,99,0.0
sz11021,2025-11-26,670,0,0.0
sz11021,2025-11-27,671,1,0.0
sz11021,2025-11-28,672,2,0.0
sz11021,2025-11-29,673,3,0.0
sz11021,2025-11-30,674,4,0.0
sz11021,2025-12-01,675,5,0.0
sz11021,2025-12-02,676,6,0.0
sz11021,2025-12-03,677,7,0.0
sz11021,2025-12-04,678,8,0.0
sz11021,2025-12-05,679,9,0.0
sz11021,2025-12-06,680,10,0.0
sz11021,2025-12-07,681,11,0.0
sz11021,2025-12-08,682,12,0.0
sz11021,2025-12-09,683,13,0.01
sz11021,2025-12-10,684,14,0.0
sz11021,2025-12-11,685,15,0.0
sz11021,2025-12-12,686,16,0.0
sz11021,2025-12-13,687,17,0.0
sz11021,2025-12-14,688,18,0.0
sz11021,2025-12-15,689,19,0.0
sz11021,2025-12-16,690,20,0.0
sz11021,2025-12-17,691,21,0.0
sz11021,2025-12-18,692,22,0.0
sz11021,2025-12-19,693,23,0.0
sz11021,2025-12-20,694,24,0.0
sz11021,2025-12-21,695,25,0.0
sz11021,2025-12-22,696,26,0.0
sz11021,2025-12-23,697,27,0.0
sz11021,2025-12-24,698,28,0.0
sz11021,2025-12-25,699,29,0.0
sz11021,2025-12-26,700,30,0.0
sz11021,2025-12-27,701,31,0.0
sz11021,2025-12-28,702,32,0.0
sz11021,2025-12-29,703,33,0.0
sz11021,2025-12-30,704,34,0.0
sz11021,2025-12-31,705,35,0.0
sz11021,2026-01-01,706,36,0.0
sz11021,2026-01-02,707,37,0.0
sz11021,2026-01-03,708,38,0.0
sz11021,2026-01-04,709,39,0.0
sz11021,2026-01-05,710,40,0.0
sz11021,2026-01-06,711,41,0.0
sz11021,2026-01-07,712,42,0.0
sz11021,2026-01-08,713,43,0.0
sz11021,2026-01-09,714,44,0.0
sz11021,2026-01-10,715,45,0.0
sz11021,2026-01-11,716,46,0.0
sz11021,2026-01-12,717,47,0.0
sz11021,2026-01-13,718,48,0.0
sz11021,2026-01-14,719,49,0.0
sz11021,2026-01-15,720,50,0.0
sz11021,2026-01-16,721,51,0.0
sz11021,2026-01-17,722,52,0.0
sz11021,2026-01-18,723,53,0.0
sz11021,2026-01-19,724,54,0.0
sz11021,2026-01-20,725,55,0.0
sz11021,2026-01-21,726,56,0.01
sz11021,2026-01-22,727,57,0.0
sz11021,2026-01-23,728,58,0.0
sz11021,2026-01-24,729,59,0.0
sz11021,2026-01-25,730,60,0.0
sz11021,2026-01-26,731,61,0.0
sz11021,2026-01-27,732,62,0.0
sz11021,2026-01-28,733,63,0.0
sz11021,2026-01-29,734,64,0.0
sz11021,2026-01-30,735,65,0.0
sz11021,2026-01-31,736,66,0.0
sz11021,2026-02-01,737,67,0.0
sz11021,2026-02-02,738,68,0.0
sz11021,2026-02-03,739,69,0.0
sz11021,2026-02-04,740,70,0.0
sz11021,2026-02-05,741,71,0.0
sz11021,2026-02-06,742,72,0.0
sz11021,2026-02-07,743,73,0.0
sz11021,2026-02-08,744,74,0.0
sz11021,2026-02-09,745,75,0.0
sz11021,2026-02-10,746,76,0.0
sz11021,2026-02-11,747,77,0.0
sz11021,2026-02-12,748,78,0.0
sz11021,2026-02-13,749,79,0.0
sz11021,2026-02-14,750,80,0.0
sz11021,2026-02-15,751,81,0.0
sz11021,2026-02-16,752,82,0.0
sz11021,2026-02-17,753,83,0.0
sz11021,2026-02-18,754,84,0.0
sz11021,2026-02-19,755,85,0.0
sz11021,2026-02-20,756,86,0.0
sz11021,2026-02-21,757,87,0.0
sz11021,2026-02-22,758,88,0.0
sz11021,2026-02-23,759,89,0.0
sz11021,2026-02-24,760,90,0.0
sz11021,2026-02-25,761,91,0.0
sz11021,2026-02-26,762,92,0.0
sz11021,2026-02-27,763,93,0.0
sz11021,2026-02-28,764,94,0.0
sz11021,2026-03-01,765,95,0.0
sz11021,2026-03-02,766,96,0.0
sz11021,2026-03-03,767,97,0.0
sz11021,2026-03-04,768,98,0.0
sz11021,2026-03-05,769,99,0.0
sz11022,2025-11-26,670,0,0.0
sz11022,2025-11-27,671,1,0.0
sz11022,2025-11-28,672,2,0.0
sz11022,2025-11-29,673,3,0.0
sz11022,2025-11-30,674,4,0.0
sz11022,2025-12-01,675,5,0.0
sz11022,2025-12-02,676,6,0.05
sz11022,2025-12-03,677,7,0.02
sz11022,2025-12-04,678,8,0.0
sz11022,2025-12-05,679,9,0.0
sz11022,2025-12-06,680,10,0.0
sz11022,2025-12-07,681,11,0.0
sz11022,2025-12-08,682,12,0.0
sz11022,2025-12-09,683,13,0.06
sz11022,2025-12-10,684,14,0.05
sz11022,2025-12-11,685,15,0.01
sz11022,2025-12-12,686,16,0.0
sz11022,2025-12-13,687,17,0.01
sz11022,2025-12-14,688,18,0.0
sz11022,2025-12-15,689,19,0.0
sz11022,2025-12-16,690,20,0.02
sz11022,2025-12-17,691,21,0.01
sz11022,2025-12-18,692,22,0.0
sz11022,2025-12-19,693,23,0.0
sz11022,2025-12-20,694,24,0.0
sz11022,2025-12-21,695,25,0.0
sz11022,2025-12-22,696,26,0.0
sz11022,2025-12-23,697,27,0.0
sz11022,2025-12-24,698,28,0.01
sz11022,2025-12-25,699,29,0.0
sz11022,2025-12-26,700,30,0.0
sz11022,2025-12-27,701,31,0.0
sz11022,2025-12-28,702,32,0.0
sz11022,2025-12-29,703,33,0.0
sz11022,2025-12-30,704,34,0.0
sz11022,2025-12-31,705,35,0.0
sz11022,2026-01-01,706,36,0.0
sz11022,2026-01-02,707,37,0.0
sz11022,2026-01-03,708,38,0.0
sz11022,2026-01-04,709,39,0.0
sz11022,2026-01-05,710,40,0.0
sz11022,2026-01-06,711,41,0.01
sz11022,2026-01-07,712,42,0.0
sz11022,2026-01-08,713,43,0.0
sz11022,2026-01-09,714,44,0.0
sz11022,2026-01-10,715,45,0.0
sz11022,2026-01-11,716,46,0.0
sz11022,2026-01-12,717,47,0.0
sz11022,2026-01-13,718,48,0.01
sz11022,2026-01-14,719,49,0.0
sz11022,2026-01-15,720,50,0.0
sz11022,2026-01-16,721,51,0.0
sz11022,2026-01-17,722,52,0.0
sz11022,2026-01-18,723,53,0.0
sz11022,2026-01-19,724,54,0.0
sz11022,2026-01-20,725,55,0.01
sz11022,2026-01-21,726,56,0.0
sz11022,2026-01-22,727,57,0.0
sz11022,2026-01-23,728,58,0.0
sz11022,2026-01-24,729,59,0.0
sz11022,2026-01-25,730,60,0.0
sz11022,2026-01-26,731,61,0.0
sz11022,2026-01-27,732,62,0.03
sz11022,2026-01-28,733,63,0.0
sz11022,2026-01-29,734,64,0.0
sz11022,2026-01-30,735,65,0.01
sz11022,2026-01-31,736,66,0.0
sz11022,2026-02-01,737,67,0.0
sz11022,2026-02-02,738,68,0.0
sz11022,2026-02-03,739,69,0.01
sz11022,2026-02-04,740,70,0.0
sz11022,2026-02-05,741,71,0.0
sz11022,2026-02-06,742,72,0.02
sz11022,2026-02-07,743,73,0.02
sz11022,2026-02-08,744,74,0.01
sz11022,2026-02-09,745,75,0.01
sz11022,2026-02-10,746,76,0.0
sz11022,2026-02-11,747,77,0.0
sz11022,2026-02-12,748,78,0.0
sz11022,2026-02-13,749,79,0.0
sz11022,2026-02-14,750,80,0.0
sz11022,2026-02-15,751,81,0.0
sz11022,2026-02-16,752,82,0.0
sz11022,2026-02-17,753,83,0.08
sz11022,2026-02-18,754,84,0.0
sz11022,2026-02-19,755,85,0.04
sz11022,2026-02-20,756,86,0.02
sz11022,2026-02-21,757,87,0.06
sz11022,2026-02-22,758,88,0.02
sz11022,2026-02-23,759,89,0.0
sz11022,2026-02-24,760,90,0.29
sz11022,2026-02-25,761,91,0.13
sz11022,2026-02-26,762,92,0.08
sz11022,2026-02-27,763,93,0.06
sz11022,2026-02-28,764,94,0.06
sz11022,2026-03-01,765,95,0.0
sz11022,2026-03-02,766,96,0.0
sz11022,2026-03-03,767,97,0.09
sz11022,2026-03-04,768,98,0.0
sz11022,2026-03-05,769,99,0.0
sz11031,2025-11-26,670,0,0.0
sz11031,2025-11-27,671,1,0.0
sz11031,2025-11-28,672,2,0.0
sz11031,2025-11-29,673,3,0.0
sz11031,2025-11-30,674,4,0.0
sz11031,2025-12-01,675,5,0.0
sz11031,2025-12-02,676,6,0.0
sz11031,2025-12-03,677,7,0.0
sz11031,2025-12-04,678,8,0.0
sz11031,2025-12-05,679,9,0.0
sz11031,2025-12-06,680,10,0.0
sz11031,2025-12-07,681,11,0.01
sz11031,2025-12-08,682,12,0.0
sz11031,2025-12-09,683,13,0.0
sz11031,2025-12-10,684,14,0.0
sz11031,2025-12-11,685,15,0.0
sz11031,2025-12-12,686,16,0.01
sz11031,2025-12-13,687,17,0.0
sz11031,2025-12-14,688,18,0.0
sz11031,2025-12-15,689,19,0.0
sz11031,2025-12-16,690,20,0.0
sz11031,2025-12-17,691,21,0.0
sz11031,2025-12-18,692,22,0.0
sz11031,2025-12-19,693,23,0.0
sz11031,2025-12-20,694,24,0.0
sz11031,2025-12-21,695,25,0.0
sz11031,2025-12-22,696,26,0.0
sz11031,2025-12-23,697,27,0.0
sz11031,2025-12-24,698,28,0.0
sz11031,2025-12-25,699,29,0.0
sz11031,2025-12-26,700,30,0.0
sz11031,2025-12-27,701,31,0.0
sz11031,2025-12-28,702,32,0.0
sz11031,2025-12-29,703,33,0.0
sz11031,2025-12-30,704,34,0.01
sz11031,2025-12-31,705,35,0.0
sz11031,2026-01-01,706,36,0.0
sz11031,2026-01-02,707,37,0.0
sz11031,2026-01-03,708,38,0.0
sz11031,2026-01-04,709,39,0.0
sz11031,2026-01-05,710,40,0.0
sz11031,2026-01-06,711,41,0.01
sz11031,2026-01-07,712,42,0.0
sz11031,2026-01-08,713,43,0.0
sz11031,2026-01-09,714,44,0.0
sz11031,2026-01-10,715,45,0.0
sz11031,2026-01-11,716,46,0.0
sz11031,2026-01-12,717,47,0.0
sz11031,2026-01-13,718,48,0.0
sz11031,2026-01-14,719,49,0.0
sz11031,2026-01-15,720,50,0.0
sz11031,2026-01-16,721,51,0.0
sz11031,2026-01-17,722,52,0.0
sz11031,2026-01-18,723,53,0.0
sz11031,2026-01-19,724,54,0.0
sz11031,2026-01-20,725,55,0.01
sz11031,2026-01-21,726,56,0.0
sz11031,2026-01-22,727,57,0.0
sz11031,2026-01-23,728,58,0.0
sz11031,2026-01-24,729,59,0.0
sz11031,2026-01-25,730,60,0.0
sz11031,2026-01-26,731,61,0.0
sz11031,2026-01-27,732,62,0.0
sz11031,2026-01-28,733,63,0.0
sz11031,2026-01-29,734,64,0.0
sz11031,2026-01-30,735,65,0.0
sz11031,2026-01-31,736,66,0.0
sz11031,2026-02-01,737,67,0.01
sz11031,2026-02-02,738,68,0.0
sz11031,2026-02-03,739,69,0.01
sz11031,2026-02-04,740,70,0.0
sz11031,2026-02-05,741,71,0.0
sz11031,2026-02-06,742,72,0.0
sz11031,2026-02-07,743,73,0.0
sz11031,2026-02-08,744,74,0.0
sz11031,2026-02-09,745,75,0.0
sz11031,2026-02-10,746,76,0.0
sz11031,2026-02-11,747,77,0.0
sz11031,2026-02-12,748,78,0.0
sz11031,2026-02-13,749,79,0.0
sz11031,2026-02-14,750,80,0.0
sz11031,2026-02-15,751,81,0.0
sz11031,2026-02-16,752,82,0.0
sz11031,2026-02-17,753,83,0.0
sz11031,2026-02-18,754,84,0.0
sz11031,2026-02-19,755,85,0.0
sz11031,2026-02-20,756,86,0.0
sz11031,2026-02-21,757,87,0.0
sz11031,2026-02-22,758,88,0.0
sz11031,2026-02-23,759,89,0.0
sz11031,2026-02-24,760,90,0.0
sz11031,2026-02-25,761,91,0.0
sz11031,2026-02-26,762,92,0.0
sz11031,2026-02-27,763,93,0.0
sz11031,2026-02-28,764,94,0.0
sz11031,2026-03-01,765,95,0.0
sz11031,2026-03-02,766,96,0.0
sz11031,2026-03-03,767,97,0.01
sz11031,2026-03-04,768,98,0.0
sz11031,2026-03-05,769,99,0.0
sz11032,2025-11-26,670,0,0.01
sz11032,2025-11-27,671,1,0.0
sz11032,2025-11-28,672,2,0.01
sz11032,2025-11-29,673,3,0.0
sz11032,2025-11-30,674,4,0.0
sz11032,2025-12-01,675,5,0.01
sz11032,2025-12-02,676,6,0.17
sz11032,2025-12-03,677,7,0.05
sz11032,2025-12-04,678,8,0.09
sz11032,2025-12-05,679,9,0.05
sz11032,2025-12-06,680,10,0.01
sz11032,2025-12-07,681,11,0.02
sz11032,2025-12-08,682,12,0.0
sz11032,2025-12-09,683,13,0.05
sz11032,2025-12-10,684,14,0.02
sz11032,2025-12-11,685,15,0.0
sz11032,2025-12-12,686,16,0.0
sz11032,2025-12-13,687,17,0.0
sz11032,2025-12-14,688,18,0.0
sz11032,2025-12-15,689,19,0.0
sz11032,2025-12-16,690,20,0.0
sz11032,2025-12-17,691,21,0.0
sz11032,2025-12-18,692,22,0.0
sz11032,2025-12-19,693,23,0.0
sz11032,2025-12-20,694,24,0.0
sz11032,2025-12-21,695,25,0.0
sz11032,2025-12-22,696,26,0.0
sz11032,2025-12-23,697,27,0.0
sz11032,2025-12-24,698,28,0.0
sz11032,2025-12-25,699,29,0.0
sz11032,2025-12-26,700,30,0.0
sz11032,2025-12-27,701,31,0.0
sz11032,2025-12-28,702,32,0.0
sz11032,2025-12-29,703,33,0.01
sz11032,2025-12-30,704,34,0.0
sz11032,2025-12-31,705,35,0.0
sz11032,2026-01-01,706,36,0.01
sz11032,2026-01-02,707,37,0.0
sz11032,2026-01-03,708,38,0.0
sz11032,2026-01-04,709,39,0.0
sz11032,2026-01-05,710,40,0.0
sz11032,2026-01-06,711,41,0.01
sz11032,2026-01-07,712,42,0.0
sz11032,2026-01-08,713,43,0.0
sz11032,2026-01-09,714,44,0.0
sz11032,2026-01-10,715,45,0.0
sz11032,2026-01-11,716,46,0.0
sz11032,2026-01-12,717,47,0.0
sz11032,2026-01-13,718,48,0.02
sz11032,2026-01-14,719,49,0.0
sz11032,2026-01-15,720,50,0.0
sz11032,2026-01-16,721,51,0.0
sz11032,2026-01-17,722,52,0.0
sz11032,2026-01-18,723,53,0.0
sz11032,2026-01-19,724,54,0.0
sz11032,2026-01-20,725,55,0.0
sz11032,2026-01-21,726,56,0.0
sz11032,2026-01-22,727,57,0.0
sz11032,2026-01-23,728,58,0.0
sz11032,2026-01-24,729,59,0.0
sz11032,2026-01-25,730,60,0.0
sz11032,2026-01-26,731,61,0.0
sz11032,2026-01-27,732,62,0.01
sz11032,2026-01-28,733,63,0.0
sz11032,2026-01-29,734,64,0.0
sz11032,2026-01-30,735,65,0.0
sz11032,2026-01-31,736,66,0.0
sz11032,2026-02-01,737,67,0.0
sz11032,2026-02-02,738,68,0.0
sz11032,2026-02-03,739,69,0.0
sz11032,2026-02-04,740,70,0.0
sz11032,2026-02-05,741,71,0.0
sz11032,2026-02-06,742,72,0.0
sz11032,2026-02-07,743,73,0.0
sz11032,2026-02-08,744,74,0.0
sz11032,2026-02-09,745,75,0.0
sz11032,2026-02-10,746,76,0.0
sz11032,2026-02-11,747,77,0.0
sz11032,2026-02-12,748,78,0.0
sz11032,2026-02-13,749,79,0.0
sz11032,2026-02-14,750,80,0.0
sz11032,2026-02-15,751,81,0.0
sz11032,2026-02-16,752,82,0.0
sz11032,2026-02-17,753,83,0.0
sz11032,2026-02-18,754,84,0.0
sz11032,2026-02-19,755,85,0.0
sz11032,2026-02-20,756,86,0.0
sz11032,2026-02-21,757,87,0.0
sz11032,2026-02-22,758,88,0.0
sz11032,2026-02-23,759,89,0.0
sz11032,2026-02-24,760,90,0.0
sz11032,2026-02-25,761,91,0.0
sz11032,2026-02-26,762,92,0.0
sz11032,2026-02-27,763,93,0.0
sz11032,2026-02-28,764,94,0.0
sz11032,2026-03-01,765,95,0.0
sz11032,2026-03-02,766,96,0.0
sz11032,2026-03-03,767,97,0.01
sz11032,2026-03-04,768,98,0.0
sz11032,2026-03-05,769,99,0.08
sz1103sf,2025-11-26,670,0,0.02
sz1103sf,2025-11-27,671,1,0.0
sz1103sf,2025-11-28,672,2,0.01
sz1103sf,2025-11-29,673,3,0.06
sz1103sf,2025-11-30,674,4,0.02
sz1103sf,2025-12-01,675,5,0.0
sz1103sf,2025-12-02,676,6,0.39
sz1103sf,2025-12-03,677,7,0.09
sz1103sf,2025-12-04,678,8,0.04
sz1103sf,2025-12-05,679,9,0.02
sz1103sf,2025-12-06,680,10,0.01
sz1103sf,2025-12-07,681,11,0.0
sz1103sf,2025-12-08,682,12,0.0
sz1103sf,2025-12-09,683,13,0.01
sz1103sf,2025-12-10,684,14,0.0
sz1103sf,2025-12-11,685,15,0.0
sz1103sf,2025-12-12,686,16,0.0
sz1103sf,2025-12-13,687,17,0.0
sz1103sf,2025-12-14,688,18,0.0
sz1103sf,2025-12-15,689,19,0.0
sz1103sf,2025-12-16,690,20,0.01
sz1103sf,2025-12-17,691,21,0.0
sz1103sf,2025-12-18,692,22,0.0
sz1103sf,2025-12-19,693,23,0.0
sz1103sf,2025-12-20,694,24,0.0
sz1103sf,2025-12-21,695,25,0.0
sz1103sf,2025-12-22,696,26,0.0
sz1103sf,2025-12-23,697,27,0.01
sz1103sf,2025-12-24,698,28,0.0
sz1103sf,2025-12-25,699,29,0.0
sz1103sf,2025-12-26,700,30,0.0
sz1103sf,2025-12-27,701,31,0.0
sz1103sf,2025-12-28,702,32,0.0
sz1103sf,2025-12-29,703,33,0.0
sz1103sf,2025-12-30,704,34,0.0
sz1103sf,2025-12-31,705,35,0.0
sz1103sf,2026-01-01,706,36,0.0
sz1103sf,2026-01-02,707,37,0.0
sz1103sf,2026-01-03,708,38,0.0
sz1103sf,2026-01-04,709,39,0.0
sz1103sf,2026-01-05,710,40,0.0
sz1103sf,2026-01-06,711,41,0.01
sz1103sf,2026-01-07,712,42,0.0
sz1103sf,2026-01-08,713,43,0.01
sz1103sf,2026-01-09,714,44,0.01
sz1103sf,2026-01-10,715,45,0.01
sz1103sf,2026-01-11,716,46,0.0
sz1103sf,2026-01-12,717,47,0.0
sz1103sf,2026-01-13,718,48,0.18
sz1103sf,2026-01-14,719,49,0.02
sz1103sf,2026-01-15,720,50,0.02
sz1103sf,2026-01-16,721,51,0.02
sz1103sf,2026-01-17,722,52,0.01
sz1103sf,2026-01-18,723,53,0.0
sz1103sf,2026-01-19,724,54,0.0
sz1103sf,2026-01-20,725,55,0.46
sz1103sf,2026-01-21,726,56,0.21
sz1103sf,2026-01-22,727,57,0.03
sz1103sf,2026-01-23,728,58,0.12
sz1103sf,2026-01-24,729,59,0.02
sz1103sf,2026-01-25,730,60,0.0
sz1103sf,2026-01-26,731,61,0.01
sz1103sf,2026-01-27,732,62,0.64
sz1103sf,2026-01-28,733,63,0.1
sz1103sf,2026-01-29,734,64,0.21
sz1103sf,2026-01-30,735,65,0.12
sz1103sf,2026-01-31,736,66,0.07
sz1103sf,2026-02-01,737,67,0.04
sz1103sf,2026-02-02,738,68,0.01
sz1103sf,2026-02-03,739,69,0.38
sz1103sf,2026-02-04,740,70,0.42
sz1103sf,2026-02-05,741,71,0.72
sz1103sf,2026-02-06,742,72,0.27
sz1103sf,2026-02-07,743,73,0.31
sz1103sf,2026-02-08,744,74,0.04
sz1103sf,2026-02-09,745,75,0.0
sz1103sf,2026-02-10,746,76,0.18
sz1103sf,2026-02-11,747,77,0.13
sz1103sf,2026-02-12,748,78,0.07
sz1103sf,2026-02-13,749,79,0.09
sz1103sf,2026-02-14,750,80,0.15
sz1103sf,2026-02-15,751,81,0.05
sz1103sf,2026-02-16,752,82,0.01
sz1103sf,2026-02-17,753,83,0.05
sz1103sf,2026-02-18,754,84,0.02
sz1103sf,2026-02-19,755,85,0.06
sz1103sf,2026-02-20,756,86,0.17
sz1103sf,2026-02-21,757,87,0.07
sz1103sf,2026-02-22,758,88,0.06
sz1103sf,2026-02-23,759,89,0.01
sz1103sf,2026-02-24,760,90,0.1
sz1103sf,2026-02-25,761,91,0.06
sz1103sf,2026-02-26,762,92,0.15
sz1103sf,2026-02-27,763,93,0.14
sz1103sf,2026-02-28,764,94,0.27
sz1103sf,2026-03-01,765,95,0.02
sz1103sf,2026-03-02,766,96,0.02
sz1103sf,2026-03-03,767,97,0.16
sz1103sf,2026-03-04,768,98,0.0
sz1103sf,2026-03-05,769,99,0.08
sz21011,2025-11-26,670,0,0.0
sz21011,2025-11-27,671,1,0.0
sz21011,2025-11-28,672,2,0.0
sz21011,2025-11-29,673,3,0.0
sz21011,2025-11-30,674,4,0.0
sz21011,2025-12-01,675,5,0.0
sz21011,2025-12-02,676,6,0.01
sz21011,2025-12-03,677,7,0.01
sz21011,2025-12-04,678,8,0.0
sz21011,2025-12-05,679,9,0.0
sz21011,2025-12-06,680,10,0.0
sz21011,2025-12-07,681,11,0.0
sz21011,2025-12-08,682,12,0.0
sz21011,2025-12-09,683,13,0.0
sz21011,2025-12-10,684,14,0.0
sz21011,2025-12-11,685,15,0.0
sz21011,2025-12-12,686,16,0.0
sz21011,2025-12-13,687,17,0.0
sz21011,2025-12-14,688,18,0.0
sz21011,2025-12-15,689,19,0.0
sz21011,2025-12-16,690,20,0.0
sz21011,2025-12-17,691,21,0.0
sz21011,2025-12-18,692,22,0.0
sz21011,2025-12-19,693,23,0.0
sz21011,2025-12-20,694,24,0.0
sz21011,2025-12-21,695,25,0.0
sz21011,2025-12-22,696,26,0.0
sz21011,2025-12-23,697,27,0.0
sz21011,2025-12-24,698,28,0.0
sz21011,2025-12-25,699,29,0.0
sz21011,2025-12-26,700,30,0.0
sz21011,2025-12-27,701,31,0.0
sz21011,2025-12-28,702,32,0.0
sz21011,2025-12-29,703,33,0.0
sz21011,2025-12-30,704,34,0.0
sz21011,2025-12-31,705,35,0.0
sz21011,2026-01-01,706,36,0.0
sz21011,2026-01-02,707,37,0.0
sz21011,2026-01-03,708,38,0.0
sz21011,2026-01-04,709,39,0.0
sz21011,2026-01-05,710,40,0.0
sz21011,2026-01-06,711,41,0.0
sz21011,2026-01-07,712,42,0.0
sz21011,2026-01-08,713,43,0.0
sz21011,2026-01-09,714,44,0.0
sz21011,2026-01-10,715,45,0.0
sz21011,2026-01-11,716,46,0.0
sz21011,2026-01-12,717,47,0.0
sz21011,2026-01-13,718,48,0.0
sz21011,2026-01-14,719,49,0.0
sz21011,2026-01-15,720,50,0.0
sz21011,2026-01-16,721,51,0.0
sz21011,2026-01-17,722,52,0.01
sz21011,2026-01-18,723,53,0.0
sz21011,2026-01-19,724,54,0.0
sz21011,2026-01-20,725,55,0.0
sz21011,2026-01-21,726,56,0.0
sz21011,2026-01-22,727,57,0.0
sz21011,2026-01-23,728,58,0.0
sz21011,2026-01-24,729,59,0.0
sz21011,2026-01-25,730,60,0.0
sz21011,2026-01-26,731,61,0.0
sz21011,2026-01-27,732,62,0.0
sz21011,2026-01-28,733,63,0.0
sz21011,2026-01-29,734,64,0.0
sz21011,2026-01-30,735,65,0.0
sz21011,2026-01-31,736,66,0.0
sz21011,2026-02-01,737,67,0.0
sz21011,2026-02-02,738,68,0.0
sz21011,2026-02-03,739,69,0.0
sz21011,2026-02-04,740,70,0.0
sz21011,2026-02-05,741,71,0.0
sz21011,2026-02-06,742,72,0.01
sz21011,2026-02-07,743,73,0.0
sz21011,2026-02-08,744,74,0.0
sz21011,2026-02-09,745,75,0.0
sz21011,2026-02-10,746,76,0.0
sz21011,2026-02-11,747,77,0.0
sz21011,2026-02-12,748,78,0.0
sz21011,2026-02-13,749,79,0.0
sz21011,2026-02-14,750,80,0.0
sz21011,2026-02-15,751,81,0.0
sz21011,2026-02-16,752,82,0.0
sz21011,2026-02-17,753,83,0.01
sz21011,2026-02-18,754,84,0.0
sz21011,2026-02-19,755,85,0.0
sz21011,2026-02-20,756,86,0.0
sz21011,2026-02-21,757,87,0.0
sz21011,2026-02-22,758,88,0.0
sz21011,2026-02-23,759,89,0.0
sz21011,2026-02-24,760,90,0.0
sz21011,2026-02-25,761,91,0.0
sz21011,2026-02-26,762,92,0.0
sz21011,2026-02-27,763,93,0.0
sz21011,2026-02-28,764,94,0.0
sz21011,2026-03-01,765,95,0.0
sz21011,2026-03-02,766,96,0.0
sz21011,2026-03-03,767,97,0.0
sz21011,2026-03-04,768,98,0.0
sz21011,2026-03-05,769,99,0.0
sz21012,2025-11-26,670,0,0.0
sz21012,2025-11-27,671,1,0.0
sz21012,2025-11-28,672,2,0.0
sz21012,2025-11-29,673,3,0.0
sz21012,2025-11-30,674,4,0.0
sz21012,2025-12-01,675,5,0.0
sz21012,2025-12-02,676,6,0.0
sz21012,2025-12-03,677,7,0.0
sz21012,2025-12-04,678,8,0.0
sz21012,2025-12-05,679,9,0.01
sz21012,2025-12-06,680,10,0.0
sz21012,2025-12-07,681,11,0.0
sz21012,2025-12-08,682,12,0.0
sz21012,2025-12-09,683,13,0.0
sz21012,2025-12-10,684,14,0.0
sz21012,2025-12-11,685,15,0.0
sz21012,2025-12-12,686,16,0.0
sz21012,2025-12-13,687,17,0.0
sz21012,2025-12-14,688,18,0.0
sz21012,2025-12-15,689,19,0.0
sz21012,2025-12-16,690,20,0.0
sz21012,2025-12-17,691,21,0.0
sz21012,2025-12-18,692,22,0.0
sz21012,2025-12-19,693,23,0.0
sz21012,2025-12-20,694,24,0.0
sz21012,2025-12-21,695,25,0.0
sz21012,2025-12-22,696,26,0.0
sz21012,2025-12-23,697,27,0.01
sz21012,2025-12-24,698,28,0.0
sz21012,2025-12-25,699,29,0.01
sz21012,2025-12-26,700,30,0.0
sz21012,2025-12-27,701,31,0.0
sz21012,2025-12-28,702,32,0.0
sz21012,2025-12-29,703,33,0.0
sz21012,2025-12-30,704,34,0.0
sz21012,2025-12-31,705,35,0.0
sz21012,2026-01-01,706,36,0.0
sz21012,2026-01-02,707,37,0.01
sz21012,2026-01-03,708,38,0.0
sz21012,2026-01-04,709,39,0.0
sz21012,2026-01-05,710,40,0.0
sz21012,2026-01-06,711,41,0.03
sz21012,2026-01-07,712,42,0.0
sz21012,2026-01-08,713,43,0.01
sz21012,2026-01-09,714,44,0.0
sz21012,2026-01-10,715,45,0.0
sz21012,2026-01-11,716,46,0.0
sz21012,2026-01-12,717,47,0.0
sz21012,2026-01-13,718,48,0.03
sz21012,2026-01-14,719,49,0.02
sz21012,2026-01-15,720,50,0.0
sz21012,2026-01-16,721,51,0.01
sz21012,2026-01-17,722,52,0.0
sz21012,2026-01-18,723,53,0.0
sz21012,2026-01-19,724,54,0.0
sz21012,2026-01-20,725,55,0.01
sz21012,2026-01-21,726,56,0.0
sz21012,2026-01-22,727,57,0.01
sz21012,2026-01-23,728,58,0.01
sz21012,2026-01-24,729,59,0.0
sz21012,2026-01-25,730,60,0.0
sz21012,2026-01-26,731,61,0.0
sz21012,2026-01-27,732,62,0.01
sz21012,2026-01-28,733,63,0.0
sz21012,2026-01-29,734,64,0.0
sz21012,2026-01-30,735,65,0.0
sz21012,2026-01-31,736,66,0.0
sz21012,2026-02-01,737,67,0.0
sz21012,2026-02-02,738,68,0.0
sz21012,2026-02-03,739,69,0.0
sz21012,2026-02-04,740,70,0.0
sz21012,2026-02-05,741,71,0.0
sz21012,2026-02-06,742,72,0.0
sz21012,2026-02-07,743,73,0.0
sz21012,2026-02-08,744,74,0.0
sz21012,2026-02-09,745,75,0.0
sz21012,2026-02-10,746,76,0.0
sz21012,2026-02-11,747,77,0.0
sz21012,2026-02-12,748,78,0.0
sz21012,2026-02-13,749,79,0.0
sz21012,2026-02-14,750,80,0.0
sz21012,2026-02-15,751,81,0.0
sz21012,2026-02-16,752,82,0.0
sz21012,2026-02-17,753,83,0.0
sz21012,2026-02-18,754,84,0.01
sz21012,2026-02-19,755,85,0.0
sz21012,2026-02-20,756,86,0.0
sz21012,2026-02-21,757,87,0.0
sz21012,2026-02-22,758,88,0.0
sz21012,2026-02-23,759,89,0.0
sz21012,2026-02-24,760,90,0.0
sz21012,2026-02-25,761,91,0.0
sz21012,2026-02-26,762,92,0.0
sz21012,2026-02-27,763,93,0.0
sz21012,2026-02-28,764,94,0.0
sz21012,2026-03-01,765,95,0.0
sz21012,2026-03-02,766,96,0.0
sz21012,2026-03-03,767,97,0.0
sz21012,2026-03-04,768,98,0.0
sz21012,2026-03-05,769,99,0.0
sz21022,2025-11-26,670,0,0.0
sz21022,2025-11-27,671,1,0.0
sz21022,2025-11-28,672,2,0.0
sz21022,2025-11-29,673,3,0.0
sz21022,2025-11-30,674,4,0.0
sz21022,2025-12-01,675,5,0.0
sz21022,2025-12-02,676,6,0.0
sz21022,2025-12-03,677,7,0.0
sz21022,2025-12-04,678,8,0.0
sz21022,2025-12-05,679,9,0.0
sz21022,2025-12-06,680,10,0.0
sz21022,2025-12-07,681,11,0.0
sz21022,2025-12-08,682,12,0.0
sz21022,2025-12-09,683,13,0.0
sz21022,2025-12-10,684,14,0.0
sz21022,2025-12-11,685,15,0.0
sz21022,2025-12-12,686,16,0.0
sz21022,2025-12-13,687,17,0.0
sz21022,2025-12-14,688,18,0.0
sz21022,2025-12-15,689,19,0.0
sz21022,2025-12-16,690,20,0.0
sz21022,2025-12-17,691,21,0.0
sz21022,2025-12-18,692,22,0.0
sz21022,2025-12-19,693,23,0.0
sz21022,2025-12-20,694,24,0.0
sz21022,2025-12-21,695,25,0.0
sz21022,2025-12-22,696,26,0.0
sz21022,2025-12-23,697,27,0.0
sz21022,2025-12-24,698,28,0.0
sz21022,2025-12-25,699,29,0.0
sz21022,2025-12-26,700,30,0.0
sz21022,2025-12-27,701,31,0.0
sz21022,2025-12-28,702,32,0.0
sz21022,2025-12-29,703,33,0.0
sz21022,2025-12-30,704,34,0.0
sz21022,2025-12-31,705,35,0.0
sz21022,2026-01-01,706,36,0.0
sz21022,2026-01-02,707,37,0.0
sz21022,2026-01-03,708,38,0.0
sz21022,2026-01-04,709,39,0.0
sz21022,2026-01-05,710,40,0.0
sz21022,2026-01-06,711,41,0.0
sz21022,2026-01-07,712,42,0.0
sz21022,2026-01-08,713,43,0.0
sz21022,2026-01-09,714,44,0.0
sz21022,2026-01-10,715,45,0.0
sz21022,2026-01-11,716,46,0.0
sz21022,2026-01-12,717,47,0.0
sz21022,2026-01-13,718,48,0.01
sz21022,2026-01-14,719,49,0.0
sz21022,2026-01-15,720,50,0.0
sz21022,2026-01-16,721,51,0.0
sz21022,2026-01-17,722,52,0.0
sz21022,2026-01-18,723,53,0.0
sz21022,2026-01-19,724,54,0.0
sz21022,2026-01-20,725,55,0.0
sz21022,2026-01-21,726,56,0.0
sz21022,2026-01-22,727,57,0.0
sz21022,2026-01-23,728,58,0.0
sz21022,2026-01-24,729,59,0.0
sz21022,2026-01-25,730,60,0.0
sz21022,2026-01-26,731,61,0.0
sz21022,2026-01-27,732,62,0.01
sz21022,2026-01-28,733,63,0.0
sz21022,2026-01-29,734,64,0.0
sz21022,2026-01-30,735,65,0.0
sz21022,2026-01-31,736,66,0.0
sz21022,2026-02-01,737,67,0.0
sz21022,2026-02-02,738,68,0.0
sz21022,2026-02-03,739,69,0.0
sz21022,2026-02-04,740,70,0.0
sz21022,2026-02-05,741,71,0.0
sz21022,2026-02-06,742,72,0.0
sz21022,2026-02-07,743,73,0.0
sz21022,2026-02-08,744,74,0.0
sz21022,2026-02-09,745,75,0.0
sz21022,2026-02-10,746,76,0.0
sz21022,2026-02-11,747,77,0.0
sz21022,2026-02-12,748,78,0.0
sz21022,2026-02-13,749,79,0.0
sz21022,2026-02-14,750,80,0.0
sz21022,2026-02-15,751,81,0.0
sz21022,2026-02-16,752,82,0.0
sz21022,2026-02-17,753,83,0.0
sz21022,2026-02-18,754,84,0.0
sz21022,2026-02-19,755,85,0.0
sz21022,2026-02-20,756,86,0.0
sz21022,2026-02-21,757,87,0.0
sz21022,2026-02-22,758,88,0.0
sz21022,2026-02-23,759,89,0.0
sz21022,2026-02-24,760,90,0.0
sz21022,2026-02-25,761,91,0.0
sz21022,2026-02-26,762,92,0.0
sz21022,2026-02-27,763,93,0.0
sz21022,2026-02-28,764,94,0.0
sz21022,2026-03-01,765,95,0.0
sz21022,2026-03-02,766,96,0.0
sz21022,2026-03-03,767,97,0.0
sz21022,2026-03-04,768,98,0.0
sz21022,2026-03-05,769,99,0.0
sz21031,2025-11-26,670,0,0.02
sz21031,2025-11-27,671,1,0.04
sz21031,2025-11-28,672,2,0.03
sz21031,2025-11-29,673,3,0.0
sz21031,2025-11-30,674,4,0.02
sz21031,2025-12-01,675,5,0.01
sz21031,2025-12-02,676,6,0.05
sz21031,2025-12-03,677,7,0.02
sz21031,2025-12-04,678,8,0.02
sz21031,2025-12-05,679,9,0.02
sz21031,2025-12-06,680,10,0.0
sz21031,2025-12-07,681,11,0.0
sz21031,2025-12-08,682,12,0.0
sz21031,2025-12-09,683,13,0.02
sz21031,2025-12-10,684,14,0.0
sz21031,2025-12-11,685,15,0.0
sz21031,2025-12-12,686,16,0.0
sz21031,2025-12-13,687,17,0.0
sz21031,2025-12-14,688,18,0.0
sz21031,2025-12-15,689,19,0.0
sz21031,2025-12-16,690,20,0.0
sz21031,2025-12-17,691,21,0.0
sz21031,2025-12-18,692,22,0.0
sz21031,2025-12-19,693,23,0.01
sz21031,2025-12-20,694,24,0.0
sz21031,2025-12-21,695,25,0.0
sz21031,2025-12-22,696,26,0.0
sz21031,2025-12-23,697,27,0.0
sz21031,2025-12-24,698,28,0.0
sz21031,2025-12-25,699,29,0.0
sz21031,2025-12-26,700,30,0.0
sz21031,2025-12-27,701,31,0.0
sz21031,2025-12-28,702,32,0.0
sz21031,2025-12-29,703,33,0.0
sz21031,2025-12-30,704,34,0.0
sz21031,2025-12-31,705,35,0.0
sz21031,2026-01-01,706,36,0.0
sz21031,2026-01-02,707,37,0.0
sz21031,2026-01-03,708,38,0.0
sz21031,2026-01-04,709,39,0.0
sz21031,2026-01-05,710,40,0.0
sz21031,2026-01-06,711,41,0.0
sz21031,2026-01-07,712,42,0.0
sz21031,2026-01-08,713,43,0.0
sz21031,2026-01-09,714,44,0.0
sz21031,2026-01-10,715,45,0.0
sz21031,2026-01-11,716,46,0.0
sz21031,2026-01-12,717,47,0.0
sz21031,2026-01-13,718,48,0.0
sz21031,2026-01-14,719,49,0.0
sz21031,2026-01-15,720,50,0.0
sz21031,2026-01-16,721,51,0.01
sz21031,2026-01-17,722,52,0.0
sz21031,2026-01-18,723,53,0.0
sz21031,2026-01-19,724,54,0.0
sz21031,2026-01-20,725,55,0.0
sz21031,2026-01-21,726,56,0.0
sz21031,2026-01-22,727,57,0.0
sz21031,2026-01-23,728,58,0.0
sz21031,2026-01-24,729,59,0.0
sz21031,2026-01-25,730,60,0.0
sz21031,2026-01-26,731,61,0.0
sz21031,2026-01-27,732,62,0.01
sz21031,2026-01-28,733,63,0.0
sz21031,2026-01-29,734,64,0.0
sz21031,2026-01-30,735,65,0.0
sz21031,2026-01-31,736,66,0.0
sz21031,2026-02-01,737,67,0.0
sz21031,2026-02-02,738,68,0.0
sz21031,2026-02-03,739,69,0.0
sz21031,2026-02-04,740,70,0.0
sz21031,2026-02-05,741,71,0.01
sz21031,2026-02-06,742,72,0.0
sz21031,2026-02-07,743,73,0.0
sz21031,2026-02-08,744,74,0.0
sz21031,2026-02-09,745,75,0.0
sz21031,2026-02-10,746,76,0.01
sz21031,2026-02-11,747,77,0.0
sz21031,2026-02-12,748,78,0.0
sz21031,2026-02-13,749,79,0.0
sz21031,2026-02-14,750,80,0.0
sz21031,2026-02-15,751,81,0.0
sz21031,2026-02-16,752,82,0.0
sz21031,2026-02-17,753,83,0.0
sz21031,2026-02-18,754,84,0.0
sz21031,2026-02-19,755,85,0.0
sz21031,2026-02-20,756,86,0.0
sz21031,2026-02-21,757,87,0.0
sz21031,2026-02-22,758,88,0.0
sz21031,2026-02-23,759,89,0.0
sz21031,2026-02-24,760,90,0.0
sz21031,2026-02-25,761,91,0.0
sz21031,2026-02-26,762,92,0.0
sz21031,2026-02-27,763,93,0.0
sz21031,2026-02-28,764,94,0.0
sz21031,2026-03-01,765,95,0.0
sz21031,2026-03-02,766,96,0.01
sz21031,2026-03-03,767,97,0.01
sz21031,2026-03-04,768,98,0.01
sz21031,2026-03-05,769,99,0.03
sz21032,2025-11-26,670,0,0.0
sz21032,2025-11-27,671,1,0.0
sz21032,2025-11-28,672,2,0.0
sz21032,2025-11-29,673,3,0.0
sz21032,2025-11-30,674,4,0.0
sz21032,2025-12-01,675,5,0.0
sz21032,2025-12-02,676,6,0.0
sz21032,2025-12-03,677,7,0.0
sz21032,2025-12-04,678,8,0.0
sz21032,2025-12-05,679,9,0.0
sz21032,2025-12-06,680,10,0.0
sz21032,2025-12-07,681,11,0.0
sz21032,2025-12-08,682,12,0.0
sz21032,2025-12-09,683,13,0.0
sz21032,2025-12-10,684,14,0.0
sz21032,2025-12-11,685,15,0.0
sz21032,2025-12-12,686,16,0.0
sz21032,2025-12-13,687,17,0.0
sz21032,2025-12-14,688,18,0.0
sz21032,2025-12-15,689,19,0.0
sz21032,2025-12-16,690,20,0.0
sz21032,2025-12-17,691,21,0.0
sz21032,2025-12-18,692,22,0.0
sz21032,2025-12-19,693,23,0.0
sz21032,2025-12-20,694,24,0.0
sz21032,2025-12-21,695,25,0.0
sz21032,2025-12-22,696,26,0.0
sz21032,2025-12-23,697,27,0.02
sz21032,2025-12-24,698,28,0.0
sz21032,2025-12-25,699,29,0.0
sz21032,2025-12-26,700,30,0.0
sz21032,2025-12-27,701,31,0.0
sz21032,2025-12-28,702,32,0.0
sz21032,2025-12-29,703,33,0.0
sz21032,2025-12-30,704,34,0.0
sz21032,2025-12-31,705,35,0.0
sz21032,2026-01-01,706,36,0.0
sz21032,2026-01-02,707,37,0.0
sz21032,2026-01-03,708,38,0.0
sz21032,2026-01-04,709,39,0.0
sz21032,2026-01-05,710,40,0.0
sz21032,2026-01-06,711,41,0.0
sz21032,2026-01-07,712,42,0.0
sz21032,2026-01-08,713,43,0.0
sz21032,2026-01-09,714,44,0.0
sz21032,2026-01-10,715,45,0.0
sz21032,2026-01-11,716,46,0.0
sz21032,2026-01-12,717,47,0.0
sz21032,2026-01-13,718,48,0.0
sz21032,2026-01-14,719,49,0.0
sz21032,2026-01-15,720,50,0.0
sz21032,2026-01-16,721,51,0.0
sz21032,2026-01-17,722,52,0.0
sz21032,2026-01-18,723,53,0.0
sz21032,2026-01-19,724,54,0.0
sz21032,2026-01-20,725,55,0.0
sz21032,2026-01-21,726,56,0.0
sz21032,2026-01-22,727,57,0.0
sz21032,2026-01-23,728,58,0.0
sz21032,2026-01-24,729,59,0.0
sz21032,2026-01-25,730,60,0.0
sz21032,2026-01-26,731,61,0.0
sz21032,2026-01-27,732,62,0.0
sz21032,2026-01-28,733,63,0.0
sz21032,2026-01-29,734,64,0.0
sz21032,2026-01-30,735,65,0.0
sz21032,2026-01-31,736,66,0.0
sz21032,2026-02-01,737,67,0.0
sz21032,2026-02-02,738,68,0.0
sz21032,2026-02-03,739,69,0.0
sz21032,2026-02-04,740,70,0.0
sz21032,2026-02-05,741,71,0.0
sz21032,2026-02-06,742,72,0.0
sz21032,2026-02-07,743,73,0.0
sz21032,2026-02-08,744,74,0.0
sz21032,2026-02-09,745,75,0.0
sz21032,2026-02-10,746,76,0.0
sz21032,2026-02-11,747,77,0.0
sz21032,2026-02-12,748,78,0.0
sz21032,2026-02-13,749,79,0.0
sz21032,2026-02-14,750,80,0.0
sz21032,2026-02-15,751,81,0.0
sz21032,2026-02-16,752,82,0.0
sz21032,2026-02-17,753,83,0.02
sz21032,2026-02-18,754,84,0.0
sz21032,2026-02-19,755,85,0.0
sz21032,2026-02-20,756,86,0.0
sz21032,2026-02-21,757,87,0.0
sz21032,2026-02-22,758,88,0.0
sz21032,2026-02-23,759,89,0.0
sz21032,2026-02-24,760,90,0.0
sz21032,2026-02-25,761,91,0.0
sz21032,2026-02-26,762,92,0.0
sz21032,2026-02-27,763,93,0.0
sz21032,2026-02-28,764,94,0.0
sz21032,2026-03-01,765,95,0.0
sz21032,2026-03-02,766,96,0.0
sz21032,2026-03-03,767,97,0.01
sz21032,2026-03-04,768,98,0.0
sz21032,2026-03-05,769,99,0.0
